4.21839, 3.35976, -0.31625, -0.0418107, -0.0513685, 0.362911, 0.929467
4.29069, 3.41347, -0.300713, -0.0377289, -0.051456, 0.36544, 0.928645
4.37092, 3.44837, -0.37141, -0.0365732, -0.044479, 0.36679, 0.92852
4.45017, 3.48104, -0.390991, -0.0326538, -0.0411682, 0.367786, 0.928425
4.55143, 3.48491, -0.365058, -0.0307042, -0.0414902, 0.366046, 0.929164
4.64662, 3.49169, -0.412465, -0.0344154, -0.0366551, 0.365616, 0.929407
4.75677, 3.48701, -0.340701, -0.0330879, -0.0412193, 0.363494, 0.930096
4.85097, 3.50438, -0.272484, -0.0371146, -0.047903, 0.363962, 0.92944
4.97936, 3.46784, -0.291813, -0.0316849, -0.0445733, 0.35946, 0.931557
5.05293, 3.50832, -0.344679, -0.0336547, -0.040497, 0.362513, 0.93049
5.12735, 3.54535, -0.394801, -0.0320907, -0.0353548, 0.364921, 0.929814
5.19293, 3.6047, -0.324425, -0.0343728, -0.04048, 0.368633, 0.928057
5.26388, 3.65875, -0.244913, -0.0385391, -0.0467535, 0.371363, 0.926509
5.32547, 3.72816, -0.182802, -0.0411151, -0.0517441, 0.375115, 0.924619
5.39092, 3.79154, -0.116377, -0.0380046, -0.0561405, 0.37822, 0.92323
5.42753, 3.8932, -0.205727, -0.0414585, -0.0501237, 0.385533, 0.920398
5.51252, 3.92016, -0.304026, -0.0383756, -0.0414254, 0.386558, 0.920535
5.60377, 3.93762, -0.365277, -0.0420101, -0.0366067, 0.386958, 0.920412
5.69975, 3.95216, -0.370506, -0.0431094, -0.0352573, 0.386955, 0.920415
5.7876, 3.986, -0.313196, -0.0508858, -0.0404854, 0.388378, 0.919203
5.91739, 3.95829, -0.327268, -0.0503038, -0.0389304, 0.385047, 0.920702
6.0466, 3.92714, -0.358364, -0.0459759, -0.035402, 0.381583, 0.922511
6.17896, 3.89221, -0.290616, -0.037935, -0.0378305, 0.377238, 0.924566
6.2831, 3.89993, -0.299015, -0.0375825, -0.0361449, 0.376376, 0.924998
6.38742, 3.91318, -0.235775, -0.0366345, -0.0391817, 0.37525, 0.92537
6.47083, 3.96065, -0.0974576, -0.0318251, -0.0470223, 0.376129, 0.924826
6.55105, 4.00663, -0.0166415, -0.0241985, -0.0510844, 0.377134, 0.924432
6.58898, 4.11525, -0.0326517, -0.0227973, -0.0497496, 0.383023, 0.922116
6.6297, 4.21272, -0.149786, -0.0241181, -0.0420293, 0.388554, 0.920151
6.67799, 4.29672, -0.145831, -0.0261174, -0.0415938, 0.392967, 0.91824
6.76886, 4.31624, -0.164197, -0.0269717, -0.0392592, 0.393185, 0.918225
6.84688, 4.35916, -0.0984394, -0.0305661, -0.0432719, 0.394978, 0.917162
6.937, 4.37751, -0.0419637, -0.0324385, -0.0467991, 0.395207, 0.916825
7.05834, 4.33859, -0.0291106, -0.0290367, -0.0467174, 0.391895, 0.918364
7.15376, 4.34192, -0.0246304, -0.0269578, -0.046327, 0.391271, 0.918713
7.22562, 4.39077, -0.0516277, -0.0276841, -0.0439103, 0.393399, 0.917901
7.28386, 4.46878, -0.107224, -0.0277869, -0.0395829, 0.397174, 0.916468
7.35781, 4.52029, 0.00518584, -0.0236431, -0.0447679, 0.398694, 0.915686
7.39821, 4.62202, 0.0805186, -0.0210257, -0.0486298, 0.403353, 0.91351
7.46542, 4.67697, 0.0760586, -0.0194753, -0.0482375, 0.405278, 0.912712
7.50693, 4.77051, 0.0627067, -0.0195893, -0.0474731, 0.409643, 0.910799
7.58413, 4.80933, -0.0184815, -0.0174022, -0.0419294, 0.410927, 0.910537
7.6587, 4.85188, -0.0853655, -0.017531, -0.0372952, 0.412628, 0.909967
7.74525, 4.87246, -0.0753276, -0.0182008, -0.0371181, 0.41317, 0.909715
7.78821, 4.96104, -0.0373213, -0.0252777, -0.0400152, 0.417792, 0.907309
7.89217, 4.94966, -0.0394949, -0.025537, -0.0399359, 0.416617, 0.907846
7.97528, 4.96415, -0.000445865, -0.0250258, -0.0418657, 0.416974, 0.907609
8.05619, 4.97979, -0.0116156, -0.0215717, -0.0405164, 0.417465, 0.907533
8.09559, 5.06333, -0.0342121, -0.0219378, -0.038748, 0.421728, 0.905628
8.12793, 5.15961, -0.00561845, -0.0214764, -0.0394788, 0.426426, 0.903405
8.15255, 5.26695, 0.0596914, -0.0206841, -0.0423209, 0.431483, 0.90089
8.17593, 5.37026, 0.194904, -0.0185425, -0.0490988, 0.436086, 0.898373
8.16675, 5.52959, 0.101626, -0.019641, -0.0449025, 0.443996, 0.894687
8.16931, 5.66257, 0.0963873, -0.0215896, -0.0449956, 0.450341, 0.891461
8.24382, 5.68957, 0.0325225, -0.0162719, -0.0405783, 0.451055, 0.891425
8.29054, 5.75695, 0.013623, -0.0181826, -0.0392141, 0.453978, 0.889964
8.35175, 5.80396, -0.0598598, -0.0206858, -0.0353165, 0.455995, 0.889041
8.45787, 5.77984, 0.0962779, -0.0215395, -0.0426863, 0.454059, 0.889688
8.56144, 5.7587, 0.164818, -0.0243317, -0.0462401, 0.452577, 0.890193
8.70763, 5.67013, 0.183368, -0.0160014, -0.0460285, 0.447867, 0.892771
8.75125, 5.73876, 0.146664, -0.0148886, -0.0440074, 0.451289, 0.891168
8.79842, 5.8038, 0.0798976, -0.0175982, -0.0406834, 0.454458, 0.889665
8.86252, 5.84259, 0.0814056, -0.0194341, -0.0402523, 0.456217, 0.888745
8.91108, 5.90532, 0.154497, -0.0192216, -0.0430777, 0.458982, 0.887192
8.97124, 5.94892, 0.244776, -0.0219081, -0.0472762, 0.460669, 0.886041
9.02893, 5.98945, 0.389819, -0.0178073, -0.0536593, 0.462183, 0.884981
9.1391, 5.96036, 0.346268, -0.0211362, -0.0518989, 0.460328, 0.885979
9.24823, 5.93068, 0.276459, -0.0217696, -0.0484572, 0.458604, 0.887051
9.38192, 5.85994, 0.227859, -0.0203146, -0.0454323, 0.455045, 0.889077
9.52581, 5.77003, 0.185991, -0.023669, -0.0430168, 0.450707, 0.891321
9.6679, 5.66525, 0.367365, -0.0249921, -0.0505041, 0.445609, 0.893452
9.81652, 5.55338, 0.434735, -0.0309458, -0.0534464, 0.440344, 0.895702
10.0241, 5.33532, 0.380974, -0.0320428, -0.0505955, 0.430593, 0.900557
10.1959, 5.17169, 0.299394, -0.0288612, -0.046456, 0.423525, 0.904232
10.3517, 5.02655, 0.234164, -0.0265538, -0.0429424, 0.41725, 0.907388
10.4816, 4.93242, 0.112302, -0.023372, -0.036839, 0.413262, 0.909567
10.5886, 4.88728, 0.0325009, -0.0196417, -0.0326397, 0.411218, 0.910741
10.6646, 4.90913, 0.0603122, -0.0212389, -0.0333766, 0.411827, 0.910403
10.7187, 4.96777, 0.179659, -0.0192873, -0.0383985, 0.413867, 0.909323
10.8006, 4.95767, 0.216579, -0.0155085, -0.0399874, 0.413088, 0.909681
10.8896, 4.93101, 0.162725, -0.013062, -0.0376459, 0.411686, 0.910454
11.0319, 4.77741, 0.142254, -0.010166, -0.0364529, 0.404956, 0.913553
11.198, 4.56081, 0.120271, -0.0126139, -0.0350067, 0.395725, 0.917615
11.3726, 4.30839, 0.0990455, -0.0159253, -0.0334888, 0.385201, 0.922087
11.5781, 3.93148, 0.260175, -0.0231873, -0.0392771, 0.369639, 0.928055
11.7791, 3.51855, 0.323696, -0.0309032, -0.040988, 0.352892, 0.934255
12.0093, 2.88214, 0.517976, -0.0284366, -0.0483888, 0.3274, 0.943217
12.2065, 2.24038, 0.576251, -0.0290482, -0.0499779, 0.301949, 0.95157
12.3811, 1.46958, 0.625226, -0.0322976, -0.0504951, 0.27136, 0.96061
12.5098, 0.594575, 0.668877, -0.032605, -0.050915, 0.236687, 0.969703
12.578, -0.244033, 0.686669, -0.0282331, -0.0514133, 0.203331, 0.977352
12.5858, -1.06531, 0.748394, -0.0264743, -0.0535525, 0.17025, 0.983588
12.5462, -1.83082, 0.797295, -0.0225673, -0.0562478, 0.139108, 0.988421
12.4594, -2.56409, 0.884082, -0.0218436, -0.0598479, 0.108826, 0.992017
12.2873, -3.45821, 0.868118, -0.0201221, -0.0595703, 0.0717623, 0.995438
12.0407, -4.36997, 0.798236, -0.0178666, -0.0574077, 0.0333487, 0.997634
11.668, -5.36387, 0.843647, -0.0156923, -0.0603028, -0.00964481, 0.99801
11.2065, -6.33071, 0.910212, -0.0176545, -0.0624002, -0.0530603, 0.996483
10.5966, -7.37127, 0.867137, -0.0179879, -0.060655, -0.101592, 0.992812
9.87211, -8.36738, 0.858208, -0.0179324, -0.0608294, -0.150767, 0.986533
9.07904, -9.25454, 0.924702, -0.0174462, -0.0651703, -0.197773, 0.977923
8.06905, -10.1858, 0.838387, -0.00812563, -0.0694725, -0.251117, 0.965426
7.02564, -10.9544, 0.793047, -0.00544337, -0.071631, -0.300931, 0.950936
5.9239, -11.5982, 0.748406, -0.00808231, -0.0695462, -0.349429, 0.934343
4.71238, -12.145, 0.637241, -0.0132102, -0.0610589, -0.399194, 0.914736
3.51602, -12.5391, 0.462559, -0.0110701, -0.0555572, -0.445369, 0.893553
2.39953, -12.7848, 0.232773, -0.00369614, -0.0527889, -0.486537, 0.872056
1.36827, -12.9096, -0.00868288, 0.00159449, -0.0470516, -0.523373, 0.850802
0.443447, -12.9396, -0.279036, 0.0111989, -0.0451175, -0.555678, 0.830097
-0.490448, -12.8982, -0.293231, 0.0118144, -0.0480248, -0.586968, 0.808098
-1.42302, -12.7883, -0.234416, 0.00872758, -0.0506576, -0.61743, 0.784945
-2.33008, -12.6121, -0.31669, 0.00874889, -0.0475293, -0.646923, 0.761022
-3.08544, -12.4057, -0.330697, 0.00841342, -0.0482709, -0.671386, 0.739486
-3.86407, -12.1424, -0.311861, 0.00633116, -0.0488428, -0.696254, 0.716104
-4.56683, -11.8478, -0.475675, 0.01284, -0.0508761, -0.719072, 0.692952
-5.24643, -11.51, -0.612169, 0.0174354, -0.0521492, -0.741125, 0.669111
-6.00922, -11.0645, -0.850268, 0.0260569, -0.0539834, -0.765715, 0.640381
-6.73328, -10.5694, -0.992604, 0.0279917, -0.0489975, -0.789064, 0.611714
-7.33808, -10.0879, -1.01833, 0.0266963, -0.0468928, -0.808752, 0.58567
-7.87263, -9.6016, -0.96275, 0.0227167, -0.0452974, -0.826352, 0.56087
-8.25369, -9.18407, -0.973082, 0.0209329, -0.0394398, -0.839833, 0.541006
-8.5388, -8.80848, -1.08053, 0.0238957, -0.035437, -0.850773, 0.523793
-8.76099, -8.46857, -1.19782, 0.0267317, -0.0293878, -0.859937, 0.508852
-8.8581, -8.23945, -1.34699, -0.0313969, 0.023898, 0.865471, -0.499403
-8.91662, -8.06809, -1.35656, -0.0316975, 0.0242255, 0.86962, -0.492107
-8.96832, -7.91053, -1.32203, -0.0293205, 0.0197994, 0.873451, -0.485626
-8.97687, -7.79577, -1.31602, -0.0298172, 0.021454, 0.876158, -0.480623
-8.96954, -7.70989, -1.24166, -0.0277507, 0.0250513, 0.878308, -0.476631
-9.01721, -7.53601, -1.32165, -0.0318089, 0.0276762, 0.882546, -0.468331
-9.11535, -7.29508, -1.41785, -0.0357753, 0.0286006, 0.888403, -0.456773
-9.25445, -6.99782, -1.49619, -0.0378437, 0.0248039, 0.895457, -0.442843
-9.32097, -6.80484, -1.48326, -0.0360148, 0.0196627, 0.899967, -0.434023
-9.32632, -6.69431, -1.45864, -0.0352705, 0.020954, 0.902506, -0.428719
-9.30524, -6.60055, -1.51257, -0.0381333, 0.021102, 0.90438, -0.424496
-9.27649, -6.50533, -1.59005, -0.0418082, 0.0191944, 0.9061, -0.420555
-9.24761, -6.39029, -1.72385, -0.0483434, 0.0201294, 0.908067, -0.415537
-9.19947, -6.30798, -1.81558, -0.0524447, 0.0189736, 0.909348, -0.412282
-9.16869, -6.24273, -1.74688, -0.0488015, 0.0155346, 0.910715, -0.409848
-9.08453, -6.2617, -1.64342, -0.0453114, 0.0210258, 0.910437, -0.410621
-9.04472, -6.21124, -1.54593, -0.0409168, 0.0189021, 0.911635, -0.408523
-8.97097, -6.19409, -1.50965, -0.0407668, 0.0232463, 0.912081, -0.407317
-8.88124, -6.17297, -1.59546, -0.0464653, 0.0294787, 0.912358, -0.405679
-8.82927, -6.11748, -1.59724, -0.0479067, 0.0365992, 0.913659, -0.401985
-8.83832, -5.95976, -1.6654, -0.050488, 0.0345472, 0.917106, -0.39392
-8.86668, -5.80883, -1.58108, -0.0453719, 0.0291328, 0.920684, -0.386566
-8.86743, -5.7061, -1.44694, -0.0391779, 0.0292429, 0.923157, -0.381303
-8.79783, -5.68326, -1.40992, -0.0381468, 0.0294299, 0.923536, -0.380473
-8.72554, -5.658, -1.38911, -0.0382314, 0.031567, 0.923807, -0.379634
-8.66494, -5.58005, -1.50988, -0.0440858, 0.0288414, 0.924842, -0.376684
-8.59014, -5.51691, -1.65058, -0.0504741, 0.0246715, 0.925421, -0.374752
-8.57957, -5.40043, -1.63294, -0.049542, 0.024296, 0.92765, -0.369351
-8.55256, -5.30923, -1.60697, -0.0476288, 0.020135, 0.92933, -0.365611
-8.48625, -5.28989, -1.52867, -0.0440484, 0.0194754, 0.929669, -0.365235
-8.38968, -5.31211, -1.47231, -0.0425237, 0.0230926, 0.92915, -0.366522
-8.2982, -5.30413, -1.50637, -0.0444963, 0.0213434, 0.929081, -0.366569
-8.17473, -5.36659, -1.45172, -0.0436916, 0.0295715, 0.927771, -0.369402
-8.12459, -5.28878, -1.52093, -0.0467298, 0.0268488, 0.929274, -0.36544
-8.04494, -5.25915, -1.59576, -0.0490121, 0.0180503, 0.929644, -0.364739
-7.93077, -5.3242, -1.5155, -0.0456943, 0.0206997, 0.928384, -0.368222
-7.79475, -5.40609, -1.47494, -0.0451686, 0.024325, 0.926444, -0.372921
-7.68205, -5.43806, -1.47385, -0.0461082, 0.0245938, 0.925416, -0.375332
-7.55699, -5.48066, -1.4701, -0.0476993, 0.028743, 0.924018, -0.378272
-7.44105, -5.50032, -1.49414, -0.049309, 0.0279104, 0.923024, -0.380548
-7.32447, -5.5396, -1.45725, -0.0476727, 0.0287568, 0.921735, -0.383804
-7.26023, -5.50669, -1.44573, -0.0459698, 0.0241018, 0.922219, -0.383169
-7.20201, -5.49501, -1.31973, -0.0388458, 0.0227732, 0.922561, -0.383215
-7.14006, -5.47193, -1.26958, -0.0370267, 0.0242791, 0.923001, -0.382243
-7.11358, -5.41799, -1.14698, -0.0317753, 0.0291954, 0.924504, -0.378721
-7.0806, -5.33962, -1.19849, -0.0347504, 0.0282037, 0.926321, -0.374068
-7.0201, -5.30161, -1.22068, -0.0375461, 0.0333181, 0.927146, -0.371321
-7.00417, -5.21558, -1.20653, -0.037368, 0.0361277, 0.929352, -0.365518
-6.97124, -5.15777, -1.1756, -0.0354651, 0.035804, 0.930895, -0.361795
-6.93473, -5.09887, -1.17289, -0.0357365, 0.0367403, 0.932311, -0.358008
-6.87494, -5.04976, -1.25844, -0.0407055, 0.0337124, 0.933216, -0.355408
-6.78927, -5.04152, -1.28163, -0.0425698, 0.0318071, 0.9331, -0.355669
-6.67708, -5.05922, -1.32084, -0.0460106, 0.0328585, 0.932141, -0.357655
-6.55859, -5.06814, -1.4185, -0.0514543, 0.0292464, 0.931141, -0.359823
-6.43636, -5.13695, -1.27865, -0.0430507, 0.0293343, 0.929291, -0.365657
-6.33754, -5.16057, -1.207, -0.0391151, 0.0300705, 0.928409, -0.368269
-6.28845, -5.11511, -1.20187, -0.0368227, 0.0227273, 0.929389, -0.366556
-6.20232, -5.10819, -1.22987, -0.0405417, 0.0264514, 0.929207, -0.366376
-6.14765, -5.06808, -1.24218, -0.0431864, 0.0301145, 0.930131, -0.363434
-6.05183, -5.05371, -1.36095, -0.0534603, 0.0360278, 0.929972, -0.361935
-5.98175, -5.01952, -1.41974, -0.059272, 0.0411847, 0.930637, -0.358757
-5.96302, -4.94711, -1.38876, -0.0559123, 0.0375473, 0.933019, -0.353468
-5.87329, -4.95894, -1.36659, -0.0550522, 0.0378019, 0.932814, -0.354116
-5.78698, -4.97083, -1.32575, -0.0522641, 0.0350171, 0.932682, -0.355172
-5.66964, -5.0197, -1.26084, -0.0482498, 0.0322138, 0.931481, -0.359134
-5.47538, -5.1378, -1.233, -0.0475564, 0.031134, 0.927719, -0.368926
-5.30197, -5.2211, -1.24259, -0.048766, 0.0298535, 0.924749, -0.376257
-5.0986, -5.31452, -1.31946, -0.0543904, 0.0282057, 0.920812, -0.385163
-4.97211, -5.36355, -1.2381, -0.0495303, 0.0291623, 0.919133, -0.389731
-4.88424, -5.37695, -1.14672, -0.041969, 0.0254843, 0.918833, -0.39158
-4.79123, -5.37707, -1.13696, -0.0400173, 0.0200945, 0.918615, -0.392609
-4.71083, -5.3763, -1.05468, -0.0362988, 0.02303, 0.918805, -0.392364
-4.62444, -5.36378, -1.07721, -0.0385247, 0.0220685, 0.919114, -0.391483
-4.49018, -5.39501, -1.08097, -0.040962, 0.0250418, 0.917734, -0.394283
-4.40888, -5.38337, -1.0934, -0.0412002, 0.0231902, 0.918209, -0.393265
-4.30631, -5.39677, -1.08285, -0.036733, 0.0160104, 0.917687, -0.395279
-4.17029, -5.441, -1.0464, -0.0337426, 0.0148386, 0.915776, -0.399994
-4.01875, -5.48768, -1.0346, -0.0347331, 0.0160063, 0.913367, -0.405338
-3.87926, -5.52334, -0.99633, -0.0315371, 0.0140851, 0.911293, -0.410308
-3.75102, -5.53666, -1.02271, -0.03433, 0.0140247, 0.909819, -0.413345
-3.59361, -5.56142, -1.08905, -0.0402636, 0.013974, 0.907308, -0.418302
-3.44408, -5.59178, -1.08622, -0.0392262, 0.0124606, 0.904767, -0.423913
-3.25772, -5.64905, -1.03195, -0.0395865, 0.019069, 0.9008, -0.432006
-3.15686, -5.65106, -1.00361, -0.0375278, 0.0182487, 0.899939, -0.434014
-3.11078, -5.62661, -0.94019, -0.0346071, 0.0210453, 0.901181, -0.431546
-3.08383, -5.5844, -0.945914, -0.0358566, 0.021009, 0.903391, -0.4268
-3.01983, -5.56725, -0.939254, -0.0395206, 0.0265962, 0.904242, -0.424355
-2.97144, -5.53017, -1.0298, -0.0474227, 0.025505, 0.905874, -0.420111
-2.95156, -5.4857, -1.07273, -0.047271, 0.0197483, 0.908329, -0.415107
-2.8769, -5.4828, -1.0348, -0.043992, 0.0197672, 0.908459, -0.415183
-2.81174, -5.47072, -0.999193, -0.0407863, 0.0186726, 0.908941, -0.414504
-2.73823, -5.45796, -0.969727, -0.0382445, 0.0172054, 0.909186, -0.414274
-2.66949, -5.43548, -0.968097, -0.0396064, 0.0175462, 0.909764, -0.412859
-2.57202, -5.41844, -1.01627, -0.0455756, 0.017696, 0.909408, -0.413023
-2.44532, -5.41621, -1.05986, -0.0493418, 0.0160268, 0.907891, -0.415983
-2.35848, -5.40651, -1.0436, -0.0443749, 0.0119049, 0.907593, -0.41733
-2.25702, -5.41102, -0.991685, -0.0396188, 0.0122145, 0.906664, -0.419811
-2.1861, -5.39917, -0.973633, -0.0355793, 0.00881602, 0.906922, -0.4197
-2.09999, -5.404, -0.888007, -0.0335213, 0.0157165, 0.906704, -0.42014
-2.05681, -5.38303, -0.893098, -0.0349935, 0.0158596, 0.908342, -0.416461
-2.01273, -5.37349, -0.83548, -0.0359468, 0.0238962, 0.909849, -0.412688
-2.01983, -5.33157, -0.910077, -0.0415649, 0.0209136, 0.913457, -0.404267
-1.98125, -5.31646, -0.918472, -0.0410803, 0.0193414, 0.91504, -0.4008
-1.93069, -5.31092, -0.871211, -0.03722, 0.0208485, 0.915922, -0.399082
-1.88057, -5.29691, -0.852192, -0.0365641, 0.0211866, 0.916868, -0.396947
-1.85933, -5.26678, -0.843579, -0.0353256, 0.019704, 0.918909, -0.39239
-1.83301, -5.23632, -0.832864, -0.0364022, 0.0210769, 0.920755, -0.387867
-1.79331, -5.19974, -0.89644, -0.043527, 0.0194316, 0.922227, -0.3837
-1.7094, -5.18881, -0.881796, -0.0468825, 0.0240105, 0.921852, -0.383946
-1.66128, -5.16054, -0.906558, -0.0494434, 0.0228444, 0.92277, -0.381483
-1.62984, -5.1401, -0.843157, -0.0428862, 0.0242616, 0.924048, -0.379089
-1.62675, -5.10185, -0.846071, -0.0414346, 0.0216971, 0.926475, -0.373439
-1.60036, -5.07662, -0.799462, -0.0385273, 0.023798, 0.927961, -0.369916
-1.58569, -5.04507, -0.778782, -0.0390563, 0.0260046, 0.929994, -0.364568
-1.55463, -5.01841, -0.774382, -0.0427487, 0.0292091, 0.931534, -0.35995
-1.55824, -4.97691, -0.811533, -0.0473401, 0.0288636, 0.934411, -0.351856
-1.62799, -4.90682, -0.910479, -0.0487169, 0.0186287, 0.93967, -0.338081
-1.62886, -4.87092, -0.918226, -0.0480366, 0.0171233, 0.942208, -0.331125
-1.64312, -4.83365, -0.88825, -0.0434578, 0.0169589, 0.945054, -0.323568
-1.65544, -4.79696, -0.838901, -0.0389852, 0.0186721, 0.94779, -0.315953
-1.68059, -4.74195, -0.866916, -0.0381541, 0.0135523, 0.951051, -0.306371
-1.67466, -4.69947, -0.863801, -0.0431742, 0.0171142, 0.953228, -0.298662
-1.67399, -4.64624, -0.911401, -0.0472083, 0.0143066, 0.955656, -0.290325
-1.65841, -4.60442, -0.922792, -0.0477255, 0.0136063, 0.957502, -0.284125
-1.66383, -4.56345, -0.888045, -0.0460568, 0.0164247, 0.959814, -0.276345
-1.71023, -4.50632, -0.874008, -0.0417482, 0.0146955, 0.963308, -0.264726
-1.77186, -4.44835, -0.819334, -0.0384187, 0.0186821, 0.967055, -0.250958
-1.8627, -4.37846, -0.764577, -0.0344278, 0.0223458, 0.971453, -0.233654
-1.96235, -4.28869, -0.82068, -0.0412273, 0.0202061, 0.975981, -0.212963
-2.07298, -4.19677, -0.831526, -0.0465722, 0.0239662, 0.980261, -0.190642
-2.25086, -4.05865, -0.864107, -0.0489971, 0.0232942, 0.985572, -0.160329
-2.4488, -3.89458, -0.885207, -0.0457619, 0.01945, 0.990553, -0.127796
-2.64898, -3.71544, -0.855804, -0.0404116, 0.0202858, 0.994501, -0.0944627
-2.84531, -3.50847, -0.851166, -0.0387681, 0.0200247, 0.997273, -0.0595194
-3.02961, -3.27975, -0.856808, -0.0367124, 0.0173582, 0.99888, -0.0242974
-3.17032, -3.05943, -0.873005, -0.0374096, 0.0158668, 0.999147, 0.00732986
-3.29914, -2.81742, -0.917019, -0.0381242, 0.01059, 0.998429, 0.0396741
-3.39826, -2.59012, -0.949312, -0.0406322, 0.0095196, 0.996724, 0.0692753
-3.51942, -2.30883, -0.98191, -0.0406913, 0.00517761, 0.993642, 0.104848
-3.62855, -2.02203, -0.983393, -0.0405158, 0.00585934, 0.989152, 0.141079
-3.72389, -1.71366, -0.9973, -0.040842, 0.00462989, 0.983009, 0.178895
-3.80025, -1.37041, -1.03356, -0.0431098, 0.000857318, 0.974579, 0.219858
-3.85119, -1.01911, -1.04676, -0.0441071, 0.000148141, 0.964199, 0.261485
-3.85973, -0.672604, -1.09908, -0.0494797, -0.00281989, 0.952082, 0.301801
-3.83579, -0.325159, -1.15884, -0.0573495, -0.00256181, 0.937758, 0.342512
-3.78262, 0.100603, -1.21966, -0.0628747, -0.00731598, 0.918084, 0.391299
-3.68964, 0.523856, -1.257, -0.0672002, -0.00862044, 0.895415, 0.440047
-3.5719, 0.922862, -1.235, -0.0641017, -0.00889372, 0.871902, 0.485386
-3.41213, 1.32931, -1.19323, -0.0594726, -0.00822716, 0.844668, 0.531913
-3.21232, 1.71078, -1.14441, -0.053258, -0.0172138, 0.816867, 0.574105
-3.0107, 2.01398, -1.08663, -0.0474862, -0.0177661, 0.791922, 0.608513
-2.79142, 2.29291, -1.01484, -0.0392495, -0.0193621, 0.767089, 0.640046
-2.5663, 2.51435, -1.0077, -0.0393833, -0.0193383, 0.744426, 0.666261
-2.32239, 2.7335, -0.959684, -0.0338956, -0.0216257, 0.719797, 0.693019
-2.06657, 2.92128, -0.930766, -0.0313339, -0.0219855, 0.694846, 0.71814
-1.82282, 3.07374, -0.876753, -0.0242247, -0.0175977, 0.671312, 0.74057
-1.58989, 3.18537, -0.857831, -0.0222631, -0.0145665, 0.650583, 0.758969
-1.35728, 3.27002, -0.859951, -0.023466, -0.0120719, 0.630717, 0.775564
-1.12151, 3.34354, -0.825586, -0.0219852, -0.0182047, 0.611301, 0.790883
-0.911299, 3.38213, -0.85227, -0.0278126, -0.0210109, 0.595581, 0.802539
-0.674583, 3.42336, -0.846399, -0.0303602, -0.028898, 0.576649, 0.815916
-0.43722, 3.45855, -0.80544, -0.0255281, -0.0307306, 0.555842, 0.830327
-0.221055, 3.47834, -0.788525, -0.0249902, -0.031773, 0.537688, 0.842174
-0.0214944, 3.488, -0.792202, -0.0274528, -0.0302245, 0.521489, 0.852281
0.158589, 3.49871, -0.762255, -0.0231854, -0.0265394, 0.506964, 0.861246
0.322273, 3.50807, -0.737114, -0.020978, -0.0258797, 0.495002, 0.868253
0.474639, 3.51931, -0.70283, -0.0186302, -0.0288981, 0.484845, 0.873924
0.622649, 3.52896, -0.662003, -0.0148115, -0.0330771, 0.474974, 0.879253
0.776632, 3.5359, -0.595252, -0.00738724, -0.0384688, 0.463707, 0.885122
0.899803, 3.53439, -0.610059, -0.00804399, -0.0355088, 0.456344, 0.889058
1.01975, 3.5313, -0.609493, -0.00628871, -0.0324208, 0.449325, 0.892758
1.13899, 3.52344, -0.621276, -0.0108177, -0.0323353, 0.44352, 0.895616
1.27299, 3.50761, -0.623484, -0.0132714, -0.0317879, 0.435978, 0.899298
1.42095, 3.48545, -0.588522, -0.0148568, -0.0380382, 0.427442, 0.90312
1.57359, 3.45352, -0.569567, -0.0160311, -0.0417499, 0.418091, 0.907304
1.72976, 3.41247, -0.564807, -0.0144534, -0.0403543, 0.407466, 0.912214
1.84829, 3.38797, -0.543473, -0.00968953, -0.0391575, 0.401269, 0.915072
1.94564, 3.36633, -0.587801, -0.0122481, -0.0324255, 0.397547, 0.916927
2.04927, 3.34907, -0.5702, -0.0115966, -0.0325975, 0.393228, 0.91879
2.14509, 3.3404, -0.54072, -0.0108718, -0.0345703, 0.390391, 0.919935
2.24438, 3.32991, -0.54428, -0.0131641, -0.0342103, 0.387242, 0.921249
2.35294, 3.32227, -0.490119, -0.00721901, -0.0382792, 0.382567, 0.923106
2.43804, 3.32194, -0.531445, -0.0162354, -0.0379254, 0.381619, 0.923399
2.54953, 3.30202, -0.558417, -0.0209675, -0.0362893, 0.376244, 0.925572
2.67912, 3.2627, -0.587627, -0.0172725, -0.0290973, 0.367202, 0.929526
2.8257, 3.20949, -0.579308, -0.0184496, -0.0290861, 0.356605, 0.93362
2.97273, 3.14938, -0.574892, -0.0185796, -0.0280032, 0.345842, 0.937691
3.12817, 3.07904, -0.541189, -0.0199715, -0.0317521, 0.334285, 0.941725
3.2745, 3.00662, -0.554472, -0.0273399, -0.0330206, 0.323979, 0.945093
3.44359, 2.90261, -0.529374, -0.0258586, -0.0352129, 0.308636, 0.950176
3.59218, 2.80757, -0.508621, -0.022684, -0.0358558, 0.295178, 0.9545
3.72283, 2.72353, -0.514384, -0.0237191, -0.0344293, 0.283985, 0.957917
3.83664, 2.6626, -0.507486, -0.0226386, -0.033279, 0.275632, 0.96042
3.93753, 2.61884, -0.517482, -0.0202638, -0.0296835, 0.269363, 0.962368
4.03059, 2.59692, -0.482621, -0.0241118, -0.0334082, 0.265594, 0.963204
4.12061, 2.5818, -0.474282, -0.0232192, -0.0333802, 0.262046, 0.964198
4.19583, 2.596, -0.435222, -0.0270178, -0.0388008, 0.261931, 0.963928
4.28118, 2.58398, -0.441905, -0.0294807, -0.0388017, 0.25882, 0.964696
4.37773, 2.54831, -0.43897, -0.0267049, -0.0377546, 0.25288, 0.966392
4.47146, 2.51818, -0.419188, -0.019575, -0.0369165, 0.247494, 0.967988
4.56678, 2.48451, -0.443132, -0.021493, -0.0337315, 0.242583, 0.969306
4.67601, 2.42942, -0.433305, -0.020876, -0.0331571, 0.235284, 0.971137
4.78861, 2.37221, -0.396197, -0.0222283, -0.0362201, 0.228172, 0.972693
4.88855, 2.34024, -0.354157, -0.0212116, -0.0397981, 0.223715, 0.973611
5.00347, 2.27329, -0.315318, -0.0210442, -0.0431796, 0.215978, 0.975216
5.10737, 2.21902, -0.335106, -0.0140159, -0.0395134, 0.209389, 0.976933
5.18783, 2.20837, -0.399171, -0.0173751, -0.0335589, 0.207621, 0.977479
5.25842, 2.22296, -0.421139, -0.0198565, -0.0309631, 0.20779, 0.977482
5.33151, 2.2338, -0.414859, -0.0213552, -0.0308093, 0.207095, 0.977602
5.40361, 2.2585, -0.32282, -0.0215772, -0.0383036, 0.206975, 0.977358
5.46965, 2.30078, -0.236432, -0.0187536, -0.0451541, 0.208016, 0.976903
5.53502, 2.34322, -0.227583, -0.0197604, -0.0463827, 0.209339, 0.976542
5.623, 2.32893, -0.263404, -0.0175123, -0.0426941, 0.205636, 0.97754
5.71294, 2.30358, -0.341192, -0.0158831, -0.0353553, 0.201371, 0.978748
5.80535, 2.27273, -0.378998, -0.0146115, -0.0311949, 0.196745, 0.979849
5.89803, 2.24466, -0.3916, -0.0184137, -0.0298829, 0.19277, 0.980616
5.99563, 2.21155, -0.31687, -0.0175607, -0.0349327, 0.188229, 0.981347
6.09343, 2.17861, -0.227712, -0.0211702, -0.0422092, 0.184123, 0.981768
6.20208, 2.1106, -0.128709, -0.0199119, -0.0495221, 0.177112, 0.982742
6.3055, 2.05018, -0.148735, -0.0207708, -0.0477673, 0.17128, 0.983845
6.39124, 2.04215, -0.158843, -0.022722, -0.0467655, 0.169603, 0.98414
6.47784, 2.03552, -0.20135, -0.0231428, -0.0426902, 0.167992, 0.984592
6.5575, 2.05377, -0.294245, -0.0233967, -0.0347686, 0.168277, 0.984848
6.63872, 2.0805, -0.194721, -0.018062, -0.0404567, 0.168372, 0.984727
6.70125, 2.16552, -0.149634, -0.0163057, -0.0430836, 0.172914, 0.983859
6.74824, 2.29374, -0.138986, -0.0134165, -0.0435233, 0.180642, 0.982494
6.80526, 2.37708, -0.165539, -0.0098672, -0.041046, 0.18515, 0.981803
6.84537, 2.49494, -0.277148, -0.00684095, -0.0324888, 0.192453, 0.980744
6.88627, 2.60273, -0.343152, -0.00632707, -0.027168, 0.199147, 0.979572
6.94035, 2.67152, -0.421448, -0.00871391, -0.0213561, 0.203259, 0.978853
7.00062, 2.73691, -0.393458, -0.00890168, -0.0226318, 0.206983, 0.978042
7.05144, 2.83101, -0.354781, -0.0148197, -0.0260156, 0.212966, 0.976601
7.13483, 2.83598, -0.336953, -0.0158034, -0.0275034, 0.212562, 0.976633
7.21087, 2.85115, -0.30343, -0.0137307, -0.0294246, 0.212801, 0.976556
7.27934, 2.87646, -0.311893, -0.0138454, -0.0288201, 0.213784, 0.976358
7.32392, 2.96487, -0.282608, -0.0150171, -0.0304801, 0.21882, 0.975173
7.36678, 3.05891, -0.269803, -0.0151259, -0.0307109, 0.223962, 0.973996
7.39592, 3.18991, -0.189585, -0.0128129, -0.0349986, 0.231078, 0.972221
7.38757, 3.40222, -0.0935658, -0.0122962, -0.0409379, 0.243324, 0.969003
7.38636, 3.58658, -0.0530207, -0.0113869, -0.0435699, 0.253646, 0.966248
7.40957, 3.71149, -0.126023, -0.0143447, -0.0397289, 0.260219, 0.964625
7.43304, 3.82383, -0.130819, -0.0123977, -0.0389345, 0.266007, 0.963105
7.45117, 3.94227, -0.112979, -0.0131652, -0.0395995, 0.272391, 0.961281
7.48135, 4.03797, -0.150752, -0.0155231, -0.0371024, 0.277554, 0.959868
7.51592, 4.12659, -0.0414124, -0.0130638, -0.0426325, 0.282083, 0.958353
7.53196, 4.25408, -0.0833192, -0.015432, -0.0406053, 0.289446, 0.956208
7.58481, 4.30749, -0.0435224, -0.0136665, -0.0426561, 0.291982, 0.955375
7.58394, 4.44313, 0.0710831, -0.00724495, -0.0480177, 0.299682, 0.952802
7.57386, 4.59847, 0.00488972, -0.00989924, -0.0446503, 0.308756, 0.950041
7.56004, 4.76125, -0.0894329, -0.0118237, -0.0391082, 0.318142, 0.947162
7.56755, 4.88783, -0.146353, -0.0124787, -0.0353427, 0.324966, 0.944983
7.56654, 5.0267, -0.117899, -0.0115403, -0.0362785, 0.332195, 0.942442
7.53003, 5.21941, -0.095387, -0.0115793, -0.0374951, 0.342603, 0.93866
7.51637, 5.37262, -0.112881, -0.0108627, -0.0366178, 0.350503, 0.935782
7.56592, 5.42803, -0.119499, -0.010064, -0.0361728, 0.35234, 0.935119
7.5955, 5.50611, -0.169346, -0.0056054, -0.032205, 0.355784, 0.933997
7.60143, 5.61467, -0.195832, -0.00883169, -0.031207, 0.361409, 0.931843
7.63183, 5.68888, -0.242285, -0.011108, -0.0286938, 0.365101, 0.930459
7.68248, 5.73572, -0.199782, -0.00998809, -0.0302161, 0.367232, 0.929585
7.72773, 5.78854, -0.167879, -0.0127931, -0.0325068, 0.370001, 0.928374
7.78666, 5.81755, -0.0245583, -0.0123661, -0.0401716, 0.3712, 0.927601
7.85608, 5.83103, -0.0194189, -0.0103589, -0.039925, 0.371682, 0.927443
7.85384, 5.94111, -0.0964943, -0.0105782, -0.0358733, 0.377977, 0.925059
7.85575, 6.04349, -0.153047, -0.0115167, -0.0328502, 0.383693, 0.922804
7.86026, 6.14464, -0.184768, -0.0108826, -0.0305174, 0.38913, 0.920613
7.86342, 6.25048, -0.166096, -0.0118092, -0.0312815, 0.394588, 0.91825
7.8814, 6.33982, -0.0888845, -0.0134348, -0.0354676, 0.398751, 0.916275
7.89005, 6.44152, -0.0562047, -0.0189174, -0.0387357, 0.40356, 0.913937
7.9577, 6.46623, -0.0269435, -0.0178021, -0.0399552, 0.403844, 0.913782
8.02352, 6.49206, -0.0563015, -0.0190302, -0.0386293, 0.404479, 0.913533
8.12571, 6.47029, -0.111117, -0.0138057, -0.034031, 0.402606, 0.914636
8.23043, 6.44238, -0.121149, -0.0148536, -0.0331382, 0.400622, 0.915523
8.32802, 6.41922, -0.0861282, -0.013833, -0.0340254, 0.39909, 0.916176
8.43295, 6.38555, -0.104928, -0.0187019, -0.0339701, 0.39729, 0.916873
8.5188, 6.36984, 0.0113038, -0.0195826, -0.0398084, 0.396464, 0.916978
8.63618, 6.30003, 0.170308, -0.0160385, -0.0465365, 0.392832, 0.918292
8.66192, 6.35651, 0.235349, -0.0130557, -0.0488221, 0.396046, 0.916839
8.6716, 6.44682, 0.0947221, -0.0122824, -0.0416283, 0.401036, 0.915034
8.6703, 6.54621, 0.0961119, -0.0109167, -0.0409104, 0.406202, 0.912802
8.67375, 6.6405, 0.112251, -0.0100945, -0.0409454, 0.410899, 0.910705
8.66702, 6.75298, 0.144263, -0.0117838, -0.042446, 0.416282, 0.908168
8.6544, 6.87609, 0.183236, -0.0120227, -0.0442665, 0.421983, 0.905443
8.64845, 6.9889, 0.218721, -0.0141611, -0.0465818, 0.42704, 0.902921
8.66833, 7.0693, 0.204483, -0.0166149, -0.0464222, 0.430414, 0.901284
8.71621, 7.11826, 0.0296261, -0.0160262, -0.038011, 0.432418, 0.900729
8.77423, 7.14718, 0.0331791, -0.0152453, -0.0375197, 0.433312, 0.900334
8.83301, 7.17688, -0.0889407, -0.0178779, -0.0319887, 0.434544, 0.899905
8.92192, 7.16552, -0.0145175, -0.0151132, -0.034145, 0.433606, 0.900329
8.97448, 7.20127, 0.000573107, -0.0182091, -0.0354707, 0.435221, 0.899441
9.07815, 7.16928, 0.0788379, -0.0197493, -0.0393508, 0.433352, 0.900148
9.16458, 7.15588, 0.0998025, -0.0168074, -0.0396655, 0.432555, 0.900578
9.14567, 7.27799, 0.0430785, -0.0192988, -0.0376795, 0.438478, 0.897744
9.13996, 7.38204, -0.0476468, -0.020692, -0.0337894, 0.44338, 0.895458
9.14256, 7.47584, -0.0672134, -0.019192, -0.0322609, 0.447499, 0.893496
9.14017, 7.57926, -0.0894073, -0.0196638, -0.0311098, 0.451842, 0.891338
9.12992, 7.69403, -0.0194827, -0.0202197, -0.0341149, 0.456399, 0.888891
9.12253, 7.80166, 0.169811, -0.0188614, -0.0420195, 0.460342, 0.886546
9.08992, 7.94484, 0.0645157, -0.0215696, -0.0384023, 0.466268, 0.883547
9.13899, 7.98627, 0.0955232, -0.0211499, -0.0396211, 0.467135, 0.883044
9.20572, 8.00719, 0.0514798, -0.0194784, -0.0371988, 0.467179, 0.883165
9.28584, 8.01344, 0.0222503, -0.0206204, -0.0358477, 0.466513, 0.883547
9.39383, 7.99033, -0.053034, -0.0226085, -0.0326258, 0.464551, 0.884656
9.54486, 7.91289, -0.00250053, -0.0202027, -0.033714, 0.460029, 0.887034
9.63209, 7.90924, 0.118475, -0.0262237, -0.0398495, 0.458981, 0.887164
9.78532, 7.81908, 0.275023, -0.0263272, -0.0462088, 0.453973, 0.889427
9.95643, 7.70682, 0.299371, -0.022365, -0.0461665, 0.448287, 0.892416
10.0316, 7.72202, 0.224372, -0.0233479, -0.0430888, 0.448411, 0.892483
10.0896, 7.75877, 0.150528, -0.0240226, -0.0398667, 0.44945, 0.892092
10.1205, 7.82911, 0.161073, -0.0230512, -0.0396902, 0.451817, 0.890929
10.1351, 7.91841, 0.267108, -0.0218637, -0.0434076, 0.454761, 0.889287
10.0817, 8.09708, 0.314724, -0.0199915, -0.0449624, 0.461596, 0.885724
9.99238, 8.30718, 0.466382, -0.0190969, -0.0509759, 0.4697, 0.881146
9.90792, 8.50726, 0.546972, -0.0170929, -0.05386, 0.477429, 0.876851
9.84134, 8.6972, 0.392775, -0.0155814, -0.0474585, 0.484907, 0.873138
9.83686, 8.80383, 0.372117, -0.0133689, -0.0458138, 0.488661, 0.871168
9.84593, 8.90494, 0.137853, -0.0182729, -0.0373023, 0.492282, 0.869444
9.89594, 8.95013, 0.0223947, -0.0178632, -0.032306, 0.493576, 0.868919
9.94746, 8.98369, 0.202023, -0.0172564, -0.0388144, 0.494245, 0.868284
10.0096, 9.00481, 0.32529, -0.0188675, -0.0438824, 0.494424, 0.867908
10.1037, 8.99152, 0.35852, -0.0207225, -0.0456081, 0.493186, 0.86848
10.144, 9.03478, 0.402924, -0.0198015, -0.0470068, 0.494462, 0.867701
10.1028, 9.17933, 0.256906, -0.0243951, -0.0423823, 0.500091, 0.864591
10.0139, 9.36886, 0.221499, -0.0272941, -0.0415435, 0.507532, 0.860198
9.89278, 9.58499, 0.261101, -0.0264659, -0.0427259, 0.516062, 0.855075
9.66278, 9.90143, 0.339138, -0.0289958, -0.0464642, 0.528848, 0.846948
9.34602, 10.2821, 0.393528, -0.0282921, -0.048945, 0.544751, 0.83669
9.00151, 10.6575, 0.440001, -0.0263335, -0.050851, 0.560898, 0.825902
8.63693, 11.0244, 0.41424, -0.0277529, -0.0509409, 0.577139, 0.814583
8.24527, 11.3844, 0.313625, -0.0218342, -0.0459295, 0.593967, 0.80288
7.82012, 11.735, 0.264282, -0.0232841, -0.0449406, 0.610866, 0.790114
7.43442, 12.0301, 0.225477, -0.0239985, -0.044045, 0.625741, 0.778416
7.0807, 12.2801, 0.293568, -0.0215791, -0.0460198, 0.638925, 0.767588
6.63708, 12.5677, 0.132647, -0.0283753, -0.0431185, 0.654809, 0.75403
6.07779, 12.8827, 0.0574594, -0.0308293, -0.0423136, 0.673307, 0.737507
5.42005, 13.2031, -0.182881, -0.0368947, -0.037024, 0.693843, 0.718227
4.73378, 13.4862, -0.346718, -0.0408052, -0.0338117, 0.713893, 0.698246
4.01785, 13.7311, -0.487798, -0.0383989, -0.0284965, 0.733754, 0.67773
3.18632, 13.9609, -0.493035, -0.0345912, -0.0276286, 0.755235, 0.653957
2.35949, 14.1332, -0.65036, -0.0370198, -0.0238968, 0.775601, 0.629684
1.62459, 14.2505, -0.663283, -0.0379324, -0.025105, 0.792833, 0.607739
0.820036, 14.3356, -0.613779, -0.041081, -0.0307436, 0.810626, 0.583312
-0.0847458, 14.3739, -0.52914, -0.0418138, -0.0370583, 0.829507, 0.555695
-1.02924, 14.3408, -0.702712, -0.045312, -0.0346072, 0.84852, 0.526082
-1.859, 14.2647, -0.627981, -0.0408093, -0.0365875, 0.864313, 0.499959
-2.55447, 14.1637, -0.459561, -0.0375094, -0.0430149, 0.876819, 0.477421
-3.34276, 13.9947, -0.569584, -0.0349685, -0.0376277, 0.890879, 0.451327
-4.05724, 13.7949, -0.716422, -0.0314664, -0.0290461, 0.903243, 0.426988
-4.64824, 13.592, -0.865082, -0.031082, -0.0224606, 0.913125, 0.405873
-5.15519, 13.3873, -0.986038, -0.0332836, -0.0193801, 0.921332, 0.386864
-5.67289, 13.1609, -0.910038, -0.0354806, -0.0262577, 0.929212, 0.366902
-6.25974, 12.8709, -0.793991, -0.0345307, -0.0325363, 0.937773, 0.343994
-6.88385, 12.5164, -0.76438, -0.0340719, -0.0352332, 0.946551, 0.318808
-7.5211, 12.1107, -0.671924, -0.0316429, -0.0392481, 0.954979, 0.29236
-8.30943, 11.5389, -0.725001, -0.0326962, -0.0401531, 0.964727, 0.25811
-9.20867, 10.7801, -0.836416, -0.0313632, -0.0351269, 0.975074, 0.216824
-10.0894, 9.89182, -0.995387, -0.0327739, -0.0305163, 0.984021, 0.172331
-10.8877, 8.93786, -1.02458, -0.0293495, -0.026222, 0.990997, 0.127971
-11.5751, 7.936, -1.16503, -0.02976, -0.0195381, 0.995824, 0.0840608
-12.1432, 6.9583, -1.08843, -0.024914, -0.0185826, 0.998595, 0.042915
-12.6313, 5.89861, -1.21941, -0.0252975, -0.0110779, 0.999619, 0.000284889
-13, 4.88366, -1.33645, -0.0267674, -0.00604042, 0.99885, -0.0393208
-13.2496, 4.01462, -1.33277, -0.0254046, -0.00452149, 0.997031, -0.0725427
-13.4726, 3.00986, -1.27646, -0.0218784, -0.00171907, 0.993696, -0.109941
-13.6208, 1.97608, -1.22383, -0.0188607, 0.00133844, 0.988858, -0.147659
-13.676, 1.09287, -1.18309, -0.0166284, 0.00442076, 0.983615, -0.179457
-13.6692, 0.329371, -1.15258, -0.0151169, 0.00691216, 0.978261, -0.206709
-13.6119, -0.317922, -1.22833, -0.0180593, 0.00786348, 0.973045, -0.229773
-13.5207, -0.940358, -1.31078, -0.0209504, 0.00988316, 0.967488, -0.251852
-13.3941, -1.58064, -1.40815, -0.0243236, 0.0121813, 0.961187, -0.274553
-13.2606, -2.05408, -1.52922, -0.029579, 0.00769978, 0.955989, -0.291808
-13.0778, -2.69669, -1.62105, -0.0337216, 0.00235776, 0.948408, -0.315246
-12.8545, -3.38306, -1.66689, -0.0354142, 0.00329954, 0.939716, -0.340101
-12.6329, -3.98414, -1.57358, -0.03192, 0.00657063, 0.931625, -0.361956
-12.386, -4.54101, -1.53581, -0.0306591, 0.0127441, 0.923396, -0.382411
-12.1696, -4.93074, -1.55973, -0.031967, 0.0153759, 0.917013, -0.397276
-11.9603, -5.2445, -1.64835, -0.03564, 0.0179728, 0.911409, -0.409561
-11.7486, -5.53745, -1.7212, -0.0385992, 0.0181995, 0.90587, -0.421401
-11.5423, -5.81388, -1.73805, -0.0393941, 0.0196441, 0.900523, -0.432575
-11.3781, -6.01147, -1.70655, -0.0383313, 0.0188166, 0.896551, -0.440878
-11.2245, -6.19281, -1.64406, -0.0361288, 0.0181041, 0.892888, -0.448461
-11.065, -6.36581, -1.63239, -0.0362637, 0.0226218, 0.889298, -0.455326
-10.968, -6.43562, -1.57384, -0.0345895, 0.0263388, 0.887881, -0.458014
-10.9035, -6.42346, -1.62579, -0.037102, 0.028983, 0.888017, -0.457395
-10.8666, -6.38394, -1.59345, -0.0364643, 0.0384708, 0.888964, -0.4549
-10.8375, -6.29052, -1.74838, -0.0426676, 0.0432761, 0.890739, -0.450433
-10.8266, -6.17721, -1.86588, -0.0469263, 0.0405017, 0.89301, -0.445748
-10.7885, -6.11119, -1.96857, -0.0508607, 0.0348241, 0.894224, -0.443356
-10.704, -6.16379, -1.92472, -0.0496689, 0.0360815, 0.893293, -0.445263
-10.5652, -6.29826, -1.8838, -0.0489089, 0.0366739, 0.890505, -0.450849
-10.4303, -6.42505, -1.7888, -0.0459938, 0.0372046, 0.887797, -0.456417
-10.3306, -6.4976, -1.63998, -0.0407216, 0.0388543, 0.886212, -0.459847
-10.181, -6.57359, -1.78055, -0.0469524, 0.0384773, 0.883796, -0.463918
-10.025, -6.65194, -1.9197, -0.0533325, 0.0420034, 0.881178, -0.467885
-9.9413, -6.65698, -1.91635, -0.0534581, 0.0429821, 0.880553, -0.468957
-9.8877, -6.65677, -1.76323, -0.0476944, 0.046578, 0.880429, -0.469468
-9.87781, -6.57187, -1.70538, -0.0452247, 0.0446504, 0.882099, -0.466758
-9.88437, -6.46959, -1.60021, -0.0411542, 0.0454352, 0.884273, -0.462928
-9.90604, -6.34798, -1.44957, -0.0348367, 0.043187, 0.887016, -0.458392
-9.89962, -6.21518, -1.53481, -0.0384183, 0.0400731, 0.889634, -0.453287
-9.83965, -6.18806, -1.52357, -0.0384074, 0.0426512, 0.890031, -0.452272
-9.82277, -6.06421, -1.65613, -0.0436753, 0.0395464, 0.892409, -0.447363
-9.7825, -6.02458, -1.62194, -0.0417787, 0.0357615, 0.893268, -0.446148
-9.64544, -6.14878, -1.55826, -0.0397821, 0.039316, 0.890446, -0.451639
-9.52178, -6.23822, -1.5418, -0.0397796, 0.0397481, 0.888235, -0.455934
-9.39147, -6.32684, -1.53233, -0.0403126, 0.0408165, 0.885931, -0.460256
-9.30093, -6.37728, -1.38969, -0.0343919, 0.0383518, 0.884727, -0.463253
-9.24249, -6.33302, -1.46538, -0.0376173, 0.034845, 0.885357, -0.462076
-9.15298, -6.3363, -1.51341, -0.0398799, 0.0339177, 0.884795, -0.463031
-9.00728, -6.41825, -1.56515, -0.0430115, 0.0384116, 0.882198, -0.467334
-8.91752, -6.4384, -1.55181, -0.0425276, 0.0382546, 0.881297, -0.469088
-8.82984, -6.47991, -1.4302, -0.0376162, 0.039962, 0.880116, -0.471577
-8.77045, -6.45978, -1.42094, -0.0372164, 0.0365761, 0.880362, -0.471423
-8.72214, -6.42262, -1.39995, -0.0368757, 0.03677, 0.881119, -0.470019
-8.70602, -6.33223, -1.42315, -0.0381437, 0.0351434, 0.883258, -0.46601
-8.6579, -6.24989, -1.60396, -0.046739, 0.0346702, 0.88483, -0.462266
-8.60122, -6.18992, -1.72684, -0.0526427, 0.0354495, 0.885947, -0.459423
-8.58351, -6.08335, -1.84018, -0.0573326, 0.0315223, 0.888289, -0.454601
-8.4761, -6.11649, -1.90784, -0.060632, 0.0295715, 0.887113, -0.456596
-8.31856, -6.26411, -1.78896, -0.0561835, 0.0324417, 0.883519, -0.463881
-8.16454, -6.36707, -1.77458, -0.0566445, 0.0328837, 0.880472, -0.469552
-8.06238, -6.4191, -1.65743, -0.0516409, 0.0309993, 0.879043, -0.472923
-7.93884, -6.47715, -1.58017, -0.049157, 0.0331764, 0.877151, -0.476539
-7.86398, -6.46016, -1.55894, -0.0482417, 0.032, 0.8772, -0.476622
-7.79721, -6.45117, -1.48572, -0.0440824, 0.0292332, 0.87723, -0.477147
-7.75863, -6.40971, -1.43221, -0.0411006, 0.0275554, 0.878225, -0.475682
-7.69727, -6.41118, -1.32086, -0.0353753, 0.0259638, 0.878152, -0.476365
-7.64232, -6.39345, -1.27468, -0.0336649, 0.0270802, 0.878558, -0.475677
-7.60666, -6.35033, -1.24541, -0.0329708, 0.0286617, 0.879779, -0.473372
-7.59206, -6.27092, -1.27591, -0.03548, 0.0319162, 0.882036, -0.46876
-7.59419, -6.17597, -1.26828, -0.0362942, 0.0382149, 0.884836, -0.462912
-7.58759, -6.08643, -1.28002, -0.0385969, 0.0474889, 0.887377, -0.456966
-7.66897, -5.88582, -1.30342, -0.0385572, 0.0438123, 0.893244, -0.445768
-7.66202, -5.80359, -1.28417, -0.0382655, 0.0471078, 0.895593, -0.440715
-7.63504, -5.76572, -1.16195, -0.0327166, 0.0498312, 0.896793, -0.438416
-7.602, -5.7201, -1.10379, -0.0299926, 0.0486979, 0.898054, -0.436152
-7.54417, -5.69123, -1.11477, -0.0307838, 0.0465233, 0.898641, -0.435123
-7.47042, -5.67648, -1.13758, -0.0327692, 0.0479465, 0.89865, -0.434805
-7.39585, -5.64849, -1.22013, -0.0373262, 0.0472377, 0.898882, -0.434036
-7.32584, -5.61913, -1.28456, -0.041367, 0.04921, 0.899145, -0.432903
-7.28934, -5.55544, -1.31372, -0.0422911, 0.0448678, 0.900577, -0.430302
-7.24644, -5.53622, -1.17904, -0.034421, 0.041106, 0.901142, -0.430196
-7.20436, -5.49377, -1.16083, -0.0334878, 0.0393913, 0.902101, -0.428417
-7.1784, -5.4318, -1.12599, -0.0318841, 0.0387288, 0.903685, -0.425249
-7.17445, -5.32424, -1.17186, -0.0345892, 0.0378515, 0.906471, -0.419143
-7.09185, -5.32281, -1.18443, -0.0355801, 0.0380125, 0.906263, -0.419496
-7.05841, -5.25401, -1.22576, -0.0383818, 0.0399712, 0.907975, -0.415344
-7.03296, -5.16827, -1.3201, -0.0423425, 0.0329172, 0.91008, -0.410949
-6.91592, -5.25252, -1.18365, -0.0357371, 0.0362737, 0.907835, -0.416225
-6.81688, -5.31337, -1.03429, -0.0273962, 0.0360505, 0.906205, -0.420406
-6.73196, -5.33515, -0.99734, -0.0254056, 0.0344363, 0.905446, -0.422298
-6.65407, -5.34011, -0.990629, -0.0252925, 0.0331012, 0.905069, -0.423219
-6.54632, -5.36515, -1.05567, -0.0297527, 0.03314, 0.903823, -0.425583
-6.45251, -5.37723, -1.06797, -0.029931, 0.030922, 0.903005, -0.427469
-6.31147, -5.4326, -1.15467, -0.0360004, 0.0340446, 0.900509, -0.432006
-6.2345, -5.43169, -1.16515, -0.0356531, 0.0306837, 0.900089, -0.433159
-6.15355, -5.43784, -1.17507, -0.0363132, 0.0298206, 0.899448, -0.434495
-6.10306, -5.41441, -1.16832, -0.0356159, 0.0270361, 0.899911, -0.433775
-6.06192, -5.39077, -1.10133, -0.031679, 0.0255408, 0.900627, -0.432683
-6.02792, -5.35525, -1.07013, -0.030083, 0.0246816, 0.901759, -0.430483
-5.94981, -5.34757, -1.16466, -0.0376167, 0.0281244, 0.901652, -0.429905
-5.86772, -5.35108, -1.22695, -0.0427087, 0.0319677, 0.901305, -0.429889
-5.8271, -5.29354, -1.378, -0.0512629, 0.0293884, 0.902778, -0.426028
-5.7258, -5.32212, -1.42932, -0.0557848, 0.0326511, 0.90151, -0.427903
-5.60578, -5.39474, -1.35378, -0.053944, 0.0405063, 0.89901, -0.432701
-5.5024, -5.43921, -1.31065, -0.0531863, 0.0440948, 0.89723, -0.436124
-5.43458, -5.44079, -1.28064, -0.0516537, 0.0424751, 0.896968, -0.437008
-5.35482, -5.4445, -1.27118, -0.0525872, 0.0438984, 0.89637, -0.437982
-5.27685, -5.42621, -1.33766, -0.0575838, 0.043118, 0.896193, -0.437793
-5.18415, -5.40895, -1.43688, -0.0640736, 0.0404077, 0.895646, -0.43827
-5.10208, -5.40207, -1.43615, -0.0646155, 0.0410237, 0.895147, -0.43915
-5.05526, -5.37745, -1.36935, -0.0623465, 0.0462305, 0.895727, -0.437777
-5.03741, -5.32623, -1.31161, -0.0582755, 0.0451676, 0.897498, -0.434812
-5.04114, -5.26048, -1.23254, -0.0517092, 0.0412838, 0.900123, -0.430582
-5.04557, -5.19484, -1.14453, -0.0454637, 0.0393139, 0.902837, -0.425762
-5.01143, -5.15436, -1.11522, -0.043419, 0.036914, 0.904325, -0.423023
-4.91731, -5.1763, -1.04755, -0.0418696, 0.0433942, 0.90337, -0.424603
-4.87402, -5.14486, -1.01663, -0.040442, 0.0452785, 0.904639, -0.421832
-4.86199, -5.06852, -1.09516, -0.0449609, 0.0425609, 0.907527, -0.415406
-4.83835, -5.01594, -1.1131, -0.0445337, 0.0382454, 0.909675, -0.411152
-4.79845, -4.97796, -1.12754, -0.0440011, 0.0336792, 0.911095, -0.408456
-4.71254, -4.98557, -1.09991, -0.0432311, 0.0345803, 0.910566, -0.409641
-4.61925, -4.99617, -1.06192, -0.0419676, 0.0356778, 0.90977, -0.411442
-4.5232, -4.99434, -1.08272, -0.0439119, 0.0341211, 0.909132, -0.412778
-4.39891, -5.00847, -1.12971, -0.0471687, 0.0314095, 0.907517, -0.416175
-4.26917, -5.02819, -1.17438, -0.0500963, 0.028782, 0.905562, -0.420262
-4.19755, -5.01868, -1.13479, -0.0460232, 0.0262401, 0.905529, -0.420964
-4.1035, -5.0279, -1.11724, -0.0439147, 0.0236752, 0.904587, -0.423361
-3.99132, -5.04842, -1.11803, -0.0450018, 0.0233499, 0.903031, -0.426574
-3.92509, -5.04905, -1.02678, -0.0381008, 0.0228833, 0.903155, -0.427008
-3.85537, -5.04477, -0.987932, -0.0348264, 0.021307, 0.903445, -0.426756
-3.75038, -5.06953, -0.943648, -0.0348116, 0.0275205, 0.902393, -0.428623
-3.69133, -5.04675, -0.999248, -0.0406662, 0.0291855, 0.903477, -0.425703
-3.66112, -5.01405, -1.00682, -0.0401376, 0.027093, 0.905418, -0.42175
-3.57877, -5.01659, -1.02131, -0.0419597, 0.0271265, 0.905174, -0.422095
-3.51311, -5.02093, -0.930734, -0.0355552, 0.0292297, 0.905193, -0.4225
-3.44381, -5.01484, -0.894794, -0.0325211, 0.0277349, 0.905264, -0.422694
-3.36676, -5.00849, -0.865938, -0.0316775, 0.0287507, 0.905066, -0.423114
-3.30874, -4.97975, -0.891834, -0.0358826, 0.0305766, 0.905791, -0.421095
-3.20302, -4.9766, -0.945992, -0.0434947, 0.0340735, 0.904583, -0.422701
-3.06849, -4.99937, -0.951346, -0.0453303, 0.0359657, 0.901955, -0.427936
-2.98585, -4.99532, -0.942874, -0.0430487, 0.0337329, 0.901308, -0.429713
-2.91011, -4.98389, -0.977221, -0.0448014, 0.0306534, 0.901016, -0.430376
-2.84035, -4.9757, -0.970528, -0.0445732, 0.0298734, 0.900869, -0.430762
-2.76949, -4.98384, -0.85967, -0.0380209, 0.0350611, 0.900425, -0.431926
-2.73983, -4.95108, -0.891122, -0.0418968, 0.0343921, 0.902307, -0.427674
-2.68462, -4.93894, -0.892423, -0.045598, 0.0381606, 0.90306, -0.425379
-2.64082, -4.91964, -0.915935, -0.0509383, 0.0417597, 0.904279, -0.421831
-2.61601, -4.89717, -0.906376, -0.0516056, 0.0440496, 0.906003, -0.417797
-2.57461, -4.88908, -0.867002, -0.0492125, 0.0462114, 0.906842, -0.41603
-2.51204, -4.89053, -0.839628, -0.0459731, 0.0447212, 0.906885, -0.416468
-2.44864, -4.88444, -0.848568, -0.0436578, 0.0383179, 0.907126, -0.416832
-2.40624, -4.86879, -0.829043, -0.0413939, 0.0359745, 0.908137, -0.415066
-2.33071, -4.8655, -0.821878, -0.0435647, 0.0376431, 0.907819, -0.415391
-2.21357, -4.87332, -0.859536, -0.0487979, 0.0371896, 0.905987, -0.418835
-2.0644, -4.90257, -0.825852, -0.0511292, 0.0438638, 0.902516, -0.425355
-1.94795, -4.92259, -0.749209, -0.0469173, 0.0491511, 0.900163, -0.430219
-1.89233, -4.90554, -0.788672, -0.0466304, 0.0429999, 0.900885, -0.429399
-1.81811, -4.90322, -0.788963, -0.043623, 0.0386775, 0.900646, -0.430625
-1.74565, -4.90178, -0.785766, -0.0436351, 0.0374439, 0.900483, -0.431073
-1.69837, -4.89418, -0.783749, -0.0445539, 0.0368232, 0.901472, -0.428962
-1.66035, -4.88022, -0.830996, -0.0489148, 0.0333328, 0.903141, -0.425244
-1.56773, -4.89633, -0.812355, -0.0545702, 0.040039, 0.90226, -0.425847
-1.50829, -4.89935, -0.839729, -0.0575545, 0.0393481, 0.902985, -0.423978
-1.46683, -4.89246, -0.908237, -0.0616807, 0.034596, 0.904548, -0.420466
-1.40138, -4.89477, -0.948365, -0.0627712, 0.0298395, 0.904911, -0.419888
-1.31657, -4.9067, -0.933952, -0.0597486, 0.0276247, 0.904239, -0.421922
-1.22859, -4.91922, -0.887153, -0.0553572, 0.0275424, 0.903398, -0.424322
-1.1455, -4.92341, -0.84932, -0.0511382, 0.0262483, 0.902897, -0.425997
-1.05255, -4.92642, -0.80387, -0.0477168, 0.0270879, 0.902041, -0.428149
-0.938471, -4.92337, -0.818288, -0.0503167, 0.0258878, 0.900482, -0.431197
-0.819431, -4.92608, -0.784159, -0.0497149, 0.0287599, 0.89851, -0.43518
-0.723464, -4.91893, -0.787701, -0.0478506, 0.0264283, 0.897493, -0.437628
-0.625518, -4.91794, -0.750979, -0.0447465, 0.027996, 0.896169, -0.440562
-0.564806, -4.91322, -0.719719, -0.0407417, 0.0281586, 0.896418, -0.440433
-0.523717, -4.90789, -0.694868, -0.0375307, 0.0276635, 0.897633, -0.43827
-0.498163, -4.90407, -0.675228, -0.0356265, 0.0273328, 0.899651, -0.434295
-0.458564, -4.90659, -0.646782, -0.0349126, 0.0293936, 0.901113, -0.431176
-0.405112, -4.91325, -0.618511, -0.0389716, 0.0351346, 0.901936, -0.42867
-0.399689, -4.91191, -0.642522, -0.041064, 0.0340626, 0.904846, -0.422383
-0.365746, -4.91398, -0.658496, -0.0414748, 0.032454, 0.906442, -0.419035
-0.301335, -4.92061, -0.616071, -0.0366929, 0.0338631, 0.906485, -0.419276
-0.227085, -4.9253, -0.570446, -0.0319938, 0.0351436, 0.906062, -0.420468
-0.141533, -4.92276, -0.581959, -0.0328949, 0.0325451, 0.905365, -0.422105
-0.0378755, -4.91824, -0.564408, -0.0363631, 0.0345401, 0.903818, -0.424968
0.0112253, -4.90761, -0.566253, -0.0394627, 0.0350713, 0.904643, -0.422887
0.0975467, -4.89082, -0.622155, -0.0461227, 0.0318861, 0.904139, -0.423542
0.191594, -4.87815, -0.612382, -0.0448759, 0.0321418, 0.903054, -0.425966
0.269572, -4.8665, -0.599745, -0.0423372, 0.0318192, 0.90255, -0.427315
0.336696, -4.85706, -0.607073, -0.0346887, 0.0271339, 0.902463, -0.42851
0.413237, -4.84979, -0.596873, -0.0325377, 0.0261889, 0.901953, -0.429811
0.467096, -4.84913, -0.547721, -0.0243424, 0.0270077, 0.90232, -0.429531
0.528191, -4.8472, -0.557548, -0.0241501, 0.0248521, 0.902651, -0.428977
0.616828, -4.84879, -0.507753, -0.0312695, 0.0322402, 0.901767, -0.429883
0.655309, -4.85406, -0.483285, -0.0372049, 0.037152, 0.903034, -0.426338
0.658271, -4.86261, -0.488019, -0.0403137, 0.0382622, 0.905832, -0.419976
0.68557, -4.86914, -0.479888, -0.0392439, 0.0386253, 0.907434, -0.416572
0.715994, -4.87336, -0.463075, -0.0382773, 0.0396244, 0.908804, -0.41357
0.762943, -4.87176, -0.46191, -0.034237, 0.0373797, 0.909639, -0.412294
0.840178, -4.86326, -0.446016, -0.0289065, 0.035863, 0.909219, -0.413761
0.92241, -4.84828, -0.452578, -0.0308685, 0.0344626, 0.908724, -0.414825
0.98229, -4.83344, -0.472885, -0.0360138, 0.0332306, 0.909228, -0.413404
1.08244, -4.81128, -0.458603, -0.0431033, 0.0363681, 0.90783, -0.415528
1.18924, -4.78601, -0.461973, -0.0474417, 0.036922, 0.906111, -0.418746
1.25165, -4.77236, -0.470278, -0.0442356, 0.0350435, 0.906357, -0.418726
1.30964, -4.76143, -0.496164, -0.0412413, 0.0312394, 0.906882, -0.418196
1.35107, -4.75667, -0.507214, -0.0383216, 0.028533, 0.908083, -0.416056
1.38791, -4.75865, -0.473035, -0.0333318, 0.0298306, 0.909411, -0.413486
1.4105, -4.76471, -0.502481, -0.0336401, 0.0260138, 0.911596, -0.408881
1.49539, -4.76552, -0.406488, -0.0369144, 0.0355852, 0.910844, -0.409554
1.5506, -4.77328, -0.381418, -0.0376536, 0.0381845, 0.911526, -0.407731
1.60483, -4.78073, -0.394661, -0.0410305, 0.037187, 0.912266, -0.405839
1.69891, -4.77489, -0.360802, -0.0431508, 0.0401286, 0.911008, -0.408156
1.76088, -4.77511, -0.328461, -0.0374412, 0.0420783, 0.911078, -0.408369
1.84971, -4.76378, -0.31384, -0.0321374, 0.0418975, 0.910064, -0.41109
1.94249, -4.74838, -0.303957, -0.0290948, 0.0412564, 0.908883, -0.413984
2.0738, -4.7153, -0.237034, -0.0288116, 0.0463188, 0.905791, -0.4202
2.18237, -4.68572, -0.23827, -0.0309509, 0.0455119, 0.903931, -0.424122
2.30743, -4.64624, -0.203931, -0.0359664, 0.0484513, 0.901073, -0.429449
2.41703, -4.61041, -0.189817, -0.0396147, 0.0497809, 0.898884, -0.433545
2.4947, -4.58839, -0.174372, -0.0367209, 0.0512392, 0.898066, -0.43532
2.56068, -4.57252, -0.171487, -0.0351208, 0.0510847, 0.897753, -0.436116
2.6174, -4.56289, -0.185578, -0.0342699, 0.0489412, 0.897937, -0.43605
2.67657, -4.55424, -0.177745, -0.0309581, 0.0487015, 0.897947, -0.436305
2.74796, -4.54207, -0.181408, -0.0288242, 0.0472458, 0.897504, -0.437519
2.84582, -4.51764, -0.148412, -0.0331951, 0.0490895, 0.895682, -0.440729
2.97122, -4.47751, -0.135599, -0.0378351, 0.0494332, 0.892617, -0.446497
3.10355, -4.43206, -0.120829, -0.0412098, 0.0501012, 0.889078, -0.453136
3.28277, -4.35115, -0.128301, -0.041182, 0.0488059, 0.883047, -0.46492
3.51657, -4.21811, -0.0908522, -0.0372068, 0.0518009, 0.873259, -0.483064
3.74701, -4.07156, -0.105991, 0.0299538, -0.0508221, -0.862965, 0.501809
4.00545, -3.87965, -0.0988346, 0.0312117, -0.0500356, -0.849852, 0.523712
4.28922, -3.6331, -0.0858102, 0.0278001, -0.0507383, -0.833523, 0.549448
4.57148, -3.35118, -0.0882493, 0.0262831, -0.0496936, -0.815416, 0.57614
4.84928, -3.0264, -0.0671982, 0.0294599, -0.0495939, -0.794925, 0.603959
5.11449, -2.66001, -0.0660311, 0.0328582, -0.0480087, -0.772182, 0.632732
5.35352, -2.25968, -0.0436098, 0.0428139, -0.0453606, -0.747504, 0.661323
5.57232, -1.7945, -0.00346366, 0.0454137, -0.0470552, -0.718563, 0.692381
5.74693, -1.31637, 0.00117838, 0.0483761, -0.0447152, -0.688709, 0.722039
5.88776, -0.764599, 0.0257172, 0.0468096, -0.0467136, -0.653394, 0.754124
5.97519, -0.213683, -0.0414391, 0.0375075, -0.0449939, -0.617458, 0.78442
6.0109, 0.29503, -0.0816613, 0.0307839, -0.0446648, -0.583141, 0.810558
6.0056, 0.778503, -0.131184, 0.0239089, -0.0443054, -0.549292, 0.834112
5.9729, 1.19716, -0.167107, 0.0186832, -0.0446798, -0.51882, 0.853511
5.92402, 1.56629, -0.16993, 0.0152044, -0.0475515, -0.490949, 0.869757
5.86794, 1.88417, -0.192004, 0.0123158, -0.048227, -0.466185, 0.883286
5.78501, 2.22329, -0.189891, 0.0118553, -0.0499869, -0.438961, 0.897036
5.65761, 2.60814, -0.181409, 0.00901165, -0.0554458, -0.406666, 0.911848
5.51058, 2.96429, -0.174231, 0.00591339, -0.0614585, -0.37516, 0.924902
5.33547, 3.30596, -0.261223, 0.00525072, -0.0526833, -0.343753, 0.937567
5.05864, 3.741, -0.311879, 0.000311712, -0.0547692, -0.301075, 0.952026
4.71253, 4.18341, -0.351243, -0.00240491, -0.0558984, -0.254318, 0.965501
4.29363, 4.62026, -0.424804, -0.00624215, -0.0542508, -0.203302, 0.977592
3.85962, 4.9879, -0.539722, -0.0117337, -0.0486551, -0.154567, 0.986714
3.39802, 5.31195, -0.590558, -0.0120697, -0.0441801, -0.106134, 0.993297
2.89233, 5.60257, -0.612742, -0.0125522, -0.0453807, -0.0554602, 0.99735
2.39754, 5.82406, -0.70506, -0.0182676, -0.0446002, -0.00751857, 0.99881
1.96259, 5.97543, -0.789365, -0.0222061, -0.0407933, 0.0336526, 0.998354
1.56525, 6.08736, -0.787907, -0.0209647, -0.0421312, 0.070741, 0.996384
1.17172, 6.17187, -0.728327, -0.0147139, -0.0436517, 0.106393, 0.993257
0.765186, 6.22606, -0.680478, -0.00920192, -0.0441874, 0.142388, 0.988781
0.334771, 6.24515, -0.704269, -0.00982513, -0.0442748, 0.180258, 0.982573
-0.124773, 6.2229, -0.783912, -0.0141283, -0.0394126, 0.220279, 0.974538
-0.543031, 6.16795, -0.818021, -0.0151064, -0.0335654, 0.256936, 0.965727
-0.896255, 6.08132, -0.90208, -0.0213465, -0.0301125, 0.289209, 0.956554
-1.16327, 5.98734, -0.949144, -0.0252421, -0.0305019, 0.315266, 0.948177
-1.38059, 5.88731, -0.99268, -0.0286032, -0.030458, 0.337824, 0.940282
-1.56252, 5.78173, -1.06336, -0.0339442, -0.0274529, 0.357736, 0.932802
-1.68629, 5.69076, -1.11445, -0.0379736, -0.0255423, 0.372931, 0.92673
-1.80093, 5.61137, -1.10789, -0.0374346, -0.0256549, 0.387219, 0.92087
-1.93112, 5.53157, -1.0701, -0.0338907, -0.0201078, 0.402159, 0.914721
-2.05876, 5.45725, -0.992296, -0.0274386, -0.0194393, 0.417461, 0.908073
-2.17909, 5.37838, -0.968448, -0.0257912, -0.0178319, 0.432556, 0.901062
-2.2871, 5.29948, -0.991176, -0.0281867, -0.0171535, 0.447164, 0.893843
-2.33471, 5.24695, -1.03271, -0.0321165, -0.0187122, 0.457202, 0.888586
-2.35715, 5.21342, -1.05558, -0.0339221, -0.0202421, 0.464959, 0.884451
-2.33702, 5.20381, -1.08075, -0.0359636, -0.0225448, 0.468895, 0.882233
-2.28931, 5.21245, -1.08542, -0.0361573, -0.0203747, 0.469686, 0.881858
-2.25365, 5.20924, -1.11409, -0.0384187, -0.0143772, 0.471163, 0.881092
-2.18002, 5.23143, -1.08976, -0.0369961, -0.0200345, 0.47022, 0.881546
-2.11684, 5.23496, -1.1208, -0.0405015, -0.0203762, 0.470206, 0.881392
-2.03997, 5.24922, -1.09977, -0.0395526, -0.0213058, 0.469159, 0.88197
-1.96938, 5.23967, -1.17825, -0.0471406, -0.0202198, 0.469514, 0.881434
-1.83198, 5.26086, -1.22344, -0.0519016, -0.0249271, 0.46452, 0.883689
-1.66148, 5.30629, -1.18675, -0.0494451, -0.0317394, 0.456032, 0.888022
-1.56687, 5.32126, -1.14928, -0.0468442, -0.0365527, 0.45374, 0.889151
-1.49992, 5.31879, -1.16393, -0.0481599, -0.0339802, 0.453335, 0.889389
-1.43891, 5.32175, -1.13883, -0.0472948, -0.0366726, 0.453749, 0.889118
-1.3718, 5.33196, -1.08709, -0.0440092, -0.0373939, 0.453402, 0.889433
-1.31947, 5.33314, -1.07155, -0.0436256, -0.0366268, 0.454693, 0.888825
-1.25307, 5.33925, -1.0653, -0.044894, -0.041722, 0.455678, 0.888032
-1.2109, 5.33685, -1.08405, -0.0476298, -0.0458553, 0.458923, 0.886013
-1.17744, 5.33523, -1.09498, -0.0477722, -0.0425204, 0.461995, 0.884574
-1.13631, 5.32738, -1.15193, -0.0534098, -0.0426982, 0.465062, 0.882633
-1.04641, 5.34567, -1.1163, -0.0492883, -0.0372468, 0.462547, 0.88444
-0.946513, 5.35567, -1.11519, -0.0501662, -0.0361981, 0.460248, 0.885632
-0.846557, 5.35915, -1.12492, -0.0524129, -0.0356516, 0.458328, 0.88652
-0.713545, 5.3673, -1.11144, -0.0530542, -0.0373372, 0.453987, 0.888643
-0.58606, 5.36509, -1.13007, -0.0561771, -0.0386145, 0.450467, 0.890187
-0.441961, 5.3685, -1.1151, -0.0565106, -0.0418872, 0.445414, 0.892557
-0.311632, 5.37957, -1.03984, -0.0502567, -0.0434834, 0.44051, 0.895285
-0.209747, 5.37569, -1.04961, -0.0518926, -0.0424996, 0.438251, 0.896347
-0.130108, 5.3746, -1.04084, -0.0507783, -0.0383542, 0.437445, 0.896991
-0.0568798, 5.38357, -0.979097, -0.0453727, -0.0364998, 0.437185, 0.897484
0.0224467, 5.39573, -0.923586, -0.0434647, -0.041229, 0.43729, 0.897323
0.0879193, 5.4078, -0.903353, -0.04462, -0.0459872, 0.439004, 0.896198
0.111152, 5.41692, -0.929244, -0.0461923, -0.0437883, 0.444009, 0.893759
0.177679, 5.42932, -0.933229, -0.0455881, -0.0414167, 0.444832, 0.893494
0.240844, 5.43953, -0.93307, -0.0432941, -0.0363408, 0.445451, 0.89352
0.345704, 5.45439, -0.874203, -0.0386336, -0.037099, 0.442719, 0.895059
0.452187, 5.45728, -0.885672, -0.0393585, -0.0333764, 0.440025, 0.896501
0.574961, 5.46159, -0.855801, -0.0390905, -0.035997, 0.436391, 0.898187
0.687543, 5.46131, -0.854075, -0.0426853, -0.0410316, 0.434234, 0.898852
0.843741, 5.45645, -0.832517, -0.0427238, -0.0442057, 0.427974, 0.901698
0.983637, 5.45054, -0.800312, -0.0402548, -0.0451694, 0.422521, 0.904332
1.06671, 5.44977, -0.802055, -0.0401313, -0.0439202, 0.421708, 0.904778
1.13521, 5.45299, -0.803205, -0.04243, -0.0455222, 0.422175, 0.904376
1.19916, 5.4642, -0.756154, -0.0407753, -0.0482375, 0.422826, 0.904007
1.23166, 5.48153, -0.742886, -0.0413089, -0.048741, 0.426486, 0.902235
1.27217, 5.50182, -0.718713, -0.0409344, -0.0503207, 0.429663, 0.900657
1.28557, 5.53032, -0.699731, -0.0425849, -0.0550219, 0.435436, 0.897527
1.33508, 5.5495, -0.701803, -0.040555, -0.0520973, 0.43749, 0.896797
1.39012, 5.56129, -0.743186, -0.0407714, -0.0462871, 0.438929, 0.896402
1.47321, 5.57286, -0.686672, -0.0364632, -0.0476449, 0.437804, 0.897066
1.56194, 5.5762, -0.673344, -0.0374261, -0.0483496, 0.436728, 0.897513
1.64377, 5.57563, -0.701315, -0.0366594, -0.0416464, 0.436192, 0.898142
1.75005, 5.569, -0.704125, -0.0389811, -0.0421561, 0.434276, 0.898948
1.86601, 5.55923, -0.691582, -0.0397786, -0.043819, 0.431514, 0.900163
1.98111, 5.5437, -0.713511, -0.0430093, -0.0436517, 0.428771, 0.901333
2.0892, 5.52943, -0.728505, -0.0427226, -0.0406758, 0.426185, 0.902711
2.204, 5.51037, -0.741955, -0.0416017, -0.036717, 0.422731, 0.904555
2.29423, 5.50317, -0.725173, -0.0388867, -0.0344772, 0.42132, 0.905422
2.38176, 5.50029, -0.688867, -0.0347873, -0.0331234, 0.420188, 0.906165
2.43769, 5.51085, -0.677238, -0.0369718, -0.0349906, 0.422331, 0.905011
2.46927, 5.54144, -0.603428, -0.0344956, -0.0409033, 0.4265, 0.902904
2.45859, 5.58341, -0.630637, -0.0401595, -0.0433948, 0.434471, 0.898743
2.48763, 5.60496, -0.681324, -0.0429848, -0.0402097, 0.438608, 0.896749
2.5242, 5.62105, -0.729284, -0.0438647, -0.0352651, 0.441941, 0.895276
2.59241, 5.62727, -0.719714, -0.0389742, -0.0310337, 0.442557, 0.895355
2.67842, 5.6169, -0.764174, -0.038224, -0.0240309, 0.441977, 0.895889
2.79111, 5.59918, -0.721294, -0.0355072, -0.0248502, 0.439495, 0.897199
2.88843, 5.5829, -0.713922, -0.0410455, -0.0292708, 0.438822, 0.897159
2.98909, 5.56641, -0.668481, -0.0415983, -0.0342035, 0.437476, 0.897616
3.0381, 5.57292, -0.659068, -0.0426356, -0.0359694, 0.440155, 0.896187
3.08004, 5.58158, -0.695471, -0.0411503, -0.0309954, 0.442987, 0.895047
3.12038, 5.59808, -0.67439, -0.0413436, -0.0321266, 0.445937, 0.893532
3.15338, 5.62445, -0.628803, -0.0405284, -0.0346599, 0.44944, 0.891717
3.18651, 5.6543, -0.615793, -0.041556, -0.0354654, 0.453082, 0.889793
3.24939, 5.67476, -0.577557, -0.0428465, -0.0392512, 0.454352, 0.888925
3.28143, 5.7143, -0.531311, -0.0471032, -0.0465925, 0.458096, 0.88643
3.3634, 5.71911, -0.541242, -0.0483445, -0.0462929, 0.457414, 0.886731
3.48906, 5.69565, -0.552922, -0.043069, -0.0412325, 0.452874, 0.889579
3.6014, 5.67879, -0.551265, -0.0434426, -0.040444, 0.449609, 0.891251
3.73342, 5.647, -0.548926, -0.0433201, -0.0390467, 0.44472, 0.893769
3.8861, 5.6044, -0.457145, -0.0415226, -0.0443873, 0.438228, 0.896807
3.99855, 5.58392, -0.444455, -0.0439427, -0.0459757, 0.435544, 0.897918
4.12191, 5.55437, -0.426642, -0.0470484, -0.04858, 0.432042, 0.899314
4.2739, 5.49882, -0.388923, -0.0428464, -0.0487587, 0.425613, 0.902574
4.35373, 5.49491, -0.396205, -0.0428844, -0.0475591, 0.425275, 0.902796
4.42276, 5.49767, -0.458359, -0.0453747, -0.0429395, 0.425783, 0.902666
4.52501, 5.48037, -0.432689, -0.0427879, -0.0423676, 0.423249, 0.90401
4.6218, 5.47221, -0.39519, -0.0396888, -0.0424112, 0.421347, 0.905038
4.69533, 5.48614, -0.414885, -0.0434966, -0.041593, 0.421926, 0.904631
4.74928, 5.52138, -0.372397, -0.0405947, -0.0433065, 0.423863, 0.903779
4.78558, 5.57178, -0.338033, -0.0453576, -0.0482282, 0.427329, 0.901669
4.87237, 5.5736, -0.384464, -0.0483476, -0.0456309, 0.426529, 0.902028
5.00205, 5.53744, -0.331698, -0.0408815, -0.0455123, 0.421622, 0.904706
5.09807, 5.52929, -0.323532, -0.0375304, -0.0436199, 0.419933, 0.905729
5.19108, 5.52072, -0.402844, -0.0393625, -0.0374073, 0.418933, 0.906392
5.31179, 5.48975, -0.335667, -0.0375816, -0.0404532, 0.415435, 0.907946
5.42893, 5.46123, -0.259586, -0.0392335, -0.0457595, 0.412416, 0.908999
5.56907, 5.40691, -0.234406, -0.0398741, -0.0471175, 0.407483, 0.911125
5.68936, 5.36892, -0.252012, -0.0388159, -0.0449739, 0.404212, 0.912734
5.79012, 5.34802, -0.294046, -0.0363375, -0.0406926, 0.402403, 0.913836
5.85813, 5.36459, -0.278469, -0.0368452, -0.041281, 0.403231, 0.913424
5.91264, 5.39992, -0.279894, -0.0375478, -0.0405551, 0.405315, 0.912505
5.98535, 5.42044, -0.230742, -0.0389569, -0.0434361, 0.40573, 0.912129
6.05307, 5.4496, -0.19076, -0.0376592, -0.0452646, 0.406598, 0.911708
6.08325, 5.51983, -0.166851, -0.0399962, -0.0476872, 0.410694, 0.909646
6.15701, 5.53643, -0.143317, -0.0341915, -0.0473221, 0.410685, 0.909906
6.20395, 5.57924, -0.171104, -0.0335998, -0.0451691, 0.413056, 0.908964
6.25626, 5.61192, -0.18928, -0.0314304, -0.0427368, 0.41484, 0.908347
6.33103, 5.61736, -0.229083, -0.030757, -0.0390799, 0.414893, 0.90851
6.43431, 5.58695, -0.251644, -0.0311375, -0.0368257, 0.412587, 0.909641
6.54841, 5.54244, -0.228522, -0.0385429, -0.0397, 0.409508, 0.910627
6.67008, 5.48536, -0.124585, -0.0398875, -0.0461005, 0.405445, 0.912085
6.75994, 5.46233, -0.0477348, -0.0416561, -0.0509862, 0.404079, 0.912352
6.80124, 5.49845, 0.0117343, -0.0394226, -0.053807, 0.406786, 0.911085
6.84639, 5.53294, -0.0352937, -0.0400056, -0.0507171, 0.409496, 0.910022
6.88707, 5.57383, -0.0338013, -0.038676, -0.0497952, 0.412298, 0.908865
6.92698, 5.61819, -0.0129028, -0.0367303, -0.0497954, 0.415044, 0.907695
6.93022, 5.71127, 0.0664979, -0.0395442, -0.0547019, 0.420598, 0.904733
6.94408, 5.79189, 0.174603, -0.0363285, -0.0599711, 0.425089, 0.902432
6.91086, 5.93488, 0.186961, -0.0400507, -0.0619086, 0.433699, 0.898036
6.93855, 6.00326, 0.189031, -0.0406127, -0.0619829, 0.437357, 0.89623
7.01045, 6.02347, 0.0907767, -0.0390751, -0.0555168, 0.438188, 0.896316
7.09672, 6.0216, 0.0655373, -0.0372477, -0.0528606, 0.437546, 0.896868
7.20185, 5.99444, 0.0404071, -0.0387651, -0.0507712, 0.435477, 0.89793
7.31761, 5.94874, 0.0815981, -0.039323, -0.0521802, 0.432375, 0.899324
7.44423, 5.88859, 0.0632483, -0.0467702, -0.0521213, 0.428726, 0.900716
7.57451, 5.81294, 0.199181, -0.0471142, -0.0591271, 0.423962, 0.902519
7.69284, 5.75301, 0.236297, -0.0465603, -0.0605049, 0.42053, 0.904061
7.77123, 5.75159, 0.222608, -0.0475218, -0.0594792, 0.42055, 0.904069
7.86791, 5.73237, 0.0723265, -0.0487517, -0.0510091, 0.419696, 0.904918
7.97992, 5.68669, 0.0379154, -0.0485098, -0.0480853, 0.416821, 0.906419
8.08178, 5.65524, 0.077035, -0.0496176, -0.0493283, 0.414357, 0.907421
8.16224, 5.65777, 0.148888, -0.0502228, -0.0526012, 0.413575, 0.907561
8.25965, 5.63443, 0.248756, -0.0455397, -0.0565457, 0.411242, 0.90863
8.30575, 5.6905, 0.283849, -0.0481976, -0.058749, 0.413308, 0.907415
8.37647, 5.7091, 0.325437, -0.0489932, -0.0606359, 0.413272, 0.907264
8.49688, 5.66116, 0.20564, -0.0434565, -0.0529921, 0.410224, 0.909406
8.59377, 5.63784, 0.232882, -0.0418584, -0.053167, 0.408159, 0.910399
8.683, 5.63215, 0.170307, -0.0453558, -0.0496159, 0.407269, 0.910831
8.79255, 5.58585, 0.248385, -0.0438325, -0.0523736, 0.404138, 0.912145
8.87725, 5.58518, 0.271395, -0.0479961, -0.053616, 0.403549, 0.912124
8.99794, 5.52207, 0.332276, -0.0496308, -0.0563785, 0.399729, 0.913551
9.13482, 5.42174, 0.392439, -0.0429309, -0.0580146, 0.394369, 0.916114
9.20994, 5.42691, 0.388653, -0.0424341, -0.0574822, 0.394422, 0.916148
9.27577, 5.4515, 0.338535, -0.0429832, -0.0546349, 0.395431, 0.915861
9.3437, 5.4755, 0.295327, -0.041372, -0.0516395, 0.396281, 0.915742
9.4084, 5.50914, 0.252019, -0.0419603, -0.0489941, 0.3974, 0.915375
9.44853, 5.58098, 0.318835, -0.0426933, -0.0517806, 0.400045, 0.914035
9.46823, 5.68753, 0.395651, -0.0427891, -0.0553039, 0.404296, 0.911952
9.4973, 5.79064, 0.300845, -0.042146, -0.050938, 0.408706, 0.910268
9.54794, 5.844, 0.288053, -0.0410657, -0.0500707, 0.410609, 0.909509
9.62821, 5.84407, 0.220522, -0.0344198, -0.0459255, 0.410208, 0.910184
9.69225, 5.86628, 0.211938, -0.0339944, -0.0450299, 0.410706, 0.910021
9.75718, 5.88975, 0.119563, -0.0379475, -0.0407933, 0.411468, 0.90972
9.84193, 5.86379, 0.275074, -0.0388224, -0.0472329, 0.409624, 0.910203
9.90693, 5.87697, 0.353407, -0.0443005, -0.0510626, 0.409737, 0.909695
10.0019, 5.83816, 0.420018, -0.0463313, -0.0539993, 0.407567, 0.910399
10.115, 5.76434, 0.463238, -0.043424, -0.0552932, 0.403986, 0.91206
10.1762, 5.79088, 0.382379, -0.0460227, -0.0517986, 0.405022, 0.911678
10.2285, 5.82989, 0.293011, -0.0470673, -0.0477058, 0.406566, 0.91116
10.2637, 5.89547, 0.250637, -0.0472764, -0.0454507, 0.409119, 0.910121
10.2762, 5.99704, 0.293284, -0.0474456, -0.0469417, 0.412916, 0.90832
10.2726, 6.12524, 0.36535, -0.0485723, -0.0499233, 0.41763, 0.905943
10.2298, 6.31383, 0.469856, -0.0458658, -0.0543268, 0.42494, 0.902425
10.1507, 6.55868, 0.497335, -0.045394, -0.0559856, 0.434798, 0.897639
10.158, 6.66015, 0.453251, -0.0438011, -0.0541235, 0.438428, 0.896065
10.203, 6.68761, 0.508004, -0.0398706, -0.0558375, 0.438712, 0.896005
10.2564, 6.71087, 0.463934, -0.0410582, -0.053785, 0.438894, 0.895988
10.3865, 6.62215, 0.345221, -0.0420528, -0.0482767, 0.434327, 0.898477
10.5357, 6.49379, 0.317627, -0.0415056, -0.0462214, 0.428057, 0.901614
10.6979, 6.33641, 0.32445, -0.0410195, -0.0456611, 0.420685, 0.905128
10.8131, 6.25524, 0.358472, -0.0423765, -0.0467823, 0.416662, 0.906868
10.9287, 6.16236, 0.49028, -0.0447228, -0.0520598, 0.412095, 0.908552
11.037, 6.07768, 0.57458, -0.04546, -0.0552705, 0.408128, 0.910116
11.0403, 6.19027, 0.555436, -0.0479578, -0.0547558, 0.412582, 0.908008
10.9782, 6.41708, 0.476322, -0.0508253, -0.0521408, 0.421905, 0.903712
10.86, 6.71908, 0.445131, -0.0499686, -0.0512132, 0.434392, 0.897877
10.6428, 7.15801, 0.413446, -0.050993, -0.0506764, 0.452607, 0.888808
10.3734, 7.64184, 0.32643, -0.0504012, -0.0479792, 0.472963, 0.87833
10.0018, 8.21055, 0.311424, -0.0516012, -0.0488767, 0.497, 0.864835
9.52285, 8.8427, 0.265051, -0.0521253, -0.0490891, 0.524416, 0.848446
8.97613, 9.45876, 0.375469, -0.05426, -0.0560992, 0.551623, 0.830434
8.38452, 10.0432, 0.326237, -0.053197, -0.0560893, 0.578991, 0.811661
7.68667, 10.6359, 0.121064, -0.055254, -0.0507955, 0.608698, 0.789844
6.88853, 11.2012, -0.0790625, -0.056566, -0.045651, 0.639436, 0.7654
6.05167, 11.6911, -0.242818, -0.0568894, -0.0415001, 0.668915, 0.739996
5.13878, 12.1231, -0.45062, -0.0542064, -0.0342712, 0.698722, 0.712513
4.15317, 12.488, -0.639136, -0.0578364, -0.0304341, 0.728301, 0.682134
3.23034, 12.7448, -0.784154, -0.0576268, -0.0266399, 0.754234, 0.653529
2.28137, 12.9368, -0.753667, -0.0539417, -0.0285827, 0.77908, 0.623946
1.16054, 13.0573, -0.878836, -0.0555977, -0.0270003, 0.806533, 0.587949
0.0225411, 13.0746, -0.994423, -0.0582786, -0.0266701, 0.832446, 0.550387
-1.20314, 12.9799, -1.10527, -0.0607768, -0.026817, 0.858367, 0.508717
-2.53271, 12.7308, -1.33791, -0.062864, -0.0210847, 0.884627, 0.461561
-3.8997, 12.3242, -1.45317, -0.0603435, -0.0170013, 0.909536, 0.41087
-5.236, 11.7511, -1.58232, -0.0590247, -0.0125255, 0.931913, 0.357627
-6.53557, 10.9992, -1.73649, -0.0566587, -0.00463612, 0.951746, 0.301576
-7.76189, 10.0973, -1.76951, -0.0545907, -0.00342178, 0.968395, 0.243348
-8.90447, 9.01381, -1.84921, -0.0573292, -0.00560504, 0.981694, 0.181548
-9.92771, 7.74643, -2.01941, -0.0591507, 1.66486e-05, 0.991322, 0.117394
-10.7689, 6.37424, -2.18316, -0.0607388, 0.00720382, 0.99668, 0.0537444
-11.3982, 5.0171, -2.22476, -0.0610012, 0.00825211, 0.998086, -0.00593187
-11.8888, 3.51842, -2.20658, -0.0580828, 0.0122016, 0.995896, -0.0683274
-12.183, 2.05024, -2.12226, -0.0530539, 0.0169817, 0.990315, -0.12717
-12.2943, 0.681593, -2.02214, -0.0479421, 0.0232439, 0.982113, -0.180599
-12.2542, -0.545068, -1.95829, -0.0448655, 0.03139, 0.972203, -0.227647
-12.129, -1.52032, -1.85636, -0.0412707, 0.0372717, 0.962667, -0.264916
-11.9709, -2.21123, -1.80394, -0.0401672, 0.0390302, 0.954936, -0.29148
-11.8087, -2.67909, -1.86171, -0.0430569, 0.0425126, 0.949064, -0.309219
-11.6575, -2.99408, -1.98316, -0.0485388, 0.0446135, 0.944745, -0.321108
-11.4988, -3.32376, -2.05734, -0.0522004, 0.0459217, 0.94009, -0.333761
-11.3201, -3.6786, -2.14072, -0.0563791, 0.0460894, 0.934775, -0.347696
-11.1527, -3.94874, -2.2404, -0.0614758, 0.043194, 0.930373, -0.358833
-10.9879, -4.26799, -2.14302, -0.058627, 0.0412546, 0.925412, -0.372121
-10.8273, -4.53291, -2.06135, -0.0562553, 0.0386335, 0.921011, -0.383513
-10.6729, -4.74528, -2.00201, -0.0545896, 0.0388914, 0.917222, -0.392697
-10.5011, -4.95834, -1.99287, -0.0548464, 0.0379392, 0.91309, -0.402268
-10.2927, -5.2059, -2.05104, -0.0581303, 0.0407609, 0.907923, -0.413081
-10.1248, -5.39856, -2.01147, -0.057013, 0.0395656, 0.903899, -0.422078
-9.95976, -5.59642, -1.91563, -0.0538372, 0.0430739, 0.899811, -0.430797
-9.86965, -5.63824, -1.88466, -0.0527456, 0.0382831, 0.898801, -0.433486
-9.78567, -5.68706, -1.76972, -0.048525, 0.0381928, 0.897884, -0.43588
-9.70449, -5.71973, -1.67462, -0.0453031, 0.0403447, 0.897306, -0.437221
-9.62177, -5.7244, -1.69129, -0.0467551, 0.0429451, 0.897179, -0.437081
-9.53488, -5.70579, -1.82352, -0.0527375, 0.0428833, 0.897355, -0.436044
-9.47338, -5.65896, -1.9018, -0.056568, 0.0454438, 0.898281, -0.43339
-9.39017, -5.68109, -1.86559, -0.055283, 0.0447311, 0.897962, -0.434289
-9.30944, -5.73617, -1.69923, -0.0482428, 0.0437403, 0.8972, -0.436797
-9.17441, -5.82702, -1.70767, -0.0493769, 0.0421539, 0.895062, -0.441191
-9.04577, -5.91388, -1.66187, -0.0479722, 0.0392836, 0.893041, -0.445682
-8.8649, -6.08044, -1.56369, -0.0446331, 0.0395787, 0.889056, -0.453895
-8.65798, -6.22708, -1.6634, -0.0498452, 0.0372115, 0.884801, -0.461798
-8.39319, -6.44409, -1.7368, -0.0551384, 0.0437245, 0.878463, -0.4726
-8.22559, -6.58314, -1.56687, -0.0476334, 0.0431426, 0.87475, -0.480293
-8.09325, -6.64742, -1.53093, -0.0460388, 0.0405986, 0.872696, -0.484391
-7.99466, -6.65687, -1.55717, -0.0473802, 0.0374277, 0.872046, -0.485684
-7.92236, -6.67082, -1.38676, -0.0402693, 0.0383805, 0.871849, -0.486605
-7.88521, -6.61568, -1.35747, -0.0397561, 0.0395212, 0.873416, -0.483738
-7.85568, -6.53436, -1.42319, -0.0436315, 0.0415197, 0.875606, -0.479257
-7.8431, -6.43617, -1.48072, -0.0467658, 0.0438091, 0.878332, -0.473736
-7.84094, -6.33099, -1.51639, -0.0484725, 0.0443767, 0.881262, -0.468037
-7.86618, -6.21519, -1.44951, -0.0445687, 0.041718, 0.884714, -0.462119
-7.87807, -6.10893, -1.41499, -0.0427787, 0.0399493, 0.887661, -0.456762
-7.86695, -6.01759, -1.41739, -0.0431989, 0.0381298, 0.889932, -0.45244
-7.8577, -5.93746, -1.31196, -0.0382396, 0.0368494, 0.892024, -0.448858
-7.8295, -5.84424, -1.37616, -0.0416364, 0.0361636, 0.89395, -0.44476
-7.77191, -5.77702, -1.49111, -0.047632, 0.0366939, 0.894915, -0.442167
-7.70583, -5.73919, -1.52919, -0.0505586, 0.0417885, 0.895241, -0.440727
-7.73265, -5.58634, -1.53731, -0.0509634, 0.0431162, 0.898875, -0.433091
-7.84241, -5.34113, -1.43481, -0.0448836, 0.0412255, 0.90528, -0.420422
-7.94217, -5.06398, -1.44792, -0.0450288, 0.0378911, 0.91193, -0.406104
-8.00295, -4.85062, -1.39143, -0.0427551, 0.0413745, 0.916998, -0.394429
-8.05687, -4.59387, -1.50676, -0.0482847, 0.0379912, 0.922611, -0.380808
-8.0486, -4.44126, -1.58801, -0.0529404, 0.0419024, 0.92575, -0.372061
-8.10265, -4.18833, -1.62786, -0.0546384, 0.0446045, 0.931132, -0.357796
-8.18828, -3.89873, -1.57134, -0.0505605, 0.0412271, 0.937348, -0.342233
-8.23675, -3.66752, -1.52321, -0.0477264, 0.0416225, 0.942006, -0.329567
-8.25255, -3.47956, -1.51367, -0.0472073, 0.039451, 0.945537, -0.319647
-8.25528, -3.32613, -1.44994, -0.0437885, 0.0336423, 0.948441, -0.312108
-8.20927, -3.26496, -1.42576, -0.0428897, 0.0303729, 0.949427, -0.309558
-8.11603, -3.26268, -1.52797, -0.0487979, 0.025533, 0.948928, -0.310647
-7.95511, -3.41398, -1.61677, -0.0543945, 0.0279623, 0.945471, -0.319913
-7.80786, -3.57415, -1.58195, -0.0526315, 0.0272796, 0.942093, -0.33007
-7.66764, -3.67972, -1.63406, -0.0558956, 0.0261358, 0.939437, -0.337121
-7.5443, -3.78595, -1.58339, -0.0533503, 0.023495, 0.937089, -0.344189
-7.3903, -3.928, -1.55566, -0.0534973, 0.0269271, 0.933835, -0.352654
-7.27845, -4.0038, -1.46877, -0.0498501, 0.0287813, 0.93235, -0.356946
-7.16431, -4.05364, -1.46464, -0.0505704, 0.0301312, 0.931304, -0.359456
-7.01831, -4.13608, -1.53352, -0.0560435, 0.0365197, 0.929241, -0.363369
-6.89636, -4.20164, -1.53338, -0.0563985, 0.0365619, 0.92782, -0.366923
-6.72319, -4.35153, -1.5059, -0.0555418, 0.035656, 0.924146, -0.376294
-6.55259, -4.53656, -1.30171, -0.0446887, 0.0381585, 0.919834, -0.387881
-6.36588, -4.67998, -1.28841, -0.0446679, 0.0346602, 0.91568, -0.397912
-6.17411, -4.81792, -1.2714, -0.0452818, 0.0353787, 0.91133, -0.407647
-5.995, -4.91839, -1.30161, -0.0496402, 0.0404139, 0.907661, -0.414794
-5.79611, -5.01717, -1.39772, -0.0582318, 0.0460968, 0.903453, -0.422204
-5.66207, -5.07829, -1.31068, -0.0531491, 0.0465129, 0.901209, -0.427591
-5.56595, -5.10851, -1.16601, -0.0448967, 0.0490803, 0.900217, -0.430332
-5.52427, -5.03555, -1.24384, -0.0484876, 0.0412441, 0.902345, -0.426288
-5.481, -5.00178, -1.12793, -0.0414917, 0.0405371, 0.903751, -0.42411
-5.41068, -4.97568, -1.12546, -0.0423542, 0.0407701, 0.904533, -0.422331
-5.32583, -4.94955, -1.20522, -0.0502073, 0.0462053, 0.905041, -0.419815
-5.27128, -4.90717, -1.21719, -0.0515528, 0.0476644, 0.90652, -0.416283
-5.2215, -4.83571, -1.34288, -0.0592894, 0.0437154, 0.908574, -0.411178
-5.17745, -4.79657, -1.29987, -0.0557402, 0.0413506, 0.910098, -0.40854
-5.08573, -4.80193, -1.2566, -0.0546523, 0.043654, 0.909672, -0.409394
-4.98687, -4.80572, -1.21969, -0.0538398, 0.0442899, 0.909035, -0.410848
-4.89678, -4.78, -1.24906, -0.0570453, 0.0434714, 0.909076, -0.41041
-4.78347, -4.76024, -1.34386, -0.0641564, 0.0412409, 0.908379, -0.411133
-4.64875, -4.79064, -1.32123, -0.0644674, 0.0449934, 0.906222, -0.415429
-4.52938, -4.79953, -1.32922, -0.0653339, 0.0436697, 0.904815, -0.418491
-4.47081, -4.77576, -1.23944, -0.0577753, 0.0404753, 0.905552, -0.41833
-4.42051, -4.72899, -1.20598, -0.0556574, 0.0385845, 0.906959, -0.41574
-4.37855, -4.68585, -1.11796, -0.0505255, 0.0399467, 0.908606, -0.412657
-4.3139, -4.63519, -1.17439, -0.0553996, 0.0382125, 0.909989, -0.409134
-4.19888, -4.63564, -1.21635, -0.0608593, 0.0419937, 0.909184, -0.409778
-4.17322, -4.55114, -1.28305, -0.064585, 0.0387234, 0.912168, -0.402839
-4.11086, -4.50529, -1.31428, -0.0662949, 0.0358548, 0.913396, -0.400034
-4.03152, -4.49587, -1.2356, -0.0614954, 0.0374678, 0.913432, -0.400569
-3.92126, -4.49866, -1.17801, -0.0608508, 0.0422731, 0.912268, -0.402836
-3.82811, -4.45937, -1.20786, -0.0640919, 0.0393569, 0.912263, -0.40264
-3.68204, -4.46477, -1.22216, -0.0670577, 0.0393696, 0.909868, -0.407545
-3.55035, -4.4438, -1.29086, -0.0725913, 0.0361934, 0.908232, -0.41053
-3.4514, -4.42067, -1.26264, -0.0692786, 0.0334417, 0.907584, -0.412762
-3.40047, -4.36858, -1.208, -0.0629398, 0.0297265, 0.908887, -0.411193
-3.34176, -4.31124, -1.19131, -0.0636733, 0.0309798, 0.910082, -0.408335
-3.30073, -4.24861, -1.12344, -0.0605965, 0.034308, 0.912088, -0.404037
-3.29886, -4.13644, -1.13245, -0.0610028, 0.0311337, 0.91641, -0.394337
-3.22729, -4.07764, -1.15395, -0.0654325, 0.033961, 0.917839, -0.390048
-3.19295, -3.98029, -1.22062, -0.0680948, 0.0264829, 0.921138, -0.382318
-3.16606, -3.88708, -1.2313, -0.0671123, 0.0213235, 0.92456, -0.374474
-3.12849, -3.83142, -1.11199, -0.0536714, 0.0170076, 0.926955, -0.370924
-3.0265, -3.82501, -0.959656, -0.0447565, 0.025525, 0.926508, -0.372731
-2.93861, -3.78151, -0.897556, -0.0415386, 0.02735, 0.92702, -0.371698
-2.8298, -3.73731, -0.919792, -0.0473018, 0.0303642, 0.926912, -0.371045
-2.71907, -3.70544, -0.909755, -0.0437774, 0.0265524, 0.926504, -0.372786
-2.5898, -3.69643, -0.85443, -0.0382097, 0.0271785, 0.925064, -0.376905
-2.50268, -3.66016, -0.763365, -0.0314991, 0.0316536, 0.925657, -0.375718
-2.47403, -3.57161, -0.706078, -0.026155, 0.0292038, 0.929595, -0.366491
-2.48317, -3.45697, -0.630991, -0.01636, 0.0235674, 0.935608, -0.351872
-2.44949, -3.35844, -0.665005, -0.0142257, 0.0100663, 0.940129, -0.340372
-2.4267, -3.271, -0.581229, -0.00772593, 0.0158662, 0.944828, -0.327092
-2.42724, -3.15685, -0.543584, -0.00061196, 0.0106114, 0.950494, -0.31056
