4.21839, 3.35976, -0.31625, 0.0418107, 0.0513685, -0.362911, -0.929467
4.28983, 3.40814, -0.300784, 0.0377289, 0.051456, -0.36544, -0.928645
4.3692, 3.43772, -0.371553, 0.0365732, 0.044479, -0.36679, -0.92852
4.44759, 3.46507, -0.391206, 0.0326538, 0.0411682, -0.367786, -0.928425
4.54799, 3.46361, -0.365344, 0.0307042, 0.0414902, -0.366046, -0.929164
4.64232, 3.46507, -0.412822, 0.0344154, 0.0366551, -0.365616, -0.929406
4.7516, 3.45505, -0.34113, 0.0330879, 0.0412193, -0.363494, -0.930096
4.84494, 3.46708, -0.272985, 0.0371146, 0.047903, -0.363962, -0.92944
4.97247, 3.42521, -0.292385, 0.0316849, 0.0445733, -0.35946, -0.931556
5.04518, 3.46034, -0.345323, 0.0336547, 0.040497, -0.362512, -0.93049
5.11874, 3.49204, -0.395517, 0.0320907, 0.0353548, -0.364921, -0.929813
5.18346, 3.54605, -0.325213, 0.0343728, 0.04048, -0.368633, -0.928057
5.25354, 3.59477, -0.245772, 0.0385391, 0.0467534, -0.371363, -0.926509
5.31427, 3.65885, -0.183732, 0.0411151, 0.0517441, -0.375115, -0.924619
5.37887, 3.71691, -0.117379, 0.0380046, 0.0561405, -0.37822, -0.92323
5.41461, 3.81323, -0.206801, 0.0414585, 0.0501237, -0.385533, -0.920398
5.49874, 3.83487, -0.305171, 0.0383756, 0.0414254, -0.386558, -0.920534
5.58913, 3.847, -0.366493, 0.0420101, 0.0366067, -0.386958, -0.920412
5.68425, 3.85621, -0.371794, 0.0431094, 0.0352573, -0.386955, -0.920415
5.77124, 3.88471, -0.314555, 0.0508858, 0.0404854, -0.388377, -0.919203
5.90016, 3.85167, -0.328699, 0.0503038, 0.0389304, -0.385047, -0.920702
6.02852, 3.8152, -0.359867, 0.0459759, 0.035402, -0.381583, -0.922511
6.16002, 3.77493, -0.292191, 0.037935, 0.0378305, -0.377238, -0.924566
6.2633, 3.7773, -0.300661, 0.0375825, 0.0361449, -0.376376, -0.924998
6.36675, 3.78521, -0.237493, 0.0366345, 0.0391817, -0.37525, -0.92537
6.44929, 3.82734, -0.099247, 0.0318251, 0.0470223, -0.376128, -0.924826
6.52866, 3.86799, -0.0185025, 0.0241985, 0.0510844, -0.377134, -0.924432
6.56573, 3.97127, -0.0345844, 0.0227973, 0.0497496, -0.383023, -0.922116
6.60558, 4.06341, -0.15179, 0.0241181, 0.0420293, -0.388554, -0.920151
6.65301, 4.14209, -0.147907, 0.0261174, 0.0415938, -0.392967, -0.91824
6.74302, 4.15629, -0.166344, 0.0269717, 0.0392592, -0.393185, -0.918225
6.82018, 4.19388, -0.100658, 0.0305661, 0.0432719, -0.394978, -0.917162
6.90944, 4.2069, -0.0442538, 0.0324385, 0.0467991, -0.395207, -0.916825
7.02992, 4.16265, -0.0314723, 0.0290367, 0.0467174, -0.391895, -0.918364
7.12448, 4.16064, -0.0270637, 0.0269578, 0.046327, -0.391271, -0.918713
7.19547, 4.20415, -0.0541328, 0.0276841, 0.0439103, -0.393399, -0.917901
7.25286, 4.27682, -0.1098, 0.0277869, 0.0395828, -0.397174, -0.916468
7.32594, 4.32299, 0.00253744, 0.0236431, 0.0447679, -0.398694, -0.915685
7.36547, 4.41938, 0.0777986, 0.0210257, 0.0486298, -0.403353, -0.913509
7.43183, 4.469, 0.0732671, 0.0194753, 0.0482375, -0.405278, -0.912712
7.47247, 4.55721, 0.0598436, 0.0195893, 0.0474731, -0.409643, -0.910799
7.54882, 4.59071, -0.0214161, 0.0174022, 0.0419294, -0.410927, -0.910537
7.62253, 4.62793, -0.0883717, 0.017531, 0.0372952, -0.412628, -0.909967
7.70822, 4.64318, -0.0784053, 0.0182008, 0.037118, -0.41317, -0.909715
7.75031, 4.72642, -0.0404706, 0.0252777, 0.0400152, -0.417792, -0.907309
7.85341, 4.70971, -0.0427158, 0.025537, 0.0399359, -0.416617, -0.907845
7.93566, 4.71886, -0.00373843, 0.0250258, 0.0418657, -0.416974, -0.907609
8.0157, 4.72916, -0.0149798, 0.0215717, 0.0405164, -0.417465, -0.907533
8.05425, 4.80735, -0.0376481, 0.0219377, 0.038748, -0.421728, -0.905628
8.08572, 4.89829, -0.0091261, 0.0214764, 0.0394787, -0.426426, -0.903405
8.10948, 5.0003, 0.0561121, 0.0206841, 0.0423209, -0.431483, -0.90089
8.13199, 5.09828, 0.191253, 0.0185425, 0.0490988, -0.436086, -0.898373
8.12196, 5.25228, 0.0979036, 0.019641, 0.0449025, -0.443996, -0.894687
8.12366, 5.37993, 0.0925933, 0.0215896, 0.0449956, -0.450341, -0.891461
8.19731, 5.40161, 0.0286571, 0.0162719, 0.0405783, -0.451055, -0.891425
8.24317, 5.46366, 0.00968605, 0.0181826, 0.0392141, -0.453978, -0.889964
8.30351, 5.50533, -0.0638683, 0.0206858, 0.0353165, -0.455995, -0.889041
8.40877, 5.47589, 0.0921979, 0.0215395, 0.0426863, -0.454059, -0.889688
8.51148, 5.44942, 0.160666, 0.0243317, 0.0462401, -0.452577, -0.890193
8.65681, 5.35551, 0.179144, 0.0160014, 0.0460285, -0.447867, -0.892771
8.69956, 5.41879, 0.142369, 0.0148886, 0.0440074, -0.451289, -0.891168
8.74587, 5.47849, 0.0755309, 0.0175981, 0.0406834, -0.454458, -0.889664
8.80911, 5.51194, 0.0769673, 0.0194341, 0.0402523, -0.456217, -0.888745
8.85681, 5.56934, 0.149987, 0.0192216, 0.0430777, -0.458982, -0.887192
8.91611, 5.60761, 0.240195, 0.0219081, 0.0472762, -0.460669, -0.886041
8.97293, 5.64281, 0.385166, 0.0178073, 0.0536593, -0.462183, -0.88498
9.08225, 5.6084, 0.341543, 0.0211362, 0.0518989, -0.460328, -0.885979
9.19051, 5.57338, 0.271663, 0.0217696, 0.0484572, -0.458604, -0.887051
9.32335, 5.49732, 0.222991, 0.0203146, 0.0454323, -0.455045, -0.889077
9.46638, 5.40207, 0.181052, 0.023669, 0.0430168, -0.450707, -0.89132
9.6076, 5.29196, 0.362355, 0.0249921, 0.0505041, -0.445609, -0.893452
9.75536, 5.17475, 0.429652, 0.0309458, 0.0534463, -0.440344, -0.895702
9.96203, 4.95136, 0.37582, 0.0320428, 0.0505955, -0.430593, -0.900557
10.1331, 4.78239, 0.294168, 0.0288612, 0.046456, -0.423525, -0.904232
10.2879, 4.63192, 0.228867, 0.0265538, 0.0429424, -0.41725, -0.907388
10.417, 4.53244, 0.106933, 0.023372, 0.036839, -0.413262, -0.909566
10.5232, 4.48197, 0.0270603, 0.0196417, 0.0326396, -0.411218, -0.91074
10.5983, 4.49848, 0.0547999, 0.0212389, 0.0333766, -0.411827, -0.910403
10.6515, 4.55178, 0.174075, 0.0192873, 0.0383985, -0.413867, -0.909322
10.7326, 4.53636, 0.210924, 0.0155085, 0.0399874, -0.413088, -0.909681
10.8207, 4.50437, 0.156998, 0.013062, 0.0376459, -0.411686, -0.910454
10.9622, 4.34547, 0.136456, 0.010166, 0.0364529, -0.404956, -0.913552
11.1274, 4.12355, 0.114401, 0.0126139, 0.0350067, -0.395725, -0.917615
11.3011, 3.8658, 0.0931045, 0.0159253, 0.0334888, -0.385201, -0.922087
11.5057, 3.48356, 0.254162, 0.0231873, 0.0392771, -0.369639, -0.928055
11.7059, 3.06529, 0.317612, 0.0309032, 0.040988, -0.352892, -0.934255
11.9353, 2.42355, 0.511821, 0.0284366, 0.0483888, -0.3274, -0.943217
12.1316, 1.77645, 0.570024, 0.0290482, 0.0499779, -0.301949, -0.95157
12.3053, 1.00032, 0.618927, 0.0322976, 0.0504951, -0.27136, -0.960609
12.4331, 0.119974, 0.662507, 0.032605, 0.050915, -0.236687, -0.969703
12.5004, -0.723978, 0.680227, 0.0282331, 0.0514133, -0.203331, -0.977351
12.5074, -1.5506, 0.74188, 0.0264743, 0.0535525, -0.17025, -0.983588
12.467, -2.32146, 0.79071, 0.0225673, 0.0562478, -0.139108, -0.988421
12.3793, -3.06007, 0.877424, 0.0218436, 0.0598479, -0.108826, -0.992017
12.2063, -3.95952, 0.861389, 0.0201221, 0.0595703, -0.0717623, -0.995438
11.9588, -4.8766, 0.791435, 0.0178666, 0.0574077, -0.0333487, -0.997634
11.5853, -5.87582, 0.836775, 0.0156923, 0.0603028, 0.00964481, -0.99801
11.1229, -6.84798, 0.903269, 0.0176545, 0.0624002, 0.0530603, -0.996483
10.5122, -7.89387, 0.860122, 0.0179879, 0.060655, 0.101592, -0.992812
9.78683, -8.89531, 0.851121, 0.0179324, 0.0608294, 0.150767, -0.986533
8.9929, -9.78782, 0.917544, 0.0174462, 0.0651703, 0.197773, -0.977923
7.97805, -10.7144, 0.829637, 0.00812563, 0.0694725, 0.251117, -0.965426
6.92978, -11.4782, 0.782703, 0.00544337, 0.071631, 0.30093, -0.950936
5.82317, -12.1174, 0.736468, 0.00808231, 0.0695462, 0.349429, -0.934343
4.60679, -12.6594, 0.623711, 0.0132102, 0.0610589, 0.399194, -0.914736
3.40556, -13.0488, 0.447436, 0.0110701, 0.0555572, 0.445369, -0.893553
2.28421, -13.2898, 0.216056, 0.00369614, 0.0527889, 0.486537, -0.872056
1.24809, -13.4099, -0.0269936, -0.00159449, 0.0470516, 0.523373, -0.850802
0.318398, -13.4352, -0.29894, -0.0111989, 0.0451175, 0.555678, -0.830097
-0.620352, -13.3891, -0.314726, -0.0118144, 0.0480248, 0.586968, -0.808098
-1.55778, -13.2744, -0.2575, -0.00872758, 0.0506575, 0.61743, -0.784945
-2.46968, -13.0936, -0.341363, -0.00874889, 0.0475293, 0.646923, -0.761022
-3.2299, -12.8825, -0.35696, -0.00841342, 0.0482709, 0.671386, -0.739486
-4.01339, -12.6145, -0.339713, -0.00633116, 0.0488428, 0.696254, -0.716104
-4.721, -12.3152, -0.505117, -0.01284, 0.0508761, 0.719072, -0.692952
-5.40545, -11.9727, -0.643201, -0.0174354, 0.0521492, 0.741125, -0.669111
-6.17309, -11.5225, -0.882889, -0.0260569, 0.0539834, 0.765715, -0.640381
-6.90201, -11.0227, -1.02682, -0.0279917, 0.0489975, 0.789064, -0.611714
-7.51166, -10.5364, -1.05413, -0.0266963, 0.0468928, 0.808752, -0.58567
-8.05108, -10.0455, -1.00015, -0.0227167, 0.0452974, 0.826352, -0.56087
-8.43701, -9.62322, -1.01208, -0.0209329, 0.0394398, 0.839833, -0.541006
-8.72699, -9.24291, -1.12112, -0.0238957, 0.035437, 0.850773, -0.523793
-8.95404, -8.89829, -1.24, -0.0267317, 0.0293877, 0.859937, -0.508852
-9.05601, -8.66446, -1.39076, -0.0313969, 0.023898, 0.865471, -0.499403
-9.11938, -8.4884, -1.40192, -0.0316975, 0.0242255, 0.86962, -0.492107
-9.17593, -8.32614, -1.36898, -0.0293205, 0.0197994, 0.87345, -0.485626
-9.18932, -8.20669, -1.36455, -0.0298172, 0.021454, 0.876157, -0.480623
-9.18684, -8.11612, -1.29179, -0.0277507, 0.0250513, 0.878308, -0.476631
-9.23934, -7.93756, -1.37336, -0.0318089, 0.0276762, 0.882546, -0.468331
-9.34233, -7.69194, -1.47115, -0.0357753, 0.0286006, 0.888403, -0.456773
-9.48627, -7.38998, -1.55108, -0.0378437, 0.0248039, 0.895457, -0.442843
-9.55765, -7.19229, -1.53974, -0.0360148, 0.0196627, 0.899967, -0.434023
-9.56787, -7.07704, -1.51671, -0.0352705, 0.020954, 0.902506, -0.428719
-9.55167, -6.97856, -1.57224, -0.0381333, 0.021102, 0.90438, -0.424496
-9.52778, -6.87864, -1.65131, -0.0418082, 0.0191944, 0.9061, -0.420555
-9.50376, -6.75889, -1.7867, -0.0483434, 0.0201294, 0.908067, -0.415537
-9.46048, -6.67187, -1.88003, -0.0524447, 0.0189736, 0.909347, -0.412282
-9.43455, -6.60192, -1.81291, -0.0488015, 0.0155346, 0.910715, -0.409848
-9.35524, -6.61619, -1.71104, -0.0453114, 0.0210258, 0.910437, -0.410621
-9.32028, -6.56103, -1.61514, -0.0409168, 0.0189021, 0.911635, -0.408522
-9.25138, -6.53918, -1.58045, -0.0407668, 0.0232463, 0.91208, -0.407317
-9.1665, -6.51337, -1.66785, -0.0464653, 0.0294787, 0.912358, -0.405679
-9.11938, -6.45318, -1.67122, -0.0479067, 0.0365992, 0.913659, -0.401985
-9.13328, -6.29076, -1.74097, -0.050488, 0.0345472, 0.917106, -0.39392
-9.16649, -6.13513, -1.65824, -0.0453718, 0.0291328, 0.920684, -0.386566
-9.17211, -6.02768, -1.52569, -0.0391779, 0.0292429, 0.923157, -0.381303
-9.10738, -6.00013, -1.49026, -0.0381468, 0.0294299, 0.923536, -0.380473
-9.03996, -5.97015, -1.47105, -0.0382314, 0.031567, 0.923807, -0.379634
-8.98421, -5.8875, -1.59341, -0.0440858, 0.0288414, 0.924842, -0.376684
-8.91426, -5.81966, -1.73569, -0.0504741, 0.0246715, 0.925421, -0.374752
-8.90855, -5.69849, -1.71965, -0.049542, 0.024296, 0.92765, -0.369351
-8.88639, -5.60258, -1.69526, -0.0476288, 0.020135, 0.92933, -0.365611
-8.82494, -5.57854, -1.61856, -0.0440483, 0.0194754, 0.929668, -0.365235
-8.73323, -5.59605, -1.56379, -0.0425237, 0.0230926, 0.92915, -0.366522
-8.64661, -5.58336, -1.59944, -0.0444963, 0.0213434, 0.929081, -0.366569
-8.528, -5.64112, -1.54639, -0.0436916, 0.0295715, 0.927771, -0.369402
-8.48271, -5.5586, -1.61719, -0.0467298, 0.0268488, 0.929273, -0.36544
-8.40792, -5.52427, -1.6936, -0.0490121, 0.0180503, 0.929643, -0.364739
-8.2986, -5.58462, -1.61493, -0.0456943, 0.0206997, 0.928384, -0.368221
-8.16745, -5.66179, -1.57597, -0.0451686, 0.024325, 0.926444, -0.372921
-8.05961, -5.68906, -1.57647, -0.0461082, 0.0245938, 0.925416, -0.375332
-7.9394, -5.72695, -1.57431, -0.0476993, 0.028743, 0.924018, -0.378272
-7.82832, -5.74191, -1.59995, -0.049309, 0.0279104, 0.923024, -0.380548
-7.71659, -5.77649, -1.56464, -0.0476727, 0.0287568, 0.921735, -0.383804
-7.6572, -5.73888, -1.55471, -0.0459698, 0.0241018, 0.922219, -0.383169
-7.60383, -5.7225, -1.4303, -0.0388458, 0.0227732, 0.922561, -0.383215
-7.54674, -5.69473, -1.38174, -0.0370267, 0.0242791, 0.923001, -0.382242
-7.52511, -5.63608, -1.26073, -0.0317753, 0.0291954, 0.924504, -0.378721
-7.49698, -5.55301, -1.31383, -0.0347504, 0.0282037, 0.926321, -0.374068
-7.44134, -5.51028, -1.33761, -0.0375461, 0.0333181, 0.927146, -0.371321
-7.43027, -5.41956, -1.32505, -0.037368, 0.0361277, 0.929352, -0.365518
-7.40221, -5.35704, -1.29572, -0.0354651, 0.035804, 0.930895, -0.361795
-7.37056, -5.29343, -1.2946, -0.0357365, 0.0367403, 0.932311, -0.358008
-7.31562, -5.23961, -1.38174, -0.0407055, 0.0337124, 0.933216, -0.355408
-7.23481, -5.22666, -1.40652, -0.0425698, 0.0318071, 0.9331, -0.355669
-7.12748, -5.23965, -1.44733, -0.0460106, 0.0328585, 0.932141, -0.357655
-7.01386, -5.24387, -1.54658, -0.0514543, 0.0292464, 0.931141, -0.359823
-6.89647, -5.30797, -1.40832, -0.0430507, 0.0293343, 0.929291, -0.365657
-6.8025, -5.32689, -1.33826, -0.0391151, 0.0300705, 0.928409, -0.368269
-6.75826, -5.27674, -1.33471, -0.0368227, 0.0227273, 0.929389, -0.366556
-6.67697, -5.26513, -1.3643, -0.0405417, 0.0264514, 0.929207, -0.366376
-6.62716, -5.22032, -1.3782, -0.0431864, 0.0301145, 0.930131, -0.363434
-6.5362, -5.20125, -1.49856, -0.0534603, 0.0360278, 0.929972, -0.361934
-6.47097, -5.16235, -1.55894, -0.059272, 0.0411846, 0.930636, -0.358757
-6.4571, -5.08524, -1.52955, -0.0559123, 0.0375472, 0.933019, -0.353468
-6.37223, -5.09235, -1.50898, -0.0550522, 0.0378019, 0.932814, -0.354116
-6.2908, -5.09952, -1.46974, -0.0522641, 0.0350171, 0.932682, -0.355172
-6.17832, -5.14368, -1.40642, -0.0482497, 0.0322138, 0.931481, -0.359133
-5.98893, -5.25707, -1.38017, -0.0475564, 0.031134, 0.927719, -0.368926
-5.82037, -5.33567, -1.39135, -0.048766, 0.0298535, 0.924749, -0.376257
-5.62185, -5.42438, -1.46981, -0.0543903, 0.0282057, 0.920812, -0.385163
-5.5002, -5.46873, -1.39004, -0.0495303, 0.0291623, 0.919133, -0.389731
-5.41718, -5.47744, -1.30024, -0.041969, 0.0254843, 0.918833, -0.39158
-5.32901, -5.47287, -1.29207, -0.0400173, 0.0200945, 0.918615, -0.392609
-5.25347, -5.46739, -1.21138, -0.0362988, 0.02303, 0.918805, -0.392364
-5.17193, -5.45017, -1.2355, -0.0385247, 0.0220685, 0.919114, -0.391483
-5.04254, -5.47669, -1.24086, -0.040962, 0.0250418, 0.917734, -0.394283
-4.9661, -5.46034, -1.25488, -0.0412002, 0.0231902, 0.918209, -0.393265
-4.86839, -5.46902, -1.24593, -0.036733, 0.0160104, 0.917687, -0.395279
-4.73724, -5.50854, -1.21107, -0.0337426, 0.0148386, 0.915776, -0.399994
-4.59057, -5.55051, -1.20086, -0.0347331, 0.0160063, 0.913367, -0.405338
-4.45253, -5.58618, -1.16316, -0.0315371, 0.0140851, 0.911292, -0.410308
-4.32575, -5.5995, -1.19011, -0.03433, 0.0140247, 0.909819, -0.413345
-4.1698, -5.62427, -1.25703, -0.0402636, 0.013974, 0.907307, -0.418302
-4.02172, -5.65464, -1.25477, -0.0392262, 0.0124606, 0.904767, -0.423913
-3.83682, -5.71191, -1.20108, -0.0395865, 0.019069, 0.900799, -0.432006
-3.73741, -5.71394, -1.17331, -0.0375278, 0.0182487, 0.899939, -0.434014
-3.69279, -5.68949, -1.11047, -0.0346071, 0.0210453, 0.901181, -0.431546
-3.66729, -5.6473, -1.11676, -0.0358566, 0.021009, 0.90339, -0.4268
-3.60476, -5.63015, -1.11068, -0.0395206, 0.0265962, 0.904242, -0.424355
-3.55783, -5.59308, -1.2018, -0.0474227, 0.025505, 0.905874, -0.420111
-3.5394, -5.54861, -1.24531, -0.047271, 0.0197483, 0.908329, -0.415107
-3.46621, -5.54572, -1.20795, -0.043992, 0.0197672, 0.908458, -0.415183
-3.40251, -5.53364, -1.17292, -0.0407863, 0.0186726, 0.908941, -0.414504
-3.33045, -5.52089, -1.14402, -0.0382445, 0.0172054, 0.909186, -0.414274
-3.26317, -5.49843, -1.14297, -0.0396064, 0.0175462, 0.909764, -0.412859
-3.16716, -5.48139, -1.19171, -0.0455756, 0.017696, 0.909407, -0.413023
-3.04191, -5.47917, -1.23588, -0.0493418, 0.0160268, 0.907891, -0.415983
-2.95653, -5.46948, -1.22019, -0.0443749, 0.0119049, 0.907593, -0.41733
-2.85653, -5.47399, -1.16885, -0.0396188, 0.0122145, 0.906664, -0.419811
-2.78706, -5.46215, -1.15137, -0.0355793, 0.00881601, 0.906922, -0.4197
-2.70241, -5.46699, -1.06632, -0.0335213, 0.0157165, 0.906704, -0.42014
-2.66068, -5.44603, -1.07198, -0.0349935, 0.0158596, 0.908342, -0.416461
-2.61806, -5.4365, -1.01494, -0.0359468, 0.0238962, 0.909849, -0.412688
-2.62662, -5.39458, -1.09011, -0.0415649, 0.0209136, 0.913456, -0.404267
-2.5895, -5.37948, -1.09908, -0.0410803, 0.0193414, 0.91504, -0.4008
-2.5404, -5.37395, -1.05239, -0.03722, 0.0208485, 0.915922, -0.399082
-2.49174, -5.35994, -1.03395, -0.0365641, 0.0211866, 0.916868, -0.396947
-2.47195, -5.32982, -1.02591, -0.0353256, 0.019704, 0.918909, -0.392389
-2.44709, -5.29937, -1.01577, -0.0364022, 0.0210769, 0.920755, -0.387867
-2.40886, -5.2628, -1.07992, -0.043527, 0.0194316, 0.922227, -0.3837
-2.3264, -5.25188, -1.06585, -0.0468825, 0.0240105, 0.921852, -0.383946
-2.27974, -5.22361, -1.09118, -0.0494433, 0.0228444, 0.92277, -0.381483
-2.24976, -5.20318, -1.02836, -0.0428862, 0.0242616, 0.924047, -0.379089
-2.24811, -5.16494, -1.03184, -0.0414346, 0.0216971, 0.926475, -0.373439
-2.22319, -5.13971, -0.985807, -0.0385273, 0.023798, 0.927961, -0.369916
-2.20997, -5.10818, -0.965701, -0.0390563, 0.0260046, 0.929994, -0.364568
-2.18037, -5.08152, -0.961875, -0.0427487, 0.0292091, 0.931534, -0.35995
-2.18544, -5.04003, -0.999599, -0.0473401, 0.0288636, 0.934411, -0.351856
-2.25665, -4.96995, -1.09912, -0.0487169, 0.0186287, 0.93967, -0.338081
-2.25897, -4.93405, -1.10744, -0.0480366, 0.0171233, 0.942208, -0.331125
-2.27469, -4.8968, -1.07804, -0.0434578, 0.0169589, 0.945054, -0.323568
-2.28847, -4.86011, -1.02926, -0.0389852, 0.0186721, 0.94779, -0.315953
-2.31508, -4.80511, -1.05785, -0.0381541, 0.0135523, 0.95105, -0.306371
-2.31061, -4.76264, -1.05531, -0.0431742, 0.0171142, 0.953228, -0.298662
-2.31139, -4.70941, -1.10349, -0.0472083, 0.0143066, 0.955656, -0.290325
-2.29727, -4.6676, -1.11545, -0.0477255, 0.0136063, 0.957502, -0.284125
-2.30415, -4.62664, -1.08128, -0.0460567, 0.0164247, 0.959814, -0.276345
-2.352, -4.56951, -1.06781, -0.0417482, 0.0146955, 0.963307, -0.264726
-2.41509, -4.51155, -1.01371, -0.0384187, 0.0186821, 0.967055, -0.250958
-2.50738, -4.44167, -0.959529, -0.0344278, 0.0223458, 0.971453, -0.233654
-2.60849, -4.35191, -1.01621, -0.0412273, 0.0202061, 0.975981, -0.212963
-2.72058, -4.26, -1.02762, -0.0465722, 0.0239662, 0.980261, -0.190642
-2.89992, -4.12188, -1.06078, -0.0489971, 0.0232942, 0.985571, -0.160329
-3.09931, -3.95782, -1.08245, -0.0457619, 0.01945, 0.990553, -0.127796
-3.30095, -3.77869, -1.05363, -0.0404116, 0.0202858, 0.994501, -0.0944627
-3.49874, -3.57173, -1.04956, -0.0387681, 0.0200247, 0.997273, -0.0595194
-3.6845, -3.34302, -1.05578, -0.0367124, 0.0173582, 0.99888, -0.0242974
-3.82668, -3.1227, -1.07255, -0.0374096, 0.0158668, 0.999147, 0.00732986
-3.95696, -2.8807, -1.11714, -0.0381242, 0.01059, 0.998429, 0.0396741
-4.05753, -2.65341, -1.15001, -0.0406322, 0.0095196, 0.996724, 0.0692753
-4.18015, -2.37212, -1.18318, -0.0406913, 0.00517761, 0.993642, 0.104848
-4.29074, -2.08533, -1.18523, -0.0405158, 0.00585934, 0.989151, 0.141079
-4.38753, -1.77697, -1.19971, -0.040842, 0.00462989, 0.983009, 0.178895
-4.46535, -1.43372, -1.23654, -0.0431098, 0.000857318, 0.974578, 0.219858
-4.51774, -1.08243, -1.25032, 0.0441071, -0.000148141, -0.964199, -0.261485
-4.52774, -0.735936, -1.30321, 0.0494797, 0.00281989, -0.952082, -0.301801
-4.50526, -0.388499, -1.36355, 0.0573495, 0.00256181, -0.937758, -0.342512
-4.45355, 0.0372553, -1.42495, 0.0628747, 0.00731598, -0.918084, -0.391299
-4.36203, 0.460501, -1.46286, 0.0672002, 0.00862044, -0.895415, -0.440047
-4.24575, 0.859499, -1.44143, 0.0641017, 0.00889372, -0.871902, -0.485386
-4.08744, 1.26594, -1.40024, 0.0594726, 0.00822716, -0.844668, -0.531913
-3.88909, 1.64741, -1.352, 0.053258, 0.0172138, -0.816867, -0.574105
-3.68893, 1.95059, -1.29479, 0.0474862, 0.0177661, -0.791922, -0.608513
-3.47111, 2.22952, -1.22358, 0.0392495, 0.0193621, -0.767089, -0.640046
-3.24745, 2.45095, -1.21701, 0.0393833, 0.0193383, -0.744426, -0.666261
-3.005, 2.67009, -1.16957, 0.0338956, 0.0216257, -0.719797, -0.693019
-2.75063, 2.85786, -1.14122, 0.0313339, 0.0219855, -0.694846, -0.718139
-2.50833, 3.01032, -1.08778, 0.0242247, 0.0175977, -0.671312, -0.74057
-2.27686, 3.12194, -1.06943, 0.0222631, 0.0145665, -0.650583, -0.758969
-2.04571, 3.20658, -1.07212, 0.023466, 0.0120719, -0.630717, -0.775564
-1.81139, 3.28009, -1.03833, 0.0219852, 0.0182047, -0.611301, -0.790883
-1.60264, 3.31867, -1.06559, 0.0278126, 0.0210109, -0.595581, -0.802539
-1.36738, 3.3599, -1.06029, 0.0303601, 0.028898, -0.576649, -0.815916
-1.13147, 3.39508, -1.01991, 0.0255281, 0.0307306, -0.555842, -0.830327
-0.916765, 3.41486, -1.00357, 0.0249902, 0.031773, -0.537688, -0.842174
-0.718664, 3.42452, -1.00782, 0.0274528, 0.0302245, -0.521489, -0.85228
-0.540039, 3.43522, -0.978447, 0.0231854, 0.0265394, -0.506964, -0.861246
-0.377814, 3.44457, -0.95388, 0.020978, 0.0258797, -0.495002, -0.868253
-0.226907, 3.4558, -0.920171, 0.0186302, 0.0288981, -0.484845, -0.873924
-0.0803546, 3.46544, -0.879917, 0.0148115, 0.0330771, -0.474974, -0.879253
0.0721736, 3.47238, -0.813739, 0.00738724, 0.0384688, -0.463707, -0.885122
0.193887, 3.47086, -0.829119, 0.00804399, 0.0355088, -0.456344, -0.889058
0.312375, 3.46776, -0.829127, 0.00628871, 0.0324208, -0.449325, -0.892758
0.430163, 3.4599, -0.841484, 0.0108177, 0.0323353, -0.44352, -0.895616
0.5627, 3.44406, -0.844265, 0.0132713, 0.0317879, -0.435978, -0.899298
0.709209, 3.42189, -0.809877, 0.0148568, 0.0380382, -0.427442, -0.90312
0.860388, 3.38996, -0.791496, 0.0160311, 0.0417499, -0.418091, -0.907304
1.01511, 3.34889, -0.787309, 0.0144534, 0.0403542, -0.407466, -0.912214
1.13217, 3.32439, -0.76655, 0.00968953, 0.0391575, -0.401269, -0.915072
1.22807, 3.30274, -0.811453, 0.0122481, 0.0324255, -0.397547, -0.916927
1.33023, 3.28547, -0.794426, 0.0115966, 0.0325975, -0.393228, -0.91879
1.42901, 3.27436, -0.764505, 0.0108718, 0.0345703, -0.390391, -0.919935
1.53125, 3.26143, -0.767625, 0.0131641, 0.0342103, -0.387242, -0.921249
1.64277, 3.25135, -0.713024, 0.00721901, 0.0382792, -0.382567, -0.923106
1.73082, 3.24858, -0.75391, 0.0162354, 0.0379254, -0.381619, -0.923398
1.84526, 3.22623, -0.780442, 0.0209675, 0.0362893, -0.376244, -0.925572
1.9778, 3.18447, -0.809212, 0.0172725, 0.0290973, -0.367202, -0.929525
2.12733, 3.12882, -0.800452, 0.0184496, 0.0290861, -0.356605, -0.93362
2.27732, 3.06627, -0.795596, 0.0185796, 0.0280032, -0.345842, -0.93769
2.43571, 2.99349, -0.761453, 0.0199715, 0.0317521, -0.334285, -0.941725
2.585, 2.91862, -0.774294, 0.0273399, 0.0330206, -0.323979, -0.945092
2.75706, 2.81218, -0.748755, 0.0258586, 0.0352129, -0.308636, -0.950176
2.9086, 2.71469, -0.72756, 0.022684, 0.0358558, -0.295178, -0.9545
3.04221, 2.6282, -0.732883, 0.0237191, 0.0344293, -0.283985, -0.957917
3.15898, 2.56483, -0.725543, 0.0226386, 0.033279, -0.275632, -0.96042
3.26283, 2.51863, -0.735098, 0.0202638, 0.0296835, -0.269363, -0.962368
3.35885, 2.49426, -0.699795, 0.0241118, 0.0334082, -0.265594, -0.963204
3.45183, 2.47671, -0.691016, 0.0232192, 0.0333802, -0.262046, -0.964198
3.53, 2.48846, -0.651515, 0.0270178, 0.0388008, -0.261931, -0.963928
3.6183, 2.47401, -0.657758, 0.0294807, 0.0388017, -0.25882, -0.964696
3.7178, 2.4359, -0.654384, 0.0267049, 0.0377546, -0.25288, -0.966392
3.81448, 2.40334, -0.634162, 0.019575, 0.0369165, -0.247494, -0.967988
3.91276, 2.36722, -0.657664, 0.021493, 0.0337315, -0.242583, -0.969306
4.02494, 2.30969, -0.647398, 0.020876, 0.0331571, -0.235284, -0.971137
4.1405, 2.25004, -0.609849, 0.0222283, 0.0362201, -0.228172, -0.972693
4.2434, 2.21563, -0.567368, 0.0212116, 0.0397981, -0.223715, -0.973611
4.36127, 2.14623, -0.528087, 0.0210442, 0.0431796, -0.215978, -0.975216
4.46813, 2.08953, -0.547435, 0.0140159, 0.0395134, -0.209388, -0.976933
4.55155, 2.07643, -0.611059, 0.0173751, 0.0335589, -0.207621, -0.977479
4.6251, 2.08858, -0.632585, 0.0198565, 0.0309631, -0.20779, -0.977482
4.70114, 2.09697, -0.625864, 0.0213552, 0.0308093, -0.207095, -0.977602
4.77619, 2.11924, -0.533385, 0.0215772, 0.0383036, -0.206975, -0.977358
4.84519, 2.15908, -0.446557, 0.0187536, 0.0451541, -0.208016, -0.976902
4.91351, 2.19908, -0.437268, 0.0197604, 0.0463827, -0.209339, -0.976542
5.00444, 2.18235, -0.472649, 0.0175122, 0.0426941, -0.205636, -0.97754
5.09733, 2.15458, -0.549998, 0.0158831, 0.0353553, -0.201371, -0.978748
5.19269, 2.12129, -0.587363, 0.0146115, 0.0311949, -0.196745, -0.979849
5.28833, 2.09077, -0.599524, 0.0184137, 0.0298829, -0.19277, -0.980616
5.38889, 2.05522, -0.524354, 0.0175607, 0.0349327, -0.188229, -0.981346
5.48965, 2.01983, -0.434754, 0.0211702, 0.0422092, -0.184123, -0.981768
5.60125, 1.94938, -0.335311, 0.0199118, 0.0495221, -0.177112, -0.982742
5.70763, 1.88652, -0.354895, 0.0207708, 0.0477673, -0.17128, -0.983844
5.79633, 1.87604, -0.364563, 0.022722, 0.0467655, -0.169603, -0.98414
5.88588, 1.86697, -0.406628, 0.0231428, 0.0426902, -0.167992, -0.984591
5.9685, 1.88278, -0.499082, 0.0233967, 0.0347686, -0.168277, -0.984848
6.05268, 1.90708, -0.399119, 0.018062, 0.0404567, -0.168372, -0.984727
6.11817, 1.98965, -0.353591, 0.0163057, 0.0430836, -0.172914, -0.983859
6.16811, 2.11543, -0.342501, 0.0134165, 0.0435233, -0.180642, -0.982494
6.22808, 2.19633, -0.368614, 0.0098672, 0.041046, -0.18515, -0.981803
6.27115, 2.31175, -0.479783, 0.00684095, 0.0324888, -0.192453, -0.980744
6.315, 2.41711, -0.545346, 0.00632707, 0.027168, -0.199147, -0.979572
6.37203, 2.48346, -0.623202, 0.00871391, 0.0213561, -0.203259, -0.978853
6.43525, 2.5464, -0.594773, 0.00890168, 0.0226318, -0.206983, -0.978042
6.48903, 2.63807, -0.555655, 0.0148197, 0.0260156, -0.212966, -0.976601
6.57537, 2.6406, -0.537386, 0.0158034, 0.0275034, -0.212562, -0.976632
6.65436, 2.65333, -0.503422, 0.0137307, 0.0294246, -0.212801, -0.976556
6.72579, 2.67619, -0.511445, 0.0138454, 0.0288201, -0.213784, -0.976357
6.77334, 2.76216, -0.481718, 0.015017, 0.0304801, -0.21882, -0.975173
6.81916, 2.85375, -0.468472, 0.0151259, 0.0307109, -0.223962, -0.973996
6.85125, 2.98231, -0.387813, 0.0128129, 0.0349986, -0.231078, -0.972221
6.84587, 3.19218, -0.291352, 0.0122962, 0.0409379, -0.243324, -0.969003
6.84761, 3.3741, -0.250367, 0.0113869, 0.0435699, -0.253646, -0.966248
6.87377, 3.49657, -0.32293, 0.0143447, 0.0397289, -0.260219, -0.964625
6.90019, 3.60648, -0.327287, 0.0123977, 0.0389345, -0.266007, -0.963105
6.92126, 3.72248, -0.309007, 0.0131652, 0.0395995, -0.272391, -0.961281
6.9544, 3.81574, -0.346339, 0.0155231, 0.0371024, -0.277554, -0.959868
6.99193, 3.90192, -0.236559, 0.0130638, 0.0426325, -0.282083, -0.958353
7.01092, 4.02697, -0.278024, 0.015432, 0.0406053, -0.289446, -0.956208
7.06672, 4.07794, -0.237787, 0.0136665, 0.0426561, -0.291982, -0.955374
7.06882, 4.21114, -0.12274, 0.00724495, 0.0480177, -0.299682, -0.952802
7.0617, 4.36403, -0.188492, 0.00989924, 0.0446503, -0.308756, -0.950041
7.05083, 4.52436, -0.282373, 0.0118237, 0.0391082, -0.318142, -0.947162
7.0613, 4.64851, -0.338853, 0.0124787, 0.0353427, -0.324966, -0.944983
7.06325, 4.78494, -0.309959, 0.0115402, 0.0362785, -0.332195, -0.942442
7.02969, 4.9752, -0.287005, 0.0115793, 0.0374951, -0.342603, -0.93866
7.01899, 5.12597, -0.304059, 0.0108627, 0.0366178, -0.350503, -0.935782
7.07149, 5.17894, -0.310237, 0.010064, 0.0361728, -0.35234, -0.935119
7.10402, 5.25459, -0.359644, 0.0056054, 0.032205, -0.355783, -0.933996
7.11292, 5.3607, -0.385689, 0.00883169, 0.031207, -0.361409, -0.931843
7.14626, 5.43248, -0.4317, 0.011108, 0.0286938, -0.365101, -0.930459
7.19988, 5.47687, -0.388757, 0.00998809, 0.0302161, -0.367232, -0.929585
7.24808, 5.52725, -0.356413, 0.0127931, 0.0325068, -0.370001, -0.928374
7.30997, 5.55381, -0.212651, 0.0123661, 0.0401716, -0.3712, -0.927601
7.38234, 5.56486, -0.207071, 0.0103589, 0.039925, -0.371682, -0.927443
7.38307, 5.67249, -0.283705, 0.0105782, 0.0358733, -0.377977, -0.925059
7.38793, 5.77243, -0.339817, 0.0115167, 0.0328502, -0.383693, -0.922804
7.3954, 5.87113, -0.371097, 0.0108826, 0.0305174, -0.38913, -0.920613
7.40152, 5.97453, -0.351985, 0.0118092, 0.0312815, -0.394588, -0.91825
7.42244, 6.06144, -0.274333, 0.0134348, 0.0354676, -0.398751, -0.916274
7.43404, 6.1607, -0.241213, 0.0189174, 0.0387357, -0.40356, -0.913937
7.50465, 6.18297, -0.211512, 0.0178021, 0.0399552, -0.403844, -0.913782
7.57342, 6.20637, -0.24043, 0.0190302, 0.0386293, -0.404479, -0.913533
7.67856, 6.18216, -0.294805, 0.0138057, 0.034031, -0.402606, -0.914636
7.78624, 6.15181, -0.304396, 0.0148536, 0.0331382, -0.400622, -0.915523
7.88679, 6.1262, -0.268934, 0.013833, 0.0340254, -0.39909, -0.916176
7.99468, 6.09009, -0.287293, 0.0187019, 0.0339701, -0.39729, -0.916873
8.08348, 6.07193, -0.17062, 0.0195826, 0.0398084, -0.396464, -0.916978
8.20383, 5.99969, -0.0111749, 0.0160385, 0.0465365, -0.392832, -0.918292
8.23252, 6.05372, 0.0543084, 0.0130557, 0.0488221, -0.396046, -0.916839
8.24517, 6.14159, -0.0858777, 0.0122824, 0.0416283, -0.401036, -0.915034
8.24683, 6.23853, -0.084047, 0.0109167, 0.0409104, -0.406202, -0.912802
8.25375, 6.33373, -0.0681726, 0.0100945, 0.0409454, -0.410899, -0.910705
8.25049, 6.44712, -0.0364263, 0.0117838, 0.042446, -0.416281, -0.908168
8.24135, 6.57114, 0.00228179, 0.0120227, 0.0442665, -0.421983, -0.905442
8.23887, 6.68486, 0.0375025, 0.0141611, 0.0465818, -0.427039, -0.902921
8.26221, 6.76616, 0.022999, 0.0166149, 0.0464222, -0.430414, -0.901284
8.31357, 6.81604, -0.152122, 0.0160262, 0.038011, -0.432418, -0.900729
8.37506, 6.84587, -0.148834, 0.0152453, 0.0375197, -0.433312, -0.900334
8.43732, 6.87648, -0.27122, 0.0178779, 0.0319887, -0.434544, -0.899905
8.52971, 6.86603, -0.197062, 0.0151132, 0.034145, -0.433606, -0.900328
8.58575, 6.90269, -0.182237, 0.0182091, 0.0354707, -0.435221, -0.89944
8.6929, 6.8716, -0.104237, 0.0197493, 0.0393508, -0.433352, -0.900148
8.7828, 6.85912, -0.0835381, 0.0168074, 0.0396655, -0.432555, -0.900578
8.76738, 6.98214, -0.140528, 0.0192988, 0.0376795, -0.438478, -0.897744
8.76515, 7.0871, -0.231518, 0.020692, 0.0337894, -0.44338, -0.895458
8.77122, 7.18181, -0.25135, 0.019192, 0.0322609, -0.447499, -0.893496
8.77231, 7.28614, -0.273809, 0.0196638, 0.0311098, -0.451842, -0.891338
8.76553, 7.40182, -0.20415, 0.0202197, 0.0341149, -0.456399, -0.888891
8.76161, 7.51036, -0.0151208, 0.0188614, 0.0420195, -0.460342, -0.886546
8.73248, 7.65445, -0.120682, 0.0215696, 0.0384023, -0.466268, -0.883546
8.78503, 7.69679, -0.0899391, 0.0211499, 0.0396211, -0.467135, -0.883044
8.85523, 7.71863, -0.134248, 0.0194784, 0.0371988, -0.467179, -0.883165
8.93882, 7.72578, -0.163742, 0.0206204, 0.0358477, -0.466512, -0.883547
9.05029, 7.70358, -0.239292, 0.0226085, 0.0326258, -0.464551, -0.884656
9.2048, 7.62705, -0.189024, 0.0202027, 0.033714, -0.460029, -0.887034
9.29551, 7.62431, -0.068314, 0.0262237, 0.0398495, -0.458981, -0.887164
9.45222, 7.53506, 0.0879686, 0.0263272, 0.0462088, -0.453973, -0.889427
9.62681, 7.42371, 0.112052, 0.022365, 0.0461665, -0.448287, -0.892416
9.70546, 7.43983, 0.0367872, 0.0233479, 0.0430887, -0.448411, -0.892483
9.76692, 7.47748, -0.0373228, 0.0240226, 0.0398667, -0.44945, -0.892092
9.80133, 7.54874, -0.0270436, 0.0230512, 0.0396901, -0.451817, -0.890929
9.81945, 7.63895, 0.0787254, 0.0218637, 0.0434076, -0.454761, -0.889286
9.76951, 7.81853, 0.126076, 0.0199915, 0.0449624, -0.461596, -0.885724
9.68364, 8.02955, 0.277469, 0.0190968, 0.0509759, -0.4697, -0.881146
9.60267, 8.23053, 0.357794, 0.0170929, 0.05386, -0.477429, -0.876851
9.53955, 8.42138, 0.203332, 0.0155814, 0.0474585, -0.484907, -0.873138
9.53854, 8.52893, 0.182409, 0.0133689, 0.0458137, -0.488661, -0.871168
9.55108, 8.63094, -0.0521193, 0.0182729, 0.0373023, -0.492282, -0.869444
9.60456, 8.67704, -0.167842, 0.0178632, 0.032306, -0.493576, -0.868918
9.65956, 8.71151, 0.0115205, 0.0172564, 0.0388144, -0.494245, -0.868284
9.72522, 8.73354, 0.134522, 0.0188675, 0.0438824, -0.494424, -0.867907
9.82276, 8.72116, 0.167487, 0.0207225, 0.0456081, -0.493186, -0.86848
9.86659, 8.76534, 0.211624, 0.0198015, 0.0470068, -0.494462, -0.867701
9.82888, 8.9108, 0.0653403, 0.0243951, 0.0423823, -0.500091, -0.864591
9.74345, 9.10124, 0.0296675, 0.0272941, 0.0415435, -0.507532, -0.860198
9.62578, 9.31828, 0.069004, 0.0264659, 0.0427259, -0.516062, -0.855075
9.39926, 9.63564, 0.146776, 0.0289958, 0.0464642, -0.528848, -0.846948
9.08598, 10.0172, 0.2009, 0.0282921, 0.048945, -0.544751, -0.83669
8.74494, 10.3935, 0.247108, 0.0263335, 0.050851, -0.560898, -0.825902
8.38383, 10.7613, 0.221082, 0.0277529, 0.0509409, -0.577139, -0.814583
7.99565, 11.1222, 0.120202, 0.0218342, 0.0459295, -0.593967, -0.80288
7.57397, 11.4738, 0.0705943, 0.0232841, 0.0449406, -0.610866, -0.790114
7.19174, 11.7698, 0.0315247, 0.0239985, 0.044045, -0.625741, -0.778416
6.84149, 12.0207, 0.0993512, 0.0215791, 0.0460198, -0.638924, -0.767588
6.40134, 12.3092, -0.0618351, 0.0283753, 0.0431185, -0.654809, -0.75403
5.84554, 12.6251, -0.137289, 0.0308293, 0.0423136, -0.673307, -0.737507
5.19129, 12.9464, -0.377895, 0.0368947, 0.037024, -0.693843, -0.718227
4.5085, 13.2304, -0.541997, 0.0408052, 0.0338117, -0.713893, -0.698246
3.79604, 13.4762, -0.683343, 0.0383989, 0.0284965, -0.733754, -0.67773
2.968, 13.707, -0.688845, 0.0345912, 0.0276286, -0.755235, -0.653957
2.14464, 13.8802, -0.846435, 0.0370198, 0.0238968, -0.775601, -0.629684
1.41321, 13.9983, -0.859624, 0.0379324, 0.025105, -0.792833, -0.607739
0.612127, 14.0843, -0.810384, 0.041081, 0.0307436, -0.810626, -0.583312
-0.289178, 14.1236, -0.726011, 0.0418138, 0.0370583, -0.829506, -0.555695
-1.2302, 14.0913, -0.899848, 0.045312, 0.0346072, -0.84852, -0.526082
-2.05648, 14.0162, -0.825382, 0.0408093, 0.0365875, -0.864313, -0.499959
-2.74848, 13.9161, -0.657226, 0.0375094, 0.0430148, -0.876819, -0.477421
-3.53329, 13.748, -0.767515, 0.0349685, 0.0376277, -0.890879, -0.451327
-4.24429, 13.5491, -0.914619, 0.0314664, 0.0290461, -0.903243, -0.426988
-4.83182, 13.3472, -1.06354, 0.031082, 0.0224606, -0.913125, -0.405873
-5.33529, 13.1434, -1.18476, 0.0332836, 0.0193801, -0.921332, -0.386864
-5.84951, 12.9178, -1.10903, 0.0354806, 0.0262577, -0.929212, -0.366902
-6.43288, 12.6288, -0.993249, 0.0345307, 0.0325363, -0.937772, -0.343994
-7.0535, 12.2752, -0.963904, 0.0340719, 0.0352332, -0.946551, -0.318807
-7.68727, 11.8704, -0.871713, 0.0316429, 0.0392481, -0.954978, -0.29236
-8.47213, 11.2995, -0.925056, 0.0326962, 0.0401531, -0.964727, -0.25811
-9.36788, 10.5416, -1.03674, 0.0313632, 0.0351269, -0.975074, -0.216824
-10.2451, 9.65424, -1.19597, 0.0327739, 0.0305163, -0.984021, -0.172331
-11.04, 8.70119, -1.22543, 0.0293495, 0.026222, -0.990997, -0.127971
-11.7239, 7.70024, -1.36615, 0.02976, 0.0195381, -0.995824, -0.0840608
-12.2885, 6.72345, -1.28981, 0.024914, 0.0185826, -0.998595, -0.042915
-12.7731, 5.66466, -1.42106, 0.0252975, 0.0110779, -0.999618, -0.000284889
-13.1384, 4.65063, -1.53836, 0.0267674, 0.00604042, -0.99885, 0.0393208
-13.3845, 3.7825, -1.53494, 0.0254046, 0.00452149, -0.997031, 0.0725427
-13.6041, 2.77864, -1.4789, 0.0218784, 0.00171907, -0.993696, 0.109941
-13.7488, 1.74577, -1.42654, 0.0188607, -0.00133844, -0.988857, 0.147659
-13.8004, 0.863478, -1.38606, 0.0166284, -0.00442076, -0.983615, 0.179457
-13.7903, 0.100887, -1.35582, 0.0151169, -0.00691216, -0.978261, 0.206709
-13.7294, -0.545497, -1.43183, 0.0180593, -0.00786348, -0.973045, 0.229773
-13.6347, -1.16702, -1.51455, -0.0209504, 0.00988316, 0.967488, -0.251852
-13.5047, -1.80639, -1.61218, -0.0243236, 0.0121813, 0.961187, -0.274553
-13.3677, -2.27892, -1.73351, -0.029579, 0.00769978, 0.955988, -0.291808
-13.1814, -2.92062, -1.82562, -0.0337216, 0.00235776, 0.948408, -0.315246
-12.9546, -3.60608, -1.87172, -0.0354142, 0.00329954, 0.939716, -0.340101
-12.7295, -4.20625, -1.77867, 0.03192, -0.00657063, -0.931625, 0.361956
-12.4791, -4.76221, -1.74117, 0.0306591, -0.0127441, -0.923395, 0.382411
-12.2593, -5.15102, -1.76535, -0.031967, 0.0153759, 0.917013, -0.397276
-12.0465, -5.46388, -1.85424, -0.03564, 0.0179728, 0.911409, -0.409561
-11.8313, -5.75591, -1.92735, -0.0385992, 0.0181995, 0.90587, -0.421401
-11.6216, -6.03143, -1.94447, -0.0393941, 0.0196441, 0.900523, -0.432575
-11.4539, -6.22812, -1.91323, -0.0383313, 0.0188166, 0.896551, -0.440878
-11.2969, -6.40855, -1.85101, -0.0361288, 0.0181041, 0.892888, -0.448461
-11.1384, -6.5797, -1.83902, -0.0362637, 0.0226218, 0.889298, -0.455326
-11.0425, -6.64766, -1.78014, -0.0345895, 0.0263388, 0.887881, -0.458014
-10.9792, -6.63365, -1.83176, -0.037102, 0.028983, 0.888017, -0.457395
-10.9433, -6.59227, -1.79909, -0.0364643, 0.0384708, 0.888964, -0.4549
-10.9153, -6.49702, -1.9537, -0.0426676, 0.0432761, 0.890739, -0.450433
-10.9055, -6.38185, -2.07086, -0.0469263, 0.0405017, 0.89301, -0.445748
-10.8685, -6.31398, -2.17324, -0.0508607, 0.0348241, 0.894223, -0.443356
-10.7851, -6.36472, -2.12906, -0.0496689, 0.0360815, 0.893293, -0.445263
-10.6474, -6.49735, -2.0878, -0.0489089, 0.0366738, 0.890504, -0.450849
-10.5136, -6.62228, -1.99248, -0.0459938, 0.0372046, 0.887797, -0.456417
-10.415, -6.69298, -1.84334, -0.0407215, 0.0388543, 0.886212, -0.459847
-10.2665, -6.76713, -1.98357, -0.0469524, 0.0384773, 0.883796, -0.463918
-10.1116, -6.84363, -2.1224, -0.0533325, 0.0420034, 0.881178, -0.467885
-10.029, -6.84683, -2.11873, -0.0534581, 0.0429821, 0.880553, -0.468957
-9.97647, -6.84477, -1.96527, -0.0476944, 0.046578, 0.880429, -0.469468
-9.96768, -6.75803, -1.9071, -0.0452247, 0.0446504, 0.882098, -0.466758
-9.97533, -6.6539, -1.80161, -0.0411542, 0.0454352, 0.884273, -0.462928
-9.9981, -6.53044, -1.65064, -0.0348367, 0.0431869, 0.887016, -0.458392
-9.99278, -6.39578, -1.73555, -0.0384183, 0.040073, 0.889634, -0.453287
-9.93391, -6.36681, -1.72398, -0.0384074, 0.0426512, 0.890031, -0.452272
-9.91813, -6.24111, -1.85622, -0.0436753, 0.0395464, 0.892409, -0.447363
-9.87896, -6.19963, -1.8217, -0.0417787, 0.0357615, 0.893268, -0.446148
-9.743, -6.32197, -1.7577, -0.0397821, 0.039316, 0.890446, -0.451639
-9.62044, -6.40957, -1.7409, -0.0397796, 0.0397481, 0.888235, -0.455934
-9.49122, -6.49634, -1.73111, -0.0403126, 0.0408165, 0.885931, -0.460256
-9.40177, -6.54493, -1.58815, -0.0343919, 0.0383518, 0.884727, -0.463253
-9.34443, -6.49883, -1.66351, -0.0376173, 0.034845, 0.885357, -0.462076
-9.25602, -6.50026, -1.71121, -0.0398799, 0.0339177, 0.884794, -0.463031
-9.11142, -6.58037, -1.76262, -0.0430115, 0.0384116, 0.882198, -0.467334
-9.02276, -6.59867, -1.74896, -0.0425276, 0.0382546, 0.881297, -0.469088
-8.93617, -6.63833, -1.62702, -0.0376162, 0.039962, 0.880115, -0.471577
-8.87788, -6.61635, -1.61743, -0.0372163, 0.0365761, 0.880362, -0.471422
-8.83066, -6.57733, -1.59611, -0.0368757, 0.03677, 0.881119, -0.470019
-8.81565, -6.4851, -1.61899, -0.0381436, 0.0351434, 0.883258, -0.46601
-8.76862, -6.40091, -1.79947, -0.046739, 0.0346702, 0.88483, -0.462266
-8.71303, -6.33909, -1.92203, -0.0526427, 0.0354495, 0.885947, -0.459423
-8.69643, -6.23067, -2.03504, -0.0573326, 0.0315223, 0.888289, -0.454601
-8.59012, -6.26196, -2.10237, -0.060632, 0.0295715, 0.887113, -0.456596
-8.43368, -6.40772, -1.98316, -0.0561835, 0.0324417, 0.883519, -0.463881
-8.28076, -6.50884, -1.96846, -0.0566445, 0.0328837, 0.880472, -0.469552
-8.17969, -6.55902, -1.85098, -0.0516409, 0.0309993, 0.879043, -0.472923
-8.05725, -6.61522, -1.77339, -0.049157, 0.0331764, 0.877151, -0.476538
-7.98348, -6.59639, -1.75183, -0.0482417, 0.032, 0.8772, -0.476622
-7.9178, -6.58555, -1.6783, -0.0440824, 0.0292332, 0.87723, -0.477147
-7.88032, -6.54224, -1.62446, -0.0411006, 0.0275554, 0.878225, -0.475682
-7.82006, -6.54186, -1.51278, -0.0353753, 0.0259638, 0.878152, -0.476364
-7.7662, -6.52228, -1.46627, -0.0336649, 0.0270802, 0.878558, -0.475677
-7.73164, -6.47732, -1.43667, -0.0329708, 0.0286617, 0.879779, -0.473371
-7.71815, -6.39606, -1.46684, -0.03548, 0.0319162, 0.882035, -0.46876
-7.72137, -6.29925, -1.45889, -0.0362942, 0.0382149, 0.884836, -0.462912
-7.71587, -6.20786, -1.4703, -0.0385969, 0.0474889, 0.887377, -0.456966
-7.79835, -6.0054, -1.49338, -0.0385572, 0.0438122, 0.893244, -0.445768
-7.7925, -5.92132, -1.4738, -0.0382655, 0.0471078, 0.895593, -0.440715
-7.76662, -5.8816, -1.35125, -0.0327166, 0.0498312, 0.896793, -0.438416
-7.73467, -5.83413, -1.29277, -0.0299926, 0.0486979, 0.898053, -0.436152
-7.67795, -5.80341, -1.30342, -0.0307838, 0.0465233, 0.898641, -0.435123
-7.60529, -5.78681, -1.3259, -0.0327692, 0.0479465, 0.89865, -0.434805
-7.53182, -5.75697, -1.40813, -0.0373262, 0.0472377, 0.898882, -0.434036
-7.4629, -5.72576, -1.47223, -0.041367, 0.04921, 0.899145, -0.432903
-7.4275, -5.66023, -1.50106, -0.0422911, 0.0448678, 0.900577, -0.430302
-7.38569, -5.63916, -1.36606, -0.034421, 0.041106, 0.901142, -0.430196
-7.34471, -5.59486, -1.34752, -0.0334878, 0.0393913, 0.902101, -0.428417
-7.31985, -5.53105, -1.31236, -0.0318841, 0.0387288, 0.903685, -0.425249
-7.317, -5.42163, -1.35789, -0.0345892, 0.0378515, 0.906471, -0.419143
-7.2355, -5.41835, -1.37014, -0.03558, 0.0380125, 0.906262, -0.419496
-7.20316, -5.3477, -1.41114, -0.0383818, 0.0399712, 0.907975, -0.415344
-7.1788, -5.26011, -1.50516, -0.0423425, 0.0329172, 0.910079, -0.410948
-7.06287, -5.34251, -1.36838, -0.0357371, 0.0362737, 0.907835, -0.416225
-6.96492, -5.40151, -1.21869, -0.0273962, 0.0360504, 0.906205, -0.420406
-6.88109, -5.42144, -1.18141, -0.0254056, 0.0344363, 0.905446, -0.422298
-6.8043, -5.42456, -1.17438, -0.0252925, 0.0331012, 0.905069, -0.423219
-6.69765, -5.44775, -1.23909, -0.0297527, 0.03314, 0.903823, -0.425583
-6.60494, -5.45798, -1.25106, -0.029931, 0.030922, 0.903005, -0.427469
-6.46499, -5.5115, -1.33744, -0.0360004, 0.0340446, 0.900509, -0.432006
-6.38912, -5.50874, -1.34759, -0.0356531, 0.0306837, 0.900089, -0.433159
-6.30926, -5.51305, -1.35718, -0.0363132, 0.0298206, 0.899448, -0.434495
-6.25988, -5.48776, -1.3501, -0.0356159, 0.0270361, 0.899911, -0.433775
-6.21983, -5.46228, -1.28279, -0.031679, 0.0255407, 0.900627, -0.432683
-6.18692, -5.42491, -1.25127, -0.030083, 0.0246816, 0.901759, -0.430483
-6.10991, -5.41538, -1.34547, -0.0376167, 0.0281244, 0.901652, -0.429905
-6.02893, -5.41704, -1.40743, -0.0427086, 0.0319677, 0.901304, -0.429888
-5.9894, -5.35765, -1.55815, -0.0512629, 0.0293884, 0.902778, -0.426028
-5.8892, -5.38438, -1.60915, -0.0557847, 0.0326511, 0.90151, -0.427903
-5.77028, -5.45514, -1.53328, -0.0539439, 0.0405063, 0.89901, -0.432701
-5.66799, -5.49777, -1.48982, -0.0531863, 0.0440948, 0.89723, -0.436124
-5.60127, -5.4975, -1.45948, -0.0516537, 0.0424751, 0.896968, -0.437007
-5.52261, -5.49936, -1.4497, -0.0525872, 0.0438984, 0.89637, -0.437982
-5.44573, -5.47922, -1.51586, -0.0575838, 0.043118, 0.896193, -0.437793
-5.35413, -5.46012, -1.61475, -0.0640736, 0.0404077, 0.895646, -0.43827
-5.27316, -5.45139, -1.61369, -0.0646155, 0.0410237, 0.895147, -0.43915
-5.22744, -5.42492, -1.54656, -0.0623465, 0.0462305, 0.895727, -0.437777
-5.21069, -5.37185, -1.4885, -0.0582755, 0.0451676, 0.897498, -0.434812
-5.21551, -5.30425, -1.4091, -0.0517092, 0.0412838, 0.900122, -0.430582
-5.22104, -5.23676, -1.32076, -0.0454637, 0.0393139, 0.902837, -0.425762
-5.188, -5.19443, -1.29112, -0.043419, 0.036914, 0.904325, -0.423023
-5.09498, -5.21452, -1.22313, -0.0418696, 0.0433942, 0.903369, -0.424603
-5.05278, -5.18123, -1.19188, -0.040442, 0.0452785, 0.904639, -0.421832
-5.04185, -5.10304, -1.27009, -0.0449609, 0.0425609, 0.907526, -0.415406
-5.01931, -5.04861, -1.28769, -0.0445337, 0.0382454, 0.909675, -0.411152
-4.9805, -5.00878, -1.30181, -0.0440011, 0.0336792, 0.911094, -0.408456
-4.89569, -5.01455, -1.27386, -0.0432311, 0.0345803, 0.910566, -0.409641
-4.79919, -5.02026, -1.23603, -0.0419676, 0.0356777, 0.90977, -0.411442
-4.69993, -5.01355, -1.25701, -0.0439119, 0.0341211, 0.909132, -0.412778
-4.57243, -5.02281, -1.30417, -0.0471687, 0.0314095, 0.907517, -0.416175
-4.43948, -5.03765, -1.34902, -0.0500963, 0.028782, 0.905562, -0.420262
-4.36466, -5.02327, -1.30961, -0.0460232, 0.0262401, 0.905529, -0.420964
-4.26739, -5.02762, -1.29223, -0.0439147, 0.0236752, 0.904586, -0.423361
-4.152, -5.04326, -1.29319, -0.0450018, 0.0233499, 0.903031, -0.426574
-4.08256, -5.03902, -1.20212, -0.0381008, 0.0228833, 0.903155, -0.427008
-4.00964, -5.02986, -1.16344, -0.0348264, 0.021307, 0.903445, -0.426756
-3.90143, -5.04974, -1.11933, -0.0348116, 0.0275205, 0.902393, -0.428623
-3.83917, -5.02209, -1.17511, -0.0406662, 0.0291855, 0.903477, -0.425703
-3.80575, -4.98452, -1.18285, -0.0401376, 0.027093, 0.905418, -0.42175
-3.72019, -4.98218, -1.19751, -0.0419596, 0.0271265, 0.905173, -0.422095
-3.65131, -4.98163, -1.10711, -0.0355552, 0.0292297, 0.905193, -0.4225
-3.5788, -4.97066, -1.07135, -0.0325211, 0.0277349, 0.905264, -0.422694
-3.49854, -4.95943, -1.04267, -0.0316775, 0.0287507, 0.905066, -0.423114
-3.43731, -4.92582, -1.06874, -0.0358826, 0.0305766, 0.90579, -0.421095
-3.32838, -4.91779, -1.12307, -0.0434947, 0.0340735, 0.904583, -0.422701
-3.19064, -4.93568, -1.1286, -0.0453303, 0.0359656, 0.901955, -0.427936
-3.10479, -4.92676, -1.1203, -0.0430487, 0.0337329, 0.901308, -0.429713
-3.02585, -4.91046, -1.15482, -0.0448014, 0.0306534, 0.901016, -0.430376
-2.95288, -4.8974, -1.1483, -0.0445732, 0.0298734, 0.900869, -0.430762
-2.87881, -4.90067, -1.03761, -0.0380209, 0.0350611, 0.900425, -0.431926
-2.84595, -4.86304, -1.06924, -0.0418968, 0.0343921, 0.902306, -0.427673
-2.78752, -4.84601, -1.07072, -0.045598, 0.0381606, 0.90306, -0.425379
-2.74051, -4.82183, -1.0944, -0.0509383, 0.0417597, 0.904278, -0.421831
-2.71248, -4.79448, -1.08502, -0.0516056, 0.0440496, 0.906003, -0.417797
-2.66787, -4.78151, -1.04582, -0.0492125, 0.0462114, 0.906842, -0.41603
-2.60208, -4.77808, -1.01862, -0.0459731, 0.0447212, 0.906885, -0.416468
-2.53547, -4.76711, -1.02773, -0.0436578, 0.0383179, 0.907125, -0.416832
-2.48987, -4.74659, -1.00838, -0.0413939, 0.0359745, 0.908137, -0.415066
-2.41112, -4.73842, -1.00139, -0.0435647, 0.0376431, 0.907819, -0.415391
-2.29078, -4.74137, -1.03922, -0.0487979, 0.0371896, 0.905987, -0.418835
-2.13839, -4.76573, -1.00571, -0.0511292, 0.0438638, 0.902516, -0.425355
-2.01874, -4.78089, -0.929241, -0.0469173, 0.0491511, 0.900163, -0.430219
-1.95992, -4.75897, -0.968877, -0.0466304, 0.0429999, 0.900885, -0.429399
-1.88249, -4.75178, -0.969343, -0.043623, 0.0386775, 0.900646, -0.430625
-1.80682, -4.74547, -0.966319, -0.0436351, 0.0374439, 0.900483, -0.431073
-1.75634, -4.733, -0.964476, -0.0445539, 0.0368232, 0.901471, -0.428962
-1.7151, -4.71417, -1.0119, -0.0489148, 0.0333328, 0.903141, -0.425244
-1.61927, -4.7254, -0.99343, -0.0545702, 0.040039, 0.90226, -0.425847
-1.55662, -4.72355, -1.02098, -0.0575545, 0.0393481, 0.902985, -0.423978
-1.51195, -4.71179, -1.08966, -0.0616807, 0.034596, 0.904548, -0.420466
-1.44329, -4.70921, -1.12996, -0.0627712, 0.0298395, 0.90491, -0.419888
-1.35527, -4.71626, -1.11572, -0.0597486, 0.0276247, 0.904239, -0.421922
-1.26407, -4.7239, -1.0691, -0.0553572, 0.0275424, 0.903398, -0.424322
-1.17777, -4.72322, -1.03144, -0.0511382, 0.0262483, 0.902897, -0.425997
-1.08162, -4.72135, -0.986162, -0.0477168, 0.0270879, 0.902041, -0.428149
-0.964328, -4.71342, -1.00075, -0.0503167, 0.0258878, 0.900482, -0.431197
-0.842077, -4.71126, -0.966799, -0.0497149, 0.0287599, 0.89851, -0.43518
-0.742903, -4.69923, -0.970515, -0.0478506, 0.0264283, 0.897493, -0.437628
-0.641748, -4.69337, -0.933967, -0.0447465, 0.027996, 0.896169, -0.440562
-0.57783, -4.68379, -0.90288, -0.0407417, 0.0281586, 0.896418, -0.440433
-0.533534, -4.67358, -0.878203, -0.0375307, 0.0276635, 0.897633, -0.43827
-0.504771, -4.66489, -0.858737, -0.0356265, 0.0273328, 0.899651, -0.434295
-0.461959, -4.66253, -0.830464, -0.0349126, 0.0293936, 0.901113, -0.431176
-0.405295, -4.66431, -0.802368, -0.0389716, 0.0351346, 0.901936, -0.42867
-0.396662, -4.6581, -0.826552, -0.041064, 0.0340626, 0.904846, -0.422383
-0.359506, -4.65529, -0.842701, -0.0414748, 0.032454, 0.906442, -0.419035
-0.29188, -4.65703, -0.80045, -0.0366928, 0.0338631, 0.906485, -0.419276
-0.214416, -4.65684, -0.754999, -0.0319938, 0.0351436, 0.906062, -0.420468
-0.125654, -4.64943, -0.766686, -0.0328949, 0.0325451, 0.905365, -0.422105
-0.0187886, -4.64004, -0.749309, -0.0363631, 0.0345401, 0.903818, -0.424968
0.0335139, -4.62455, -0.751327, -0.0394627, 0.0350713, 0.904643, -0.422887
0.123042, -4.60288, -0.807403, -0.0461227, 0.0318861, 0.904139, -0.423542
0.220298, -4.58534, -0.797804, -0.0448759, 0.0321418, 0.903054, -0.425966
0.301485, -4.56881, -0.785341, -0.0423372, 0.0318192, 0.90255, -0.427315
0.371818, -4.5545, -0.792842, -0.0346887, 0.0271339, 0.902463, -0.42851
0.45157, -4.54235, -0.782817, -0.0325376, 0.0261889, 0.901952, -0.42981
0.508639, -4.53681, -0.733839, -0.0243424, 0.0270077, 0.90232, -0.429531
0.572943, -4.53001, -0.743839, -0.0241501, 0.0248521, 0.902651, -0.428977
0.664793, -4.52673, -0.694219, -0.0312695, 0.0322402, 0.901767, -0.429883
0.706481, -4.52712, -0.669924, -0.0372049, 0.037152, 0.903034, -0.426338
0.71265, -4.5308, -0.674831, -0.0403137, 0.0382622, 0.905832, -0.419976
0.743161, -4.53245, -0.666874, -0.0392439, 0.0386253, 0.907434, -0.416572
0.776798, -4.5318, -0.650236, -0.0382773, 0.0396244, 0.908804, -0.41357
0.826962, -4.52531, -0.649244, -0.034237, 0.0373797, 0.909639, -0.412294
0.907411, -4.51193, -0.633525, -0.0289065, 0.035863, 0.909219, -0.413761
0.992853, -4.49207, -0.640261, -0.0308685, 0.0344626, 0.908724, -0.414825
1.05594, -4.47236, -0.660742, -0.0360137, 0.0332306, 0.909228, -0.413404
1.15929, -4.44532, -0.646633, -0.0431033, 0.0363681, 0.90783, -0.415528
1.2693, -4.41519, -0.650177, -0.0474417, 0.036922, 0.906111, -0.418746
1.33492, -4.39666, -0.658655, -0.0442356, 0.0350435, 0.906357, -0.418726
1.39612, -4.38086, -0.684716, -0.0412413, 0.0312394, 0.906882, -0.418196
1.44075, -4.37123, -0.695939, -0.0383216, 0.028533, 0.908083, -0.416056
1.48081, -4.36834, -0.661934, -0.0333317, 0.0298306, 0.909411, -0.413486
1.50661, -4.36953, -0.691555, -0.0336401, 0.0260138, 0.911596, -0.408881
1.59471, -4.36546, -0.595735, -0.0369144, 0.0355852, 0.910844, -0.409554
1.65313, -4.36834, -0.57084, -0.0376536, 0.0381845, 0.911526, -0.407731
1.71057, -4.37091, -0.584256, -0.0410305, 0.037187, 0.912265, -0.405839
1.80787, -4.36018, -0.550571, -0.0431508, 0.0401286, 0.911008, -0.408156
1.87305, -4.35553, -0.518404, -0.0374412, 0.0420783, 0.911077, -0.408369
1.96508, -4.33933, -0.503957, -0.0321374, 0.0418975, 0.910064, -0.41109
2.06108, -4.31906, -0.494248, -0.0290948, 0.0412564, 0.908883, -0.413984
2.19559, -4.2811, -0.427499, -0.0288116, 0.0463188, 0.905791, -0.4202
2.30737, -4.24664, -0.428908, -0.0309509, 0.0455119, 0.903931, -0.424122
2.43564, -4.20229, -0.394743, -0.0359664, 0.0484513, 0.901073, -0.429449
2.54844, -4.16159, -0.380803, -0.0396147, 0.0497809, 0.898883, -0.433544
2.62933, -4.13471, -0.365532, -0.0367209, 0.0512391, 0.898066, -0.43532
2.69851, -4.11396, -0.36282, -0.0351208, 0.0510847, 0.897752, -0.436116
2.75844, -4.09945, -0.377086, -0.0342699, 0.0489412, 0.897937, -0.43605
2.81476, -4.09384, -0.370205, -0.0309581, 0.0487015, 0.897946, -0.436305
2.88329, -4.0847, -0.374822, -0.0288242, 0.0472458, 0.897504, -0.437519
2.9783, -4.0633, -0.34278, -0.0331951, 0.0490895, 0.895682, -0.440729
3.10085, -4.02621, -0.330921, -0.0378351, 0.0494332, 0.892617, -0.446497
3.23032, -3.98379, -0.317104, -0.0412098, 0.0501012, 0.889078, -0.453136
3.40669, -3.90591, -0.325529, -0.0411819, 0.0488059, 0.883047, -0.46492
3.63764, -3.7759, -0.289035, -0.0372068, 0.0518009, 0.873259, -0.483064
3.86523, -3.63239, -0.305125, -0.0299538, 0.0508221, 0.862964, -0.501809
4.12082, -3.4435, -0.29892, -0.0312117, 0.0500356, 0.849851, -0.523712
4.40174, -3.19997, -0.286848, -0.0278001, 0.0507383, 0.833523, -0.549448
4.68116, -2.92108, -0.290238, -0.026283, 0.0496936, 0.815416, -0.576139
4.95611, -2.59932, -0.270138, -0.0294599, 0.0495939, 0.794925, -0.603959
5.21847, -2.23596, -0.269922, -0.0328582, 0.0480087, 0.772182, -0.632732
5.45465, -1.83865, -0.248451, -0.0428139, 0.0453606, 0.747504, -0.661323
5.67061, -1.3765, -0.209257, -0.0454137, 0.0470551, 0.718563, -0.69238
5.84237, -0.901394, -0.205567, -0.0483761, 0.0447152, 0.688709, -0.722039
5.98035, -0.352657, -0.181981, -0.0468096, 0.0467136, 0.653394, -0.754124
6.06493, 0.195232, -0.250089, -0.0375075, 0.0449939, 0.617458, -0.78442
6.0978, 0.700921, -0.291262, -0.0307839, 0.0446648, 0.583141, -0.810558
6.08965, 1.18137, -0.341735, -0.0239089, 0.0443054, 0.549292, -0.834112
6.0541, 1.59701, -0.378608, -0.0186832, 0.0446798, 0.51882, -0.853511
6.00238, 1.96312, -0.382381, -0.0152044, 0.0475515, 0.490949, -0.869757
5.94346, 2.27797, -0.405406, -0.0123158, 0.048227, 0.466185, -0.883286
5.85767, 2.61405, -0.404247, -0.0118553, 0.0499869, 0.438961, -0.897036
5.72742, 2.99587, -0.39672, -0.00901165, 0.0554458, 0.406666, -0.911848
5.57753, 3.34899, -0.390497, -0.00591339, 0.0614585, 0.37516, -0.924901
5.39956, 3.68762, -0.478442, -0.00525072, 0.0526832, 0.343753, -0.937566
5.11987, 4.11962, -0.530054, -0.000311712, 0.0547692, 0.301075, -0.952026
4.77091, 4.559, -0.570371, 0.00240491, 0.0558984, 0.254318, -0.965501
4.34916, 4.99282, -0.644885, 0.00624215, 0.0542507, 0.203302, -0.977592
3.91231, 5.35744, -0.760753, 0.0117337, 0.0486551, 0.154567, -0.986714
3.44787, 5.67847, -0.812538, 0.0120697, 0.0441801, 0.106134, -0.993296
2.93934, 5.96607, -0.835671, 0.0125522, 0.0453807, 0.0554602, -0.99735
2.44171, 6.18454, -0.928938, 0.0182676, 0.0446001, 0.00751857, -0.998809
2.00392, 6.3329, -1.01419, 0.0222061, 0.0407933, -0.0336526, -0.998354
1.60374, 6.4418, -1.01368, 0.0209647, 0.0421312, -0.070741, -0.996384
1.20736, 6.52329, -0.955055, 0.0147139, 0.0436517, -0.106393, -0.993256
0.797975, 6.57445, -0.90816, 0.00920192, 0.0441874, -0.142388, -0.988781
0.364702, 6.5905, -0.932905, 0.00982513, 0.0442747, -0.180258, -0.982573
-0.0977013, 6.56521, -1.0135, 0.0141283, 0.0394126, -0.220279, -0.974538
-0.518814, 6.50722, -1.04857, 0.0151064, 0.0335654, -0.256936, -0.965727
-0.874885, 6.41757, -1.13358, 0.0213465, 0.0301125, -0.289209, -0.956554
-1.14474, 6.32057, -1.18159, 0.0252421, 0.0305019, -0.315266, -0.948177
-1.3649, 6.21752, -1.22608, 0.0286032, 0.0304579, -0.337824, -0.940281
-1.54967, 6.10892, -1.29771, 0.0339442, 0.0274529, -0.357736, -0.932802
-1.67629, 6.01493, -1.34974, 0.0379736, 0.0255423, -0.372931, -0.92673
-1.79378, 5.93251, -1.34414, 0.0374346, 0.0256549, -0.387219, -0.92087
-1.92683, 5.84967, -1.3073, 0.0338907, 0.0201078, -0.402159, -0.914721
-2.05732, 5.77232, -1.23045, 0.0274386, 0.0194393, -0.417461, -0.908073
-2.1805, 5.69041, -1.20756, 0.0257912, 0.0178319, -0.432556, -0.901062
-2.29137, 5.60848, -1.23124, 0.0281867, 0.0171535, -0.447164, -0.893843
-2.34183, 5.55292, -1.27373, 0.0321165, 0.0187122, -0.457202, -0.888586
-2.36712, 5.51636, -1.29755, 0.0339221, 0.0202421, -0.464959, -0.884451
-2.34983, 5.50373, -1.32367, 0.0359636, 0.0225448, -0.468895, -0.882233
-2.30497, 5.50935, -1.32929, 0.0361572, 0.0203746, -0.469686, -0.881858
-2.27216, 5.50311, -1.35891, 0.0384187, 0.0143772, -0.471163, -0.881091
-2.20138, 5.52227, -1.33553, 0.0369961, 0.0200345, -0.47022, -0.881546
-2.14105, 5.52278, -1.36753, 0.0405015, 0.0203762, -0.470206, -0.881391
-2.06702, 5.534, -1.34745, 0.0395526, 0.0213058, -0.469159, -0.88197
-1.99929, 5.52142, -1.42689, 0.0471406, 0.0202198, -0.469514, -0.881433
-1.86474, 5.53959, -1.47302, 0.0519016, 0.0249271, -0.46452, -0.883689
-1.69708, 5.582, -1.43729, 0.0494451, 0.0317394, -0.456032, -0.888022
-1.60532, 5.59393, -1.40077, 0.0468442, 0.0365527, -0.45374, -0.889151
-1.54123, 5.58843, -1.41637, 0.0481599, 0.0339802, -0.453335, -0.889389
-1.48307, 5.58835, -1.39223, 0.0472948, 0.0366726, -0.453749, -0.889118
-1.41881, 5.59554, -1.34144, 0.0440092, 0.0373939, -0.453401, -0.889433
-1.36933, 5.59369, -1.32685, 0.0436256, 0.0366268, -0.454693, -0.888825
-1.30577, 5.59678, -1.32155, 0.044894, 0.041722, -0.455678, -0.888032
-1.26646, 5.59135, -1.34125, 0.0476298, 0.0458553, -0.458923, -0.886012
-1.23584, 5.5867, -1.35314, 0.0477722, 0.0425204, -0.461995, -0.884574
-1.19756, 5.57583, -1.41104, 0.0534098, 0.0426982, -0.465062, -0.882633
-1.1105, 5.5911, -1.37636, 0.0492883, 0.0372468, -0.462547, -0.884439
-1.01345, 5.59807, -1.3762, 0.0501662, 0.0361981, -0.460248, -0.885632
-0.916341, 5.59852, -1.38688, 0.0524129, 0.0356516, -0.458327, -0.88652
-0.786178, 5.60364, -1.37435, 0.0530542, 0.0373372, -0.453987, -0.888643
-0.661545, 5.5984, -1.39393, 0.0561771, 0.0386145, -0.450467, -0.890187
-0.520296, 5.59879, -1.37992, 0.0565106, 0.0418872, -0.445414, -0.892557
-0.39282, 5.60682, -1.30561, 0.0502567, 0.0434834, -0.44051, -0.895285
-0.293788, 5.59991, -1.31633, 0.0518926, 0.0424996, -0.438251, -0.896347
-0.217002, 5.59579, -1.30852, 0.0507783, 0.0383542, -0.437445, -0.896991
-0.146626, 5.60173, -1.24773, 0.0453727, 0.0364998, -0.437185, -0.897484
-0.0701489, 5.61086, -1.19317, 0.0434647, 0.041229, -0.43729, -0.897323
-0.00752521, 5.6199, -1.17389, 0.04462, 0.0459872, -0.439004, -0.896197
0.0128578, 5.626, -1.20073, 0.0461923, 0.0437883, -0.444009, -0.893759
0.0765414, 5.63537, -1.20566, 0.0455881, 0.0414167, -0.444832, -0.893494
0.136863, 5.64256, -1.20646, 0.0432941, 0.0363408, -0.445451, -0.89352
0.238879, 5.6544, -1.14854, 0.0386336, 0.037099, -0.442719, -0.895059
0.342516, 5.65427, -1.16096, 0.0393584, 0.0333764, -0.440025, -0.896501
0.462441, 5.65555, -1.13204, 0.0390905, 0.035997, -0.436391, -0.898187
0.572171, 5.65223, -1.13127, 0.0426853, 0.0410316, -0.434234, -0.898852
0.72552, 5.64435, -1.11066, 0.0427238, 0.0442057, -0.427974, -0.901698
0.862565, 5.63541, -1.07941, 0.0402548, 0.0451694, -0.422521, -0.904331
0.942788, 5.6316, -1.08211, 0.0401313, 0.0439202, -0.421707, -0.904778
1.00843, 5.63179, -1.08421, 0.04243, 0.0455222, -0.422175, -0.904376
1.06953, 5.63997, -1.03811, 0.0407753, 0.0482375, -0.422826, -0.904007
1.09918, 5.65427, -1.0258, 0.0413089, 0.048741, -0.426486, -0.902235
1.13684, 5.67154, -1.00257, 0.0409344, 0.0503207, -0.429662, -0.900657
1.1474, 5.69701, -0.984544, 0.0425849, 0.0550219, -0.435435, -0.897527
1.19406, 5.71317, -0.987566, 0.040555, 0.0520973, -0.43749, -0.896796
1.24626, 5.72193, -1.0299, 0.0407714, 0.0462871, -0.438929, -0.896402
1.32651, 5.73049, -0.974335, 0.0364632, 0.0476449, -0.437804, -0.897066
1.41603, 5.73769, -0.961469, 0.0374261, 0.0483496, -0.436728, -0.897513
1.49866, 5.74097, -0.989902, 0.0366593, 0.0416464, -0.436192, -0.898142
1.60575, 5.73821, -0.993176, 0.0389811, 0.0421561, -0.434276, -0.898948
1.72251, 5.73231, -0.981096, 0.0397786, 0.043819, -0.431514, -0.900163
1.83841, 5.72065, -1.00349, 0.0430093, 0.0436517, -0.428771, -0.901333
1.9473, 5.71025, -1.01895, 0.0427226, 0.0406758, -0.426185, -0.902711
2.0629, 5.69504, -1.03286, 0.0416017, 0.036717, -0.422731, -0.904555
2.15393, 5.69172, -1.01654, 0.0388867, 0.0344772, -0.42132, -0.905422
2.24227, 5.69271, -0.980697, 0.0347873, 0.0331234, -0.420188, -0.906165
2.299, 5.70713, -0.969531, 0.0369718, 0.0349906, -0.422331, -0.905011
2.33138, 5.74159, -0.896185, 0.0344956, 0.0409033, -0.4265, -0.902903
2.3215, 5.78743, -0.923857, 0.0401595, 0.0433948, -0.434471, -0.898743
2.35134, 5.81284, -0.975006, 0.0429848, 0.0402097, -0.438608, -0.896749
2.38871, 5.83278, -1.02343, 0.0438647, 0.0352651, -0.441941, -0.895276
2.45772, 5.84286, -1.01432, 0.0389742, 0.0310337, -0.442557, -0.895355
2.54452, 5.83635, -1.05924, 0.038224, 0.0240309, -0.441977, -0.895889
2.65802, 5.82248, -1.01682, 0.0355071, 0.0248502, -0.439495, -0.897199
2.75614, 5.81007, -1.00992, 0.0410454, 0.0292708, -0.438822, -0.897159
2.8576, 5.79745, -0.964938, 0.0415983, 0.0342035, -0.437476, -0.897616
2.90741, 5.80783, -0.955988, 0.0426356, 0.0359694, -0.440155, -0.896187
2.95016, 5.82036, -0.992855, 0.0411503, 0.0309954, -0.442987, -0.895047
2.99129, 5.84073, -0.972237, 0.0413436, 0.0321266, -0.445937, -0.893532
3.0251, 5.87096, -0.927113, 0.0405284, 0.0346599, -0.44944, -0.891717
3.05903, 5.90467, -0.914566, 0.041556, 0.0354654, -0.453082, -0.889793
3.12271, 5.92898, -0.876791, 0.0428465, 0.0392512, -0.454352, -0.888925
3.15554, 5.97239, -0.831008, 0.0471032, 0.0465925, -0.458096, -0.88643
3.23831, 5.98105, -0.841401, 0.0483445, 0.0462929, -0.457414, -0.886731
3.36477, 5.96144, -0.853542, 0.043069, 0.0412325, -0.452874, -0.889578
3.47791, 5.94844, -0.852348, 0.0434426, 0.040444, -0.449609, -0.891251
3.61073, 5.92052, -0.850472, 0.0433201, 0.0390467, -0.44472, -0.893769
3.76421, 5.88179, -0.759154, 0.0415226, 0.0443873, -0.438228, -0.896806
3.87747, 5.86518, -0.746928, 0.0439427, 0.0459757, -0.435544, -0.897918
4.00163, 5.8395, -0.729579, 0.0470484, 0.04858, -0.432042, -0.899314
4.15442, 5.78781, -0.692323, 0.0428464, 0.0487587, -0.425613, -0.902574
4.23505, 5.78779, -0.700068, 0.0428844, 0.0475591, -0.425275, -0.902796
4.30489, 5.79441, -0.762686, 0.0453747, 0.0429395, -0.425783, -0.902666
4.40793, 5.78097, -0.737478, 0.0427879, 0.0423676, -0.423249, -0.90401
4.50552, 5.77666, -0.700441, 0.0396888, 0.0424112, -0.421347, -0.905038
4.57985, 5.79446, -0.720599, 0.0434965, 0.041593, -0.421926, -0.904631
4.6346, 5.83356, -0.678573, 0.0405947, 0.0433065, -0.423863, -0.903779
4.6717, 5.88783, -0.644672, 0.0453576, 0.0482282, -0.427329, -0.901669
4.7593, 5.8935, -0.691565, 0.0483476, 0.0456309, -0.426529, -0.902027
4.88978, 5.86119, -0.639261, 0.0408815, 0.0455123, -0.421622, -0.904706
4.98659, 5.85691, -0.631557, 0.0375304, 0.0436199, -0.419933, -0.905729
5.0804, 5.8522, -0.711333, 0.0393625, 0.0374073, -0.418933, -0.906392
5.20191, 5.82509, -0.644619, 0.0375816, 0.0404532, -0.415435, -0.907946
5.31985, 5.80043, -0.569, 0.0392335, 0.0457595, -0.412416, -0.908999
5.4608, 5.74998, -0.544283, 0.0398741, 0.0471175, -0.407483, -0.911124
5.58189, 5.71585, -0.562352, 0.0388159, 0.0449739, -0.404212, -0.912734
5.68345, 5.69882, -0.604849, 0.0363375, 0.0406926, -0.402403, -0.913835
5.75226, 5.71926, -0.589735, 0.0368452, 0.041281, -0.403231, -0.913424
5.80757, 5.75845, -0.591623, 0.0375478, 0.0405551, -0.405315, -0.912505
5.88108, 5.78284, -0.542934, 0.0389569, 0.0434361, -0.40573, -0.912128
5.94961, 5.81586, -0.503415, 0.0376592, 0.0452646, -0.406598, -0.911708
5.98059, 5.88995, -0.479969, 0.0399962, 0.0476872, -0.410694, -0.909646
6.05514, 5.91042, -0.456897, 0.0341915, 0.0473221, -0.410685, -0.909906
6.10288, 5.95709, -0.485147, 0.0335998, 0.0451691, -0.413056, -0.908964
6.15599, 5.99362, -0.503785, 0.0314304, 0.0427368, -0.41484, -0.908346
6.23156, 6.00292, -0.544051, 0.030757, 0.0390798, -0.414893, -0.90851
6.33564, 5.97638, -0.567074, 0.0311375, 0.0368257, -0.412587, -0.909641
6.45054, 5.93574, -0.544415, 0.0385429, 0.0397, -0.409508, -0.910627
6.57301, 5.88252, -0.440941, 0.0398875, 0.0461005, -0.405445, -0.912084
6.66368, 5.86335, -0.364554, 0.0416561, 0.0509862, -0.404079, -0.912352
6.70578, 5.90335, -0.305549, 0.0394226, 0.053807, -0.406786, -0.911085
6.75173, 5.94171, -0.353041, 0.0400056, 0.0507171, -0.409496, -0.910022
6.79321, 5.98646, -0.352011, 0.038676, 0.0497952, -0.412298, -0.908864
6.83392, 6.03468, -0.331575, 0.0367303, 0.0497954, -0.415044, -0.907695
6.83797, 6.13163, -0.252637, 0.0395442, 0.0547019, -0.420598, -0.904732
6.85262, 6.21611, -0.144994, 0.0363285, 0.0599711, -0.425089, -0.902431
6.8202, 6.36296, -0.1331, 0.0400507, 0.0619086, -0.433699, -0.898036
6.84869, 6.4352, -0.131492, 0.0406127, 0.0619829, -0.437357, -0.89623
6.92139, 6.45926, -0.230207, 0.0390751, 0.0555168, -0.438188, -0.896316
7.00846, 6.46124, -0.255909, 0.0372477, 0.0528605, -0.437546, -0.896868
7.11439, 6.43794, -0.281501, 0.0387651, 0.0507712, -0.435477, -0.89793
7.23095, 6.39612, -0.240773, 0.039323, 0.0521802, -0.432375, -0.899323
7.35837, 6.33983, -0.259586, 0.0467702, 0.0521213, -0.428726, -0.900716
7.48946, 6.26805, -0.124117, 0.0471142, 0.0591271, -0.423961, -0.902519
7.60858, 6.21199, -0.0874648, 0.0465603, 0.0605049, -0.42053, -0.904061
7.68778, 6.21444, -0.101618, 0.0475218, 0.0594792, -0.42055, -0.904069
7.78525, 6.19908, -0.252362, 0.0487517, 0.0510091, -0.419696, -0.904918
7.89807, 6.15726, -0.287235, 0.0485098, 0.0480853, -0.416821, -0.906419
8.00073, 6.12967, -0.248578, 0.0496176, 0.0493283, -0.414357, -0.907421
8.08199, 6.13606, -0.177188, 0.0502228, 0.0526012, -0.413575, -0.907561
8.1802, 6.11658, -0.0777812, 0.0455397, 0.0565457, -0.411242, -0.90863
8.2271, 6.17652, -0.0431515, 0.0481975, 0.058749, -0.413308, -0.907415
8.29862, 6.19898, -0.00202657, 0.0489932, 0.0606359, -0.413272, -0.907264
8.41983, 6.15489, -0.122285, 0.0434565, 0.052992, -0.410224, -0.909406
8.51752, 6.13544, -0.0955061, 0.0418584, 0.053167, -0.408159, -0.910399
8.60755, 6.13361, -0.158543, 0.0453558, 0.0496159, -0.407269, -0.910831
8.7179, 6.09118, -0.0809278, 0.0438325, 0.0523735, -0.404138, -0.912145
8.8034, 6.09437, -0.0583813, 0.0479961, 0.053616, -0.403549, -0.912124
8.92489, 6.03512, 0.00203685, 0.0496308, 0.0563785, -0.399729, -0.913551
9.06257, 5.93864, 0.0617379, 0.0429309, 0.0580146, -0.394369, -0.916114
9.13849, 5.94768, 0.0574883, 0.0424341, 0.0574822, -0.394422, -0.916148
9.20512, 5.97615, 0.00690731, 0.0429832, 0.0546349, -0.395431, -0.915861
9.27385, 6.004, -0.0367641, 0.041372, 0.0516395, -0.396281, -0.915742
9.33935, 6.04151, -0.0805345, 0.0419603, 0.0489941, -0.3974, -0.915375
9.38029, 6.11721, -0.0141815, 0.0426933, 0.0517806, -0.400045, -0.914035
9.40079, 6.22763, 0.0621718, 0.0427891, 0.0553039, -0.404296, -0.911951
9.43066, 6.3346, -0.0330961, 0.042146, 0.050938, -0.408706, -0.910268
9.48344, 6.38475, -0.045116, 0.0410657, 0.0500707, -0.410609, -0.909509
9.56586, 6.38163, -0.111875, 0.0344198, 0.0459255, -0.410208, -0.910184
9.63205, 6.40063, -0.119687, 0.0339944, 0.0450299, -0.410706, -0.91002
9.69913, 6.42089, -0.211289, 0.0379475, 0.0407933, -0.411468, -0.90972
9.78603, 6.39173, -0.0550055, 0.0388224, 0.0472329, -0.409624, -0.910203
9.85318, 6.4017, 0.0241005, 0.0443005, 0.0510625, -0.409737, -0.909695
9.9503, 6.35969, 0.091484, 0.0463312, 0.0539993, -0.407567, -0.910399
10.0656, 6.28266, 0.135477, 0.043424, 0.0552932, -0.403986, -0.912059
10.1289, 6.30599, 0.0553916, 0.0460227, 0.0517986, -0.405022, -0.911677
10.1833, 6.34179, -0.0332025, 0.0470673, 0.0477057, -0.406566, -0.91116
10.2208, 6.40416, -0.0748027, 0.0472764, 0.0454507, -0.409119, -0.910121
10.2354, 6.50252, -0.0313823, 0.0474456, 0.0469417, -0.412916, -0.90832
10.2339, 6.62751, 0.0414565, 0.0485723, 0.0499233, -0.41763, -0.905943
10.1932, 6.8129, 0.146736, 0.0458658, 0.0543268, -0.42494, -0.902425
10.1163, 7.05454, 0.174988, 0.0453939, 0.0559856, -0.434798, -0.897639
10.1257, 7.15282, 0.131674, 0.0438011, 0.0541235, -0.438428, -0.896065
10.1729, 7.17707, 0.187199, 0.0398706, 0.0558375, -0.438712, -0.896005
10.2284, 7.19714, 0.1439, 0.0410582, 0.053785, -0.438894, -0.895988
10.3607, 7.10522, 0.0259583, 0.0420528, 0.0482766, -0.434327, -0.898477
10.512, 6.97365, -0.000862636, 0.0415056, 0.0462214, -0.428056, -0.901614
10.6764, 6.81306, 0.00673408, 0.0410194, 0.0456611, -0.420685, -0.905128
10.7938, 6.72867, 0.0415321, 0.0423765, 0.0467823, -0.416662, -0.906867
10.9115, 6.63258, 0.174116, 0.0447228, 0.0520598, -0.412095, -0.908552
11.022, 6.54469, 0.25919, 0.04546, 0.0552705, -0.408128, -0.910115
11.0274, 6.65405, 0.240821, 0.0479578, 0.0547558, -0.412582, -0.908008
10.9675, 6.87765, 0.162483, 0.0508253, 0.0521408, -0.421905, -0.903711
10.8514, 7.17644, 0.132066, 0.0499686, 0.0512132, -0.434392, -0.897877
10.6364, 7.61216, 0.101154, 0.050993, 0.0506764, -0.452607, -0.888807
10.3691, 8.0928, 0.0149097, 0.0504012, 0.0479792, -0.472963, -0.87833
9.99966, 8.6583, 0.000676211, 0.0516012, 0.0488767, -0.497, -0.864835
9.52288, 9.28726, -0.0449259, 0.0521253, 0.0490891, -0.524416, -0.848446
8.97831, 9.90011, 0.0662632, 0.05426, 0.0560992, -0.551623, -0.830434
8.38885, 10.4813, 0.0178021, 0.053197, 0.0560893, -0.578991, -0.811661
7.69314, 11.0708, -0.186599, 0.055254, 0.0507955, -0.608698, -0.789844
6.89715, 11.633, -0.385952, 0.056566, 0.045651, -0.639436, -0.7654
6.06244, 12.1196, -0.548935, 0.0568894, 0.0415001, -0.668915, -0.739996
5.1517, 12.5484, -0.755964, 0.0542064, 0.0342712, -0.698722, -0.712513
4.16824, 12.9101, -0.943706, 0.0578364, 0.0304341, -0.728301, -0.682134
3.24756, 13.1638, -1.08795, 0.0576268, 0.0266399, -0.754234, -0.653529
2.30074, 13.3525, -1.05669, 0.0539417, 0.0285827, -0.77908, -0.623946
1.18206, 13.4698, -1.18109, 0.0555977, 0.0270003, -0.806533, -0.587949
0.0462196, 13.4839, -1.2959, 0.0582786, 0.0266701, -0.832446, -0.550387
-1.1773, 13.386, -1.40598, 0.0607768, 0.026817, -0.858367, -0.508717
-2.50473, 13.1337, -1.63784, 0.062864, 0.0210847, -0.884627, -0.461561
-3.86957, 12.7239, -1.75233, 0.0603435, 0.0170013, -0.909536, -0.41087
-5.20372, 12.1475, -1.88071, 0.0590247, 0.0125255, -0.931913, -0.357627
-6.50113, 11.3925, -2.03411, 0.0566587, 0.00463612, -0.951746, -0.301576
-7.72531, 10.4873, -2.06635, 0.0545907, 0.00342178, -0.968395, -0.243348
-8.86574, 9.40067, -2.14527, 0.0573292, 0.00560503, -0.981693, -0.181548
-9.88683, 8.13008, -2.31471, 0.0591507, -1.66486e-05, -0.991322, -0.117394
-10.7259, 6.75468, -2.47769, -0.0607388, 0.00720382, 0.99668, 0.0537444
-11.3531, 5.39435, -2.51851, -0.0610011, 0.00825211, 0.998086, -0.00593187
-11.8414, 3.89247, -2.49956, -0.0580828, 0.0122016, 0.995896, -0.0683274
-12.1335, 2.42108, -2.41447, -0.0530539, 0.0169817, 0.990315, -0.12717
-12.2427, 1.04923, -2.31358, -0.0479421, 0.0232439, 0.982113, -0.180599
-12.2004, -0.180633, -2.24896, -0.0448655, 0.03139, 0.972203, -0.227647
-12.0731, -1.15909, -2.14625, -0.0412707, 0.0372717, 0.962667, -0.264916
-11.9129, -1.85319, -2.09306, -0.0401672, 0.0390302, 0.954936, -0.29148
-11.7485, -2.32424, -2.15006, -0.0430568, 0.0425125, 0.949064, -0.309219
-11.5951, -2.64244, -2.27074, -0.0485388, 0.0446135, 0.944745, -0.321108
-11.4342, -2.97534, -2.34415, -0.0522003, 0.0459217, 0.94009, -0.333761
-11.2535, -3.33339, -2.42675, -0.0563791, 0.0460894, 0.934775, -0.347696
-11.0838, -3.60676, -2.52565, -0.0614758, 0.043194, 0.930373, -0.358833
-10.9169, -3.92922, -2.42749, -0.058627, 0.0412545, 0.925412, -0.372121
-10.7542, -4.19735, -2.34505, -0.0562553, 0.0386335, 0.921011, -0.383513
-10.5976, -4.41293, -2.28494, -0.0545896, 0.0388914, 0.917222, -0.392697
-10.4237, -4.6292, -2.27502, -0.0548464, 0.0379392, 0.91309, -0.402268
-10.2131, -4.87996, -2.33242, -0.0581302, 0.0407609, 0.907922, -0.413081
-10.043, -5.07582, -2.29208, -0.057013, 0.0395656, 0.903899, -0.422078
-9.87588, -5.27688, -2.19546, -0.0538372, 0.0430739, 0.899811, -0.430797
-9.78361, -5.32191, -2.16372, -0.0527455, 0.0382831, 0.898801, -0.433485
-9.69749, -5.37393, -2.04802, -0.048525, 0.0381928, 0.897884, -0.43588
-9.61416, -5.4098, -1.95214, -0.0453031, 0.0403447, 0.897306, -0.437221
-9.52929, -5.41768, -1.96804, -0.0467551, 0.0429451, 0.897179, -0.437081
-9.44025, -5.40229, -2.09949, -0.0527375, 0.0428833, 0.897354, -0.436044
-9.3766, -5.35866, -2.177, -0.056568, 0.0454438, 0.898281, -0.43339
-9.29122, -5.384, -2.14002, -0.055283, 0.0447311, 0.897962, -0.434289
-9.20834, -5.4423, -1.97288, -0.0482428, 0.0437403, 0.8972, -0.436797
-9.07116, -5.53637, -1.98055, -0.0493769, 0.0421539, 0.895062, -0.441191
-8.94037, -5.62643, -1.93397, -0.0479722, 0.0392836, 0.893041, -0.445682
-8.75734, -5.7962, -1.83502, -0.0446331, 0.0395787, 0.889056, -0.453895
-8.54827, -5.94604, -1.93396, -0.0498452, 0.0372115, 0.884801, -0.461798
-8.28133, -6.16626, -2.00659, -0.0551384, 0.0437245, 0.878463, -0.4726
-8.11159, -6.3085, -1.83589, -0.0476334, 0.0431426, 0.87475, -0.480293
-7.97711, -6.37598, -1.79917, -0.0460388, 0.0405986, 0.872696, -0.484391
-7.87637, -6.38863, -1.82465, -0.0473802, 0.0374277, 0.872046, -0.485684
-7.80192, -6.40578, -1.65346, -0.0402693, 0.0383805, 0.871849, -0.486605
-7.76262, -6.35384, -1.6234, -0.0397561, 0.0395212, 0.873415, -0.483738
-7.73094, -6.27573, -1.68834, -0.0436314, 0.0415197, 0.875606, -0.479257
-7.71622, -6.18074, -1.7451, -0.0467658, 0.043809, 0.878332, -0.473736
-7.7119, -6.07878, -1.77999, -0.0484725, 0.0443767, 0.881262, -0.468037
-7.73499, -5.96619, -1.71234, -0.0445687, 0.041718, 0.884714, -0.462119
-7.74472, -5.86314, -1.67705, -0.0427787, 0.0399493, 0.887661, -0.456762
-7.73145, -5.77501, -1.67868, -0.0431989, 0.0381298, 0.889932, -0.45244
-7.72004, -5.69809, -1.57247, -0.0382396, 0.0368494, 0.892024, -0.448858
-7.68969, -5.60808, -1.6359, -0.0416364, 0.0361636, 0.89395, -0.44476
-7.62995, -5.54406, -1.75008, -0.047632, 0.0366939, 0.894915, -0.442167
-7.56172, -5.50944, -1.78739, -0.0505585, 0.0417885, 0.895241, -0.440727
-7.5864, -5.35979, -1.79473, -0.0509634, 0.0431162, 0.898875, -0.433091
-7.69401, -5.11778, -1.69146, -0.0448836, 0.0412254, 0.905279, -0.420422
-7.79163, -4.84382, -1.7038, -0.0450288, 0.0378911, 0.91193, -0.406104
-7.85316, -4.63341, -1.64829, -0.0427551, 0.0413745, 0.916998, -0.394429
-7.90784, -4.37961, -1.7646, -0.0482847, 0.0379912, 0.922611, -0.380808
-7.90032, -4.22995, -1.84683, -0.0529403, 0.0419024, 0.925749, -0.372061
-7.95513, -3.97996, -1.88766, -0.0546384, 0.0446045, 0.931132, -0.357796
-8.04152, -3.69331, -1.83212, -0.0505605, 0.0412271, 0.937348, -0.342233
-8.09074, -3.46504, -1.78497, -0.0477264, 0.0416225, 0.942006, -0.329567
-8.1073, -3.28002, -1.77641, -0.0472073, 0.039451, 0.945537, -0.319647
-8.11078, -3.12954, -1.71366, -0.0437885, 0.0336423, 0.94844, -0.312108
-8.06552, -3.07131, -1.69046, -0.0428897, 0.0303729, 0.949427, -0.309558
-7.97305, -3.07198, -1.79365, -0.0487979, 0.025533, 0.948928, -0.310647
-7.81287, -3.22622, -1.88343, -0.0543945, 0.0279623, 0.945471, -0.319913
-7.66638, -3.38933, -1.84959, -0.0526315, 0.0272796, 0.942093, -0.33007
-7.52692, -3.49784, -1.90268, -0.0558956, 0.0261358, 0.939437, -0.337121
-7.40433, -3.60701, -1.85299, -0.0533503, 0.023495, 0.937089, -0.344189
-7.25109, -3.752, -1.82624, -0.0534973, 0.0269271, 0.933835, -0.352654
-7.13999, -3.83074, -1.74032, -0.0498501, 0.0287813, 0.93235, -0.356946
-7.0266, -3.88351, -1.73717, -0.0505704, 0.0301312, 0.931303, -0.359456
-6.88135, -3.9689, -1.80704, -0.0560435, 0.0365197, 0.929241, -0.363369
-6.76016, -4.03741, -1.80788, -0.0563985, 0.0365619, 0.92782, -0.366923
-6.58775, -4.19025, -1.78137, -0.0555418, 0.035656, 0.924146, -0.376294
-6.4179, -4.37823, -1.57817, -0.0446887, 0.0381585, 0.919834, -0.387881
-6.23195, -4.5246, -1.56585, -0.0446679, 0.0346602, 0.91568, -0.397912
-6.04094, -4.66548, -1.54981, -0.0452818, 0.0353787, 0.91133, -0.407647
-5.86258, -4.76889, -1.581, -0.0496401, 0.0404139, 0.907661, -0.414794
-5.66445, -4.87061, -1.6781, -0.0582318, 0.0460968, 0.903453, -0.422204
-5.53116, -4.93466, -1.59204, -0.0531491, 0.0465129, 0.901209, -0.427591
-5.4358, -4.96783, -1.44834, -0.0448967, 0.0490803, 0.900217, -0.430331
-5.39486, -4.8978, -1.52715, -0.0484876, 0.0412441, 0.902345, -0.426287
-5.35236, -4.86697, -1.41222, -0.0414917, 0.040537, 0.903751, -0.42411
-5.28279, -4.84382, -1.41072, -0.0423542, 0.0407701, 0.904533, -0.422331
-5.19869, -4.82064, -1.49147, -0.0502073, 0.0462053, 0.905041, -0.419815
-5.1449, -4.7812, -1.50442, -0.0515528, 0.0476644, 0.90652, -0.416283
-5.09588, -4.71269, -1.63109, -0.0592894, 0.0437154, 0.908574, -0.411178
-5.05258, -4.67649, -1.58906, -0.0557402, 0.0413506, 0.910098, -0.40854
-4.96162, -4.6848, -1.54677, -0.0546523, 0.043654, 0.909672, -0.409394
-4.86351, -4.69154, -1.51084, -0.0538398, 0.0442899, 0.909034, -0.410848
-4.77418, -4.66875, -1.54119, -0.0570453, 0.0434714, 0.909076, -0.41041
-4.66162, -4.65194, -1.63697, -0.0641563, 0.0412409, 0.908379, -0.411133
-4.52766, -4.68528, -1.61531, -0.0644674, 0.0449934, 0.906222, -0.415429
-4.40905, -4.69712, -1.62428, -0.0653338, 0.0436697, 0.904815, -0.418491
-4.35123, -4.67628, -1.53549, -0.0577753, 0.0404753, 0.905552, -0.41833
-4.30168, -4.63245, -1.503, -0.0556574, 0.0385845, 0.906959, -0.41574
-4.26047, -4.59225, -1.41596, -0.0505255, 0.0399467, 0.908606, -0.412657
-4.19659, -4.54453, -1.47337, -0.0553996, 0.0382125, 0.909989, -0.409134
-4.08231, -4.54793, -1.51631, -0.0608593, 0.0419937, 0.909183, -0.409778
-4.05742, -4.46637, -1.58399, -0.064585, 0.0387234, 0.912167, -0.402839
-3.99581, -4.42347, -1.61621, -0.0662949, 0.0358548, 0.913396, -0.400034
-3.91722, -4.41699, -1.53851, -0.0614954, 0.0374678, 0.913432, -0.400569
-3.80772, -4.42273, -1.48189, -0.0608508, 0.042273, 0.912268, -0.402836
-3.71533, -4.38638, -1.51272, -0.0640919, 0.0393569, 0.912263, -0.40264
-3.57001, -4.39473, -1.528, -0.0670577, 0.0393696, 0.909868, -0.407545
-3.43908, -4.3767, -1.59769, -0.0725913, 0.0361934, 0.908232, -0.41053
-3.34088, -4.3565, -1.57044, -0.0692786, 0.0334417, 0.907584, -0.412762
-3.2907, -4.30736, -1.51678, -0.0629398, 0.0297264, 0.908887, -0.411193
-3.23275, -4.25296, -1.50107, -0.0636733, 0.0309798, 0.910082, -0.408335
-3.19247, -4.19326, -1.43417, -0.0605965, 0.034308, 0.912088, -0.404037
-3.19135, -4.08403, -1.44417, -0.0610028, 0.0311337, 0.91641, -0.394337
-3.12054, -4.02817, -1.46664, -0.0654325, 0.033961, 0.917839, -0.390048
-3.08696, -3.93377, -1.53429, -0.0680948, 0.0264829, 0.921137, -0.382318
-3.06083, -3.84351, -1.54596, -0.0671123, 0.0213235, 0.92456, -0.374474
-3.02401, -3.7908, -1.42763, -0.0536714, 0.0170075, 0.926955, -0.370924
-2.92278, -3.78735, -1.27628, -0.0447565, 0.025525, 0.926508, -0.372731
-2.83564, -3.74679, -1.21516, -0.0415385, 0.02735, 0.92702, -0.371698
-2.72759, -3.70553, -1.23837, -0.0473018, 0.0303642, 0.926912, -0.371045
-2.61761, -3.6766, -1.22931, -0.0437774, 0.0265524, 0.926503, -0.372786
-2.4891, -3.67054, -1.17497, -0.0382097, 0.0271785, 0.925064, -0.376905
-2.40274, -3.63721, -1.08488, -0.0314991, 0.0316536, 0.925657, -0.375718
-2.37483, -3.55159, -1.02857, -0.026155, 0.0292038, 0.929595, -0.366491
-2.38473, -3.43988, -0.954459, -0.01636, 0.0235674, 0.935608, -0.351872
-2.35181, -3.34429, -0.989453, -0.0142257, 0.0100663, 0.940129, -0.340372
-2.32977, -3.25979, -0.906658, -0.00772593, 0.0158662, 0.944828, -0.327092
