7.52844, 4.55508, -0.536462, -0.0469448, -0.0644149, 0.527922, 0.845544
7.6519, 4.50252, -0.602409, -0.0455578, -0.060017, 0.524899, 0.847823
7.737, 4.52287, -0.517138, -0.0385933, -0.0638918, 0.524852, 0.847914
7.78098, 4.61256, -0.482866, -0.036028, -0.0645234, 0.528896, 0.845463
7.82084, 4.70771, -0.585638, -0.0439507, -0.0576535, 0.53409, 0.842314
7.8049, 4.91798, -0.426381, -0.0385415, -0.066379, 0.543037, 0.836193
7.85134, 5.00983, -0.466036, -0.040089, -0.0642307, 0.546979, 0.833716
7.93438, 5.0319, -0.599022, -0.0340145, -0.0568777, 0.547341, 0.834282
8.01915, 5.05525, -0.600542, -0.0311666, -0.055991, 0.547514, 0.834339
8.14099, 5.01348, -0.639141, -0.031211, -0.052568, 0.544803, 0.836333
8.22604, 5.04043, -0.572214, -0.0291141, -0.0548569, 0.545374, 0.835889
8.27871, 5.11509, -0.596138, -0.0249935, -0.0533053, 0.548681, 0.833956
8.4054, 5.08056, -0.512371, -0.028609, -0.0575358, 0.546384, 0.835067
8.54463, 5.01515, -0.417215, -0.0371292, -0.0616685, 0.54268, 0.836849
8.64952, 4.99161, -0.498806, -0.0310838, -0.0571785, 0.540956, 0.838529
8.71165, 5.05104, -0.416516, -0.0268434, -0.0603829, 0.542726, 0.837306
8.71675, 5.21186, -0.365406, -0.0297683, -0.061617, 0.549563, 0.832645
8.76793, 5.2941, -0.50701, -0.0319581, -0.0538203, 0.55288, 0.830907
8.80005, 5.42166, -0.472816, -0.0263901, -0.0557872, 0.557205, 0.828078
8.81176, 5.57664, -0.336418, -0.0226421, -0.062503, 0.562825, 0.823898
8.83634, 5.69011, -0.461599, -0.0174188, -0.0564073, 0.567356, 0.821354
8.89837, 5.7472, -0.410269, -0.0199696, -0.0580723, 0.56926, 0.819861
8.97566, 5.77599, -0.375952, -0.0205789, -0.0586552, 0.569968, 0.819312
9.07896, 5.76547, -0.333948, -0.0240999, -0.0595974, 0.569237, 0.819656
9.18439, 5.75121, -0.346312, -0.0277319, -0.0585249, 0.568601, 0.82006
9.30052, 5.71743, -0.350048, -0.0255009, -0.0583065, 0.56679, 0.821401
9.38675, 5.72695, -0.432783, -0.0276941, -0.0541426, 0.567335, 0.821238
9.47574, 5.72838, -0.49898, -0.0267774, -0.0505806, 0.56733, 0.821499
9.52526, 5.79799, -0.481138, -0.027465, -0.0504387, 0.570059, 0.819594
9.56748, 5.89109, -0.369206, -0.0337841, -0.0541914, 0.573539, 0.816685
9.55971, 6.065, -0.332082, -0.0351462, -0.0554181, 0.580318, 0.811741
9.54764, 6.24576, -0.258558, -0.0334577, -0.0587472, 0.587081, 0.8067
9.5503, 6.39259, -0.353633, -0.0322125, -0.0545832, 0.592923, 0.802761
9.59147, 6.47824, -0.396044, -0.02535, -0.0526934, 0.595791, 0.801008
9.69838, 6.4669, -0.343684, -0.0268577, -0.0539728, 0.594727, 0.801664
9.84852, 6.3883, -0.287704, -0.0233795, -0.0555152, 0.590838, 0.804539
9.96755, 6.35483, -0.161325, -0.0214772, -0.0602812, 0.5889, 0.805669
10.0464, 6.38583, -0.15423, -0.0197749, -0.0606464, 0.589815, 0.805015
10.2774, 6.16459, 0.00987733, -0.0245671, -0.0671015, 0.580447, 0.811156
10.3776, 6.1458, 0.0794132, -0.0259709, -0.0696667, 0.579255, 0.811748
10.5144, 6.0669, -0.340252, -0.0177955, -0.0524607, 0.576369, 0.81531
10.5125, 6.23161, -0.0629714, -0.00757873, -0.0640476, 0.581257, 0.81116
10.4788, 6.44299, 0.112019, -0.00894984, -0.070388, 0.588473, 0.805398
10.5542, 6.48581, 0.0728808, 0.004382, -0.0694622, 0.588698, 0.805351
10.5761, 6.61307, 0.0663748, -0.000759854, -0.0687324, 0.592889, 0.802345
10.5342, 6.82852, 0.0815941, -0.00948235, -0.0685342, 0.600533, 0.796601
10.5949, 6.87718, 0.103875, -0.0137197, -0.0687597, 0.601661, 0.795668
10.6442, 6.9321, 0.335103, -0.017599, -0.0769553, 0.602717, 0.794041
10.6333, 7.06896, 0.615424, -0.03355, -0.0860904, 0.606949, 0.789352
10.6058, 7.23152, 0.809218, -0.0365109, -0.0929072, 0.612063, 0.784483
10.9631, 6.86407, 0.619047, -0.0250941, -0.085595, 0.598238, 0.796338
11.2264, 6.60713, 0.472374, -0.026615, -0.0793393, 0.588691, 0.804015
11.2248, 6.76986, 0.467668, -0.0330591, -0.0781659, 0.594044, 0.799943
11.3909, 6.66727, 0.29692, -0.036606, -0.0702307, 0.590066, 0.803461
11.4669, 6.71882, 0.143012, -0.0383363, -0.0631582, 0.591423, 0.80297
11.4849, 6.86811, 0.076821, -0.039623, -0.0597962, 0.595867, 0.799873
11.5801, 6.886, 0.106446, -0.0249327, -0.0620413, 0.595117, 0.800853
11.6342, 6.96645, 0.134291, -0.0262011, -0.0628471, 0.596954, 0.799381
11.7069, 7.00864, 0.114422, -0.0202572, -0.062477, 0.59751, 0.799167
11.891, 6.86465, -0.167798, -0.025049, -0.0511023, 0.592534, 0.803532
11.9994, 6.84089, -0.205658, -0.0317386, -0.0482652, 0.591439, 0.804278
12.2432, 6.56697, -0.0398328, -0.0320836, -0.0532433, 0.581649, 0.811061
12.2755, 6.67525, -0.118413, -0.0243742, -0.0510443, 0.58502, 0.809044
12.3288, 6.75049, -0.191711, -0.0223039, -0.0487289, 0.587321, 0.807578
12.4644, 6.6747, -0.0609866, -0.0235837, -0.0530986, 0.584329, 0.809434
12.7108, 6.38407, -0.241269, -0.028451, -0.0454972, 0.575058, 0.816351
12.7697, 6.45284, -0.221139, -0.0303611, -0.045418, 0.576947, 0.814953
12.8221, 6.53689, -0.0672791, -0.0296849, -0.0502757, 0.578852, 0.81334
12.8538, 6.66912, -0.250715, -0.0316744, -0.0430856, 0.58277, 0.810876
12.8242, 6.91814, -0.246582, -0.0215934, -0.0446481, 0.589561, 0.8062
12.8298, 7.08651, -0.0253638, -0.0191023, -0.0526424, 0.593784, 0.802674
12.8067, 7.29542, -0.171591, -0.0158583, -0.047974, 0.599889, 0.798486
12.9018, 7.29205, -0.260466, -0.0209249, -0.0439354, 0.599595, 0.798823
13.0274, 7.2316, -0.286826, -0.0200872, -0.0424332, 0.597364, 0.800595
13.1593, 7.15653, -0.075143, -0.0189913, -0.0490709, 0.59456, 0.802328
13.2937, 7.07463, -0.154949, -0.0174108, -0.0463812, 0.592101, 0.804339
13.4083, 7.0288, 0.0374851, -0.0168674, -0.0529658, 0.590375, 0.805213
13.5736, 6.88428, 0.0780456, -0.0208422, -0.0535647, 0.585974, 0.808289
13.7076, 6.79771, -0.0360411, -0.0170173, -0.0500299, 0.583324, 0.810519
13.7965, 6.79525, -0.035823, -0.0170439, -0.0493983, 0.583129, 0.810697
13.8505, 6.87012, -0.0380919, -0.020667, -0.048067, 0.585194, 0.809203
13.9152, 6.92869, -0.0125117, -0.0228922, -0.0480555, 0.586567, 0.808149
13.9322, 7.0864, 0.00495598, -0.0192246, -0.0492671, 0.59061, 0.805222
13.9555, 7.21795, 0.072725, -0.0220485, -0.0511352, 0.594062, 0.802489
14.0798, 7.14955, -0.0340296, -0.0154868, -0.0486207, 0.591807, 0.804463
14.1817, 7.11832, 0.0581884, -0.021784, -0.0501934, 0.590749, 0.804998
14.3443, 6.96242, 0.155066, -0.02236, -0.0525574, 0.586103, 0.808221
14.4717, 6.86687, 0.334158, -0.02337, -0.0574677, 0.583319, 0.809871
14.5604, 6.86857, 0.274792, -0.0243719, -0.0551508, 0.583663, 0.809754
14.6832, 6.79158, 0.374124, -0.0232425, -0.0584782, 0.581548, 0.811074
14.8459, 6.63263, 0.351423, -0.0247316, -0.0572824, 0.577241, 0.814186
14.9968, 6.50653, 0.0496562, -0.0245322, -0.0474831, 0.574152, 0.817002
15.0845, 6.50373, -0.0052971, -0.0211018, -0.0458451, 0.574037, 0.817273
15.1672, 6.51781, 0.0201724, -0.0209478, -0.0460476, 0.574206, 0.817146
15.2113, 6.62724, 0.0872305, -0.0214346, -0.0475932, 0.576707, 0.815282
15.2375, 6.78086, 0.0772537, -0.0191066, -0.0476966, 0.580297, 0.812783
15.2889, 6.86162, 0.206986, -0.0197531, -0.0515237, 0.581862, 0.811413
15.4189, 6.76285, 0.196322, -0.0144395, -0.0521474, 0.578712, 0.813735
15.5184, 6.71263, 0.384605, -0.0195642, -0.0564266, 0.576888, 0.814637
15.7271, 6.42697, 0.272833, -0.0175342, -0.0528541, 0.569049, 0.820416
15.9463, 6.09076, 0.335296, -0.0142174, -0.0548983, 0.559864, 0.826641
16.076, 5.99218, 0.153472, -0.0140417, -0.0491984, 0.557284, 0.828744
16.2248, 5.82893, 0.142803, -0.0146094, -0.0488664, 0.552891, 0.831691
16.3572, 5.67854, 0.330057, -0.0235055, -0.0522529, 0.548806, 0.833984
16.466, 5.61358, 0.0742582, -0.019022, -0.0455756, 0.547084, 0.83562
16.6212, 5.39499, 0.0519913, -0.0180561, -0.0448024, 0.541291, 0.839447
16.713, 5.36639, -0.0324559, -0.0198694, -0.0413236, 0.540397, 0.84016
16.8479, 5.20403, 0.0574364, -0.0259523, -0.0417685, 0.535911, 0.842841
17.0003, 4.98886, 0.108279, -0.0232401, -0.0435729, 0.529843, 0.846657
17.1682, 4.71676, 0.0899383, -0.0220665, -0.0432777, 0.522516, 0.851244
17.3125, 4.48709, 0.159813, -0.0158592, -0.047028, 0.516177, 0.855043
17.4616, 4.2218, -0.0435993, -0.0134617, -0.0416706, 0.509374, 0.85943
17.6219, 3.86365, 0.0725394, -0.0191364, -0.0429351, 0.50027, 0.864592
17.812, 3.30007, 0.27652, -0.0230711, -0.0470172, 0.486098, 0.872334
17.9839, 2.76904, 0.22086, -0.016537, -0.0471591, 0.4729, 0.879697
18.1277, 2.30559, 0.361765, -0.0214808, -0.0494212, 0.461539, 0.885482
18.2851, 1.56072, 0.425254, -0.0234753, -0.0504962, 0.443233, 0.894675
18.4045, 0.838994, 0.52701, -0.02914, -0.0509537, 0.42545, 0.903076
18.5039, -0.120216, 0.317046, -0.0202333, -0.0482193, 0.401662, 0.914294
18.5471, -1.05372, 0.245622, -0.01365, -0.0487688, 0.378118, 0.924371
18.5725, -1.65648, 0.265289, -0.0155919, -0.0480879, 0.362753, 0.930513
18.5707, -2.2683, 0.492998, -0.0189085, -0.0529911, 0.346821, 0.936242
18.5858, -2.63231, 0.620027, -0.0167898, -0.0578657, 0.336973, 0.939584
18.5255, -3.34767, 0.8729, -0.0169643, -0.0657295, 0.318127, 0.945615
18.4205, -4.18274, 0.836092, -0.0131419, -0.0670773, 0.296125, 0.9527
18.2764, -5.05036, 0.613968, -0.0123768, -0.0611035, 0.273132, 0.959954
18.011, -6.12469, 0.551822, -0.0110041, -0.0604299, 0.244114, 0.967799
17.618, -7.34654, 0.467967, -0.00702652, -0.0610694, 0.210317, 0.975699
17.1191, -8.6011, 0.206355, 0.00272678, -0.0607794, 0.174394, 0.982795
16.5774, -9.71573, 0.439637, -0.00389106, -0.0648829, 0.141817, 0.987757
15.7934, -11.0511, 0.380951, 0.000396898, -0.068683, 0.100678, 0.992545
14.9017, -12.312, 0.300061, 0.00385321, -0.0715753, 0.0595917, 0.995646
14.0023, -13.3972, -0.179265, 0.0114753, -0.0641896, 0.0215098, 0.99764
12.9863, -14.4281, -0.652203, 0.0202557, -0.0583526, -0.0177129, 0.997933
12.1879, -15.1357, -0.955367, 0.0257702, -0.0546623, -0.0468677, 0.997071
11.3456, -15.8054, -0.984113, 0.0245721, -0.0541301, -0.075842, 0.995346
10.4975, -16.3983, -1.07668, 0.0274803, -0.0561001, -0.104126, 0.9926
9.69688, -16.8948, -1.15383, 0.0295455, -0.057869, -0.129947, 0.98939
8.77917, -17.3974, -1.19829, 0.0302838, -0.0599777, -0.158271, 0.985107
7.57256, -17.9441, -1.45902, 0.035313, -0.0594201, -0.193792, 0.978605
6.18017, -18.4528, -1.71877, 0.0350657, -0.0512056, -0.232438, 0.970629
4.75597, -18.8508, -1.90873, 0.0366384, -0.0485242, -0.27079, 0.960716
3.3946, -19.1224, -2.07621, 0.0382436, -0.0465014, -0.306524, 0.949957
2.11127, -19.284, -2.26352, 0.0406934, -0.0446058, -0.339668, 0.938605
0.691839, -19.3888, -2.21434, 0.0377713, -0.0461399, -0.375303, 0.924982
-0.592118, -19.3735, -2.35772, 0.0391501, -0.0448301, -0.407322, 0.911343
-1.65941, -19.2835, -2.55574, 0.0396416, -0.0363602, -0.433503, 0.899545
-2.87515, -19.1442, -2.43985, 0.0380952, -0.0460779, -0.463486, 0.884085
-4.08186, -18.895, -2.54244, 0.0368527, -0.0382983, -0.492238, 0.868836
-5.46611, -18.5122, -2.59907, 0.0342991, -0.0288815, -0.524773, 0.85006
-6.48906, -18.1547, -2.58417, 0.0320278, -0.0243036, -0.549153, 0.834754
-7.47965, -17.7398, -2.55965, 0.0306671, -0.0237907, -0.573104, 0.818563
-8.35264, -17.311, -2.51556, 0.029102, -0.0242676, -0.594537, 0.803175
-8.98188, -16.9354, -2.59088, 0.0309408, -0.0258782, -0.610831, 0.790732
-9.55406, -16.5614, -2.63146, 0.0322202, -0.0309532, -0.626118, 0.778447
-10.1638, -16.1193, -2.75093, 0.0346503, -0.031173, -0.642321, 0.765017
-10.8725, -15.5343, -3.07725, 0.042374, -0.0303958, -0.661438, 0.748184
-11.5065, -15.0126, -3.06969, 0.0411929, -0.0262351, -0.678005, 0.733433
-12.132, -14.4142, -3.22401, 0.0446858, -0.0239647, -0.695186, 0.71704
-12.6856, -13.8808, -3.11564, 0.041294, -0.0171246, -0.710034, 0.702747
-13.1632, -13.3648, -3.06546, 0.040012, -0.0205502, -0.724155, 0.688169
-13.6212, -12.838, -2.97955, 0.0374694, -0.016602, -0.737545, 0.674054
-13.9976, -12.3144, -3.08862, 0.0400316, -0.0174167, -0.74993, 0.660075
-14.4656, -11.6704, -3.06154, 0.038724, -0.0208532, -0.764904, 0.642641
-14.811, -11.1499, -2.97539, 0.0356571, -0.0302643, -0.776865, 0.627927
-15.2592, -10.4517, -2.8438, 0.0322209, -0.0212861, -0.791003, 0.610592
-15.4573, -10.0683, -2.73635, 0.0299434, -0.0148403, -0.798377, 0.601229
-15.51, -9.88222, -2.6603, 0.0279662, -0.0175045, -0.80213, 0.596237
-15.5785, -9.62275, -2.71695, 0.029763, -0.0162756, -0.806691, 0.589999
-15.4919, -9.58044, -2.87491, 0.0339475, -0.0184449, -0.807054, 0.589212
-15.4997, -9.40731, -2.93489, 0.0357746, -0.0145116, -0.809726, 0.585538
-15.5155, -9.17624, -3.14265, 0.0415002, -0.0149127, -0.813337, 0.580119
-15.5118, -9.12613, -2.87954, 0.0345321, -0.0121665, -0.814492, 0.579018
-15.5087, -8.96818, -2.95711, 0.0369334, -0.0125573, -0.817017, 0.575293
-15.6176, -8.65458, -2.86475, 0.0348295, -0.0105206, -0.822614, 0.567435
-15.677, -8.36183, -2.94046, 0.037389, -0.00944192, -0.827472, 0.560181
-15.7394, -8.12661, -2.78669, 0.0332645, -0.00791034, -0.83176, 0.554082
-15.837, -7.73221, -2.87666, 0.0364333, -0.00202802, -0.837935, 0.544549
-15.8464, -7.54388, -2.87711, 0.036609, -0.000412204, -0.840924, 0.539914
-15.8441, -7.38297, -2.85447, 0.0354078, -0.00483931, -0.843855, 0.53538
-15.7358, -7.39571, -2.97566, 0.0387248, -0.00832939, -0.843457, 0.535734
-15.6507, -7.33811, -3.11691, 0.042921, -0.0105814, -0.844021, 0.534486
-15.4645, -7.42271, -3.41947, 0.0517923, -0.0119926, -0.841593, 0.537489
-15.1722, -7.67845, -3.78298, 0.0622054, -0.0151033, -0.835898, 0.54514
-15.0213, -7.79008, -3.81199, 0.0630347, -0.0163555, -0.833581, 0.548545
-15.0082, -7.75905, -3.56308, 0.0569256, -0.00665745, -0.833981, 0.548809
-14.9126, -7.87058, -3.33537, 0.0505222, -0.0062062, -0.83241, 0.551818
-14.9243, -7.74156, -3.17485, 0.0464092, -0.004535, -0.83493, 0.548378
-14.9031, -7.59784, -3.20676, 0.048088, -0.00249296, -0.837222, 0.54474
-14.8688, -7.55002, -3.06299, 0.0440353, -0.00220698, -0.83852, 0.543084
-14.813, -7.50833, -3.01173, 0.0422661, -0.00322929, -0.839556, 0.541617
-14.83, -7.29638, -3.03509, 0.0419158, -0.0112683, -0.843898, 0.534745
-14.8876, -7.11584, -2.75953, 0.033416, -0.0117565, -0.847808, 0.529119
-14.8458, -7.02367, -2.80508, 0.0354271, -0.00842125, -0.849162, 0.526875
-14.8218, -6.91429, -2.79174, 0.0356116, -0.00694593, -0.851068, 0.5238
-14.6178, -7.1473, -2.87071, 0.0380948, -0.0108129, -0.846989, 0.530133
-14.3828, -7.40263, -3.01241, 0.0427784, -0.0106085, -0.841915, 0.537806
-14.1435, -7.70964, -3.00033, 0.0420692, -0.0135835, -0.836313, 0.546467
-13.974, -7.81532, -3.16393, 0.0470769, -0.013997, -0.833781, 0.549907
-13.9355, -7.80365, -3.01693, 0.0429984, -0.0073124, -0.833947, 0.550119
-13.8131, -7.8239, -3.17493, 0.0480139, -0.00948685, -0.833166, 0.550852
-13.8809, -7.56023, -3.15806, 0.0483489, -0.00339285, -0.8379, 0.543667
-13.8897, -7.35811, -3.23963, 0.0518396, 0.00118124, -0.841217, 0.538206
-13.9221, -7.30187, -2.83839, 0.0392074, 0.000310945, -0.843737, 0.535324
-13.8441, -7.28373, -2.88387, 0.0402387, -0.00265029, -0.844337, 0.534293
-13.804, -7.11248, -3.14007, 0.0479055, -0.00811122, -0.847384, 0.528752
-13.8048, -7.00126, -3.04752, 0.0453054, -0.00439296, -0.849634, 0.525405
-13.6756, -7.08799, -3.08791, 0.0469083, -0.00545784, -0.848025, 0.527848
-13.5837, -7.15397, -2.97564, 0.0443611, 0.000230335, -0.84669, 0.530234
-13.4482, -7.28688, -2.86623, 0.0410627, -0.00335859, -0.844603, 0.533806
-13.2732, -7.42016, -2.93075, 0.0435963, -0.000254493, -0.841376, 0.538689
-13.0545, -7.64191, -2.95666, 0.0440637, -0.00463321, -0.836958, 0.545471
-12.9436, -7.66432, -3.01183, 0.0459941, -0.00309167, -0.836037, 0.546734
-12.8814, -7.63894, -2.97868, 0.0452847, 0.00222655, -0.836137, 0.546644
-12.745, -7.75276, -2.90151, 0.042876, -0.00292844, -0.834227, 0.549744
-12.7532, -7.5744, -2.94055, 0.0446954, -0.00345094, -0.837803, 0.544129
-12.7351, -7.47778, -2.87516, 0.0430813, 0.000283554, -0.839757, 0.54125
-12.6403, -7.53648, -2.75079, 0.0389214, 0.00120164, -0.838915, 0.542868
-12.6467, -7.37065, -2.77977, 0.0397543, 0.00200285, -0.842365, 0.537436
-12.5728, -7.34652, -2.81536, 0.0408292, 0.000408664, -0.842916, 0.536493
-12.5325, -7.30221, -2.73687, 0.0383059, 0.000651691, -0.844056, 0.534885
-12.4024, -7.3916, -2.70146, 0.0375863, 0.000886172, -0.842132, 0.53796
-12.2178, -7.55183, -2.69012, 0.0376667, -0.00286795, -0.838708, 0.543269
-12.0716, -7.65432, -2.63076, 0.0359112, -0.00535711, -0.836448, 0.546843
-11.8632, -7.79987, -2.7261, 0.0394331, 0.00110556, -0.831979, 0.553403
-11.8, -7.73358, -2.78039, 0.041475, 0.0115703, -0.832135, 0.552899
-11.7438, -7.76573, -2.51041, 0.0319365, 0.0135013, -0.831905, 0.553833
-11.6522, -7.78041, -2.46602, 0.0305454, 0.00990145, -0.831754, 0.554215
-11.6381, -7.6492, -2.51756, 0.0328274, 0.00666461, -0.834732, 0.549636
-11.5514, -7.58611, -2.70802, 0.0401035, 0.00164041, -0.835891, 0.547426
-11.4757, -7.56932, -2.70911, 0.0402496, -0.00162923, -0.836591, 0.546346
-11.4421, -7.4344, -2.859, 0.0454461, -0.00638431, -0.839637, 0.541206
-11.3937, -7.39415, -2.81896, 0.0438006, -0.013451, -0.841252, 0.538698
-11.3644, -7.35105, -2.70904, 0.0398381, -0.014404, -0.842683, 0.53674
-11.2401, -7.40949, -2.72576, 0.0409716, -0.0155745, -0.841261, 0.538849
-11.09, -7.50395, -2.72653, 0.0417162, -0.015951, -0.838863, 0.542507
-10.9552, -7.56706, -2.7234, 0.0421932, -0.0184307, -0.837234, 0.544903
-10.8585, -7.54697, -2.78932, 0.0447819, -0.0149094, -0.836928, 0.545274
-10.7651, -7.52378, -2.86477, 0.0475019, -0.0102578, -0.836602, 0.545651
-10.7198, -7.47161, -2.84244, 0.0466545, -0.0080082, -0.837603, 0.544225
-10.6548, -7.4724, -2.75793, 0.0436213, -0.00839805, -0.837758, 0.544232
-10.7033, -7.27391, -2.76936, 0.0444759, -0.00828184, -0.842574, 0.536678
-10.6184, -7.18619, -3.00982, 0.0543442, -0.00625773, -0.843607, 0.534167
-10.5059, -7.26273, -2.93105, 0.0516407, -0.00391661, -0.84198, 0.537018
-10.3575, -7.38858, -2.85075, 0.048572, -0.00793915, -0.839582, 0.541
-10.2237, -7.46633, -2.83687, 0.0483175, -0.0156262, -0.838272, 0.542882
-10.1466, -7.48865, -2.75246, 0.0449499, -0.0121955, -0.837809, 0.543974
-10.0637, -7.49984, -2.7126, 0.0439357, -0.0146183, -0.837802, 0.544008
-9.90297, -7.61893, -2.64392, 0.0422644, -0.0191814, -0.834962, 0.548347
-9.7903, -7.62643, -2.68558, 0.0447047, -0.0197466, -0.834249, 0.549217
-9.70923, -7.59103, -2.71523, 0.0461336, -0.0172778, -0.834445, 0.548885
-9.55336, -7.64975, -2.75575, 0.0479745, -0.0186631, -0.832223, 0.552046
-9.47058, -7.60151, -2.84919, 0.0515546, -0.0143468, -0.832418, 0.551559
-9.46581, -7.5275, -2.74053, 0.046737, -0.00851931, -0.834265, 0.549313
-9.37892, -7.53733, -2.68142, 0.0452222, -0.0126179, -0.83419, 0.549474
-9.42515, -7.3577, -2.67651, 0.0453423, -0.00923555, -0.838821, 0.542436
-9.40844, -7.26058, -2.67174, 0.0451958, -0.00463885, -0.841108, 0.538956
-9.35276, -7.18027, -2.7692, 0.049601, -0.00847378, -0.843198, 0.535243
-9.3889, -6.96519, -2.89456, 0.05426, -0.00185, -0.84804, 0.527143
-9.30898, -6.99562, -2.7819, 0.0499544, -0.00683948, -0.848141, 0.527366
-9.29842, -6.98487, -2.5094, 0.0383523, -0.0043986, -0.84938, 0.526368
-9.17799, -7.07799, -2.34572, 0.0319923, -0.00526267, -0.847302, 0.530121
-9.02189, -7.155, -2.36378, 0.0337197, -0.0077052, -0.844898, 0.533808
-8.91846, -7.12864, -2.47709, 0.0389901, -0.00651344, -0.844714, 0.533755
-8.74511, -7.19753, -2.55847, 0.0426354, -0.00632984, -0.841818, 0.538037
-8.54988, -7.3009, -2.62118, 0.0455483, -0.00790466, -0.83804, 0.543647
-8.40856, -7.36081, -2.62649, 0.0458786, -0.00717056, -0.835673, 0.547261
-8.29309, -7.40022, -2.59672, 0.0447076, -0.00556131, -0.834064, 0.549826
-8.22441, -7.38143, -2.5749, 0.0447115, -0.00758602, -0.834634, 0.548935
-8.20314, -7.29907, -2.58639, 0.0454802, -0.00422345, -0.836815, 0.545578
-8.10801, -7.34271, -2.48242, 0.0416872, -0.00976934, -0.836413, 0.546425
-8.02913, -7.27363, -2.66695, 0.0503807, -0.0109307, -0.8378, 0.543538
-8.02048, -7.18509, -2.67133, 0.050581, -0.0112467, -0.840772, 0.538903
-7.96979, -7.20714, -2.48852, 0.042501, -0.0130863, -0.841193, 0.538904
-7.83109, -7.3158, -2.32424, 0.0358039, -0.0150349, -0.838413, 0.54365
-7.70999, -7.36638, -2.26592, 0.0333915, -0.0123709, -0.836612, 0.546637
-7.53821, -7.43006, -2.32428, 0.0372143, -0.0140657, -0.833932, 0.550431
-7.36852, -7.46985, -2.43441, 0.0428875, -0.0134908, -0.831447, 0.553782
-7.18865, -7.56568, -2.3894, 0.0408842, -0.013972, -0.827776, 0.559393
-7.07433, -7.59873, -2.35058, 0.0386147, -0.0119573, -0.826229, 0.561883
-6.97855, -7.60358, -2.35611, 0.0377847, -0.00582459, -0.825207, 0.563534
-6.85743, -7.63647, -2.34308, 0.0381884, -0.00768606, -0.823865, 0.565446
-6.7879, -7.61323, -2.36246, 0.0404512, -0.00998006, -0.82474, 0.563975
-6.73288, -7.57681, -2.38389, 0.0411374, -0.00582322, -0.825715, 0.562555
-6.63643, -7.622, -2.25118, 0.0348857, -0.00764226, -0.824923, 0.564116
-6.58278, -7.60118, -2.22307, 0.0337321, -0.00932616, -0.826148, 0.562365
-6.61072, -7.5274, -2.1233, 0.0274194, -0.00500086, -0.829406, 0.557951
-6.56353, -7.50758, -2.06433, 0.0242935, -0.00368291, -0.83028, 0.556805
-6.4566, -7.51585, -2.09176, 0.0264073, -0.00388398, -0.829462, 0.557925
-6.32915, -7.52922, -2.14002, 0.0307676, -0.00822927, -0.828385, 0.559254
-6.20297, -7.52309, -2.23462, 0.035831, -0.00700267, -0.827157, 0.560784
-6.01809, -7.57971, -2.27412, 0.0376963, -0.00627229, -0.823431, 0.566129
-5.89279, -7.58917, -2.32087, 0.0396659, -0.00457149, -0.821716, 0.568497
-5.8341, -7.57208, -2.28891, 0.0368879, -0.00101926, -0.821815, 0.568559
-5.73123, -7.57731, -2.30112, 0.0392626, -0.00465203, -0.82122, 0.56924
-5.71602, -7.51746, -2.31119, 0.0406112, -0.00482664, -0.823666, 0.565599
-5.58985, -7.54317, -2.32813, 0.0425769, -0.00584219, -0.822201, 0.567573
-5.50191, -7.55365, -2.29599, 0.041469, -0.00787989, -0.822136, 0.567725
-5.45611, -7.50136, -2.37597, 0.0456602, -0.00772298, -0.824075, 0.564585
-5.40199, -7.48933, -2.33827, 0.0453906, -0.0131203, -0.825391, 0.562581
-5.42543, -7.44737, -2.20194, 0.0367569, -0.0103827, -0.828237, 0.559075
-5.35659, -7.44366, -2.16382, 0.0349453, -0.00947043, -0.828373, 0.559006
-5.24091, -7.46639, -2.13864, 0.0347782, -0.0105435, -0.827, 0.561026
-5.12478, -7.47272, -2.1539, 0.0374974, -0.0133077, -0.826055, 0.562184
-4.96859, -7.48395, -2.24105, 0.0424669, -0.0115733, -0.823588, 0.565478
-4.80334, -7.53395, -2.21164, 0.0416394, -0.01387, -0.820336, 0.570195
-4.71425, -7.51477, -2.26066, 0.0430318, -0.00961877, -0.819686, 0.571114
-4.68354, -7.47397, -2.25924, 0.0407984, -0.0038697, -0.820735, 0.569837
-4.63647, -7.45549, -2.20918, 0.0392276, -0.00577869, -0.82167, 0.568583
-4.66278, -7.37956, -2.20373, 0.0390776, -0.00449524, -0.825472, 0.563071
-4.62273, -7.34594, -2.21198, 0.0384656, -0.000176514, -0.826567, 0.561522
-4.59914, -7.30787, -2.21105, 0.0361419, 0.0047715, -0.828149, 0.559321
-4.58839, -7.23655, -2.30322, 0.0440259, -0.000623484, -0.831809, 0.553313
-4.55414, -7.20937, -2.29496, 0.0439344, -0.00158881, -0.833373, 0.55096
-4.55434, -7.16766, -2.24791, 0.0407973, -0.000553627, -0.83586, 0.547424
-4.48563, -7.17931, -2.15022, 0.0360819, -0.00234411, -0.83575, 0.547918
-4.38927, -7.18877, -2.10044, 0.0353322, -0.00589726, -0.835178, 0.548811
-4.33092, -7.15012, -2.13123, 0.0375592, -0.00506892, -0.836198, 0.547116
-4.19664, -7.12576, -2.26785, 0.0456536, -0.002208, -0.834821, 0.548621
-4.08079, -7.126, -2.28733, 0.046056, -0.000307286, -0.833332, 0.550851
-4.02065, -7.13613, -2.17237, 0.038617, -0.00121342, -0.833286, 0.55149
-3.9581, -7.13939, -2.09326, 0.0324835, 0.000631934, -0.833069, 0.552215
-3.94427, -7.0918, -2.10739, 0.0323926, 0.00405054, -0.835267, 0.548874
-3.92564, -7.0427, -2.14994, 0.0330169, 0.0101585, -0.837262, 0.545709
-3.81114, -7.07366, -2.10675, 0.0304818, 0.00995133, -0.835785, 0.54812
-3.70236, -7.10089, -2.07511, 0.0305856, 0.00493937, -0.835118, 0.549197
-3.58841, -7.14265, -2.00763, 0.0299318, -0.00337876, -0.834181, 0.550668
-3.48137, -7.15854, -2.02738, 0.0307806, -0.00283591, -0.832935, 0.552507
-3.3799, -7.18637, -1.98008, 0.0290834, -0.00552038, -0.831797, 0.55429
-3.2582, -7.20005, -2.00328, 0.0317678, -0.005524, -0.830113, 0.556663
-3.12368, -7.23099, -1.9564, 0.0307774, -0.00774347, -0.827831, 0.560079
-3.00469, -7.23009, -1.9902, 0.0323218, -0.00488664, -0.826238, 0.562372
-2.8187, -7.26447, -1.9854, 0.0362678, -0.0109522, -0.822769, 0.567111
-2.68333, -7.27631, -1.99104, 0.0366325, -0.0110438, -0.820581, 0.570248
-2.63235, -7.23969, -2.06648, 0.038412, -0.00504764, -0.821392, 0.569047
-2.55001, -7.24361, -2.03166, 0.0344482, -0.00296085, -0.820643, 0.570394
-2.49995, -7.23805, -1.98377, 0.0307369, -0.00200288, -0.821333, 0.569617
-2.50806, -7.19806, -2.00114, 0.0305002, 0.00151349, -0.824631, 0.564846
-2.51438, -7.17695, -1.96064, 0.0271777, 0.00202663, -0.827844, 0.560295
-2.48153, -7.16127, -1.96825, 0.0286804, 0.000207922, -0.830161, 0.556785
-2.49857, -7.12448, -1.99917, 0.0324594, -0.00247995, -0.834546, 0.549976
-2.43048, -7.12714, -1.98054, 0.0332542, -0.00568698, -0.835159, 0.548972
-2.42912, -7.10069, -1.98642, 0.0309558, -0.00196532, -0.83763, 0.545356
-2.34094, -7.09541, -2.01132, 0.0320053, 0.000729262, -0.837085, 0.546136
-2.22551, -7.12032, -1.92498, 0.0282472, -0.0022147, -0.835495, 0.548768
-2.09573, -7.13394, -1.87729, 0.0251378, -0.00244929, -0.833303, 0.552239
-1.90502, -7.15313, -1.87118, 0.0266359, -0.0047491, -0.829257, 0.558212
-1.78335, -7.14612, -1.89776, 0.0300291, -0.00615206, -0.827883, 0.560063
-1.79374, -7.09702, -1.97085, 0.0300397, 0.00118566, -0.830752, 0.55583
-1.73105, -7.08815, -1.9559, 0.0274185, 0.00320319, -0.830803, 0.555882
-1.70093, -7.08436, -1.88599, 0.0232071, 0.00180299, -0.832271, 0.553879
-1.72127, -7.04398, -1.92553, 0.0252676, 0.00455946, -0.836141, 0.547913
-1.68605, -7.04138, -1.88427, 0.0237507, 0.00239381, -0.837939, 0.545242
-1.59991, -7.05443, -1.84504, 0.0212536, 0.000291426, -0.837809, 0.545549
-1.51055, -7.05959, -1.84544, 0.028571, -0.00753761, -0.838615, 0.543922
-1.32079, -7.10857, -1.72563, 0.0215956, -0.0119284, -0.833895, 0.551372
-1.24913, -7.12726, -1.63244, 0.0110208, -0.0107361, -0.833224, 0.552722
-1.14411, -7.11885, -1.68407, 0.0127437, -0.00660862, -0.832116, 0.554416
-1.03481, -7.10562, -1.73918, 0.0147903, -0.00215651, -0.830899, 0.556223
-0.895732, -7.10585, -1.72678, 0.0164033, -0.0038757, -0.828925, 0.559106
-0.699361, -7.10193, -1.74482, 0.0211804, -0.00591309, -0.824987, 0.564723
-0.578357, -7.08536, -1.79017, 0.0236486, -0.00434371, -0.823581, 0.566689
-0.531889, -7.06611, -1.82454, 0.023706, -0.00155856, -0.824682, 0.565098
-0.492135, -7.04946, -1.84987, 0.0205996, 0.00319863, -0.825556, 0.563936
-0.455825, -7.04093, -1.8377, 0.0216583, 0.00193687, -0.827296, 0.561345
-0.475895, -7.0259, -1.85235, 0.0231971, 0.00281027, -0.83126, 0.555392
-0.43002, -7.02045, -1.85717, 0.0254569, 0.00214706, -0.832813, 0.552965
-0.378196, -7.02203, -1.85069, 0.0279416, -0.000604001, -0.834371, 0.550494
-0.386759, -7.01596, -1.86859, 0.0307395, -0.00182407, -0.838174, 0.544532
-0.385869, -7.01389, -1.86025, 0.0294334, -0.00190533, -0.841038, 0.540172
-0.446446, -7.00431, -1.86753, 0.0241863, 0.0023527, -0.845559, 0.533328
-0.399131, -6.99361, -1.89167, 0.0242249, 0.0051531, -0.846401, 0.53197
-0.317098, -6.98618, -1.89461, 0.0253008, 0.00568286, -0.846203, 0.53223
-0.227689, -6.98127, -1.87009, 0.0259243, 0.00400414, -0.845844, 0.532785
-0.0795311, -6.96535, -1.88589, 0.0295454, 0.0032024, -0.843489, 0.536324
0.058089, -6.94041, -1.9349, 0.0354048, 0.00337989, -0.841676, 0.538811
0.166302, -6.92593, -1.94072, 0.0343017, 0.00446568, -0.840244, 0.541105
0.250348, -6.91188, -1.95051, 0.0316431, 0.00693869, -0.839505, 0.542385
0.296686, -6.90397, -1.93828, 0.0308296, 0.00722399, -0.840515, 0.540861
0.284789, -6.90513, -1.919, 0.0294726, 0.00724901, -0.843855, 0.535713
0.380828, -6.89493, -1.94007, 0.0344013, 0.00714152, -0.843574, 0.535863
0.446872, -6.89663, -1.93981, 0.0381392, 0.00510247, -0.844598, 0.534017
0.455722, -6.90129, -1.95101, 0.039871, 0.00445344, -0.847572, 0.529162
0.544938, -6.91206, -1.89965, 0.0411558, -0.000591426, -0.847481, 0.529227
0.588392, -6.90852, -1.90879, 0.0388004, 0.00146226, -0.848422, 0.527895
0.687765, -6.89888, -1.9036, 0.0393611, 0.00163454, -0.847546, 0.529258
0.850555, -6.88272, -1.86666, 0.0410515, -0.000779563, -0.844455, 0.534051
0.973727, -6.86317, -1.83807, 0.0395863, -0.00139242, -0.842593, 0.537092
1.17612, -6.81643, -1.84691, 0.0444446, -0.00221374, -0.838152, 0.543618
1.30528, -6.8067, -1.75363, 0.0399946, -0.00770377, -0.835999, 0.547217
1.34116, -6.7764, -1.83383, 0.0393204, -0.00115528, -0.837159, 0.545544
1.40404, -6.77395, -1.78005, 0.0345152, -0.00304541, -0.83725, 0.545722
1.44025, -6.77612, -1.73507, 0.0318606, -0.00452797, -0.838516, 0.543926
1.45317, -6.75895, -1.82258, 0.0366231, 0.00145951, -0.841091, 0.539651
1.52821, -6.75553, -1.81019, 0.0354841, 0.0018099, -0.841158, 0.539621
1.62278, -6.75202, -1.79146, 0.0369284, 0.00014075, -0.840895, 0.539937
1.58955, -6.78212, -1.77562, 0.0351164, -0.00104536, -0.845449, 0.532899
1.60751, -6.81127, -1.70424, 0.0313289, -0.00535992, -0.847792, 0.529375
1.63095, -6.81794, -1.73081, 0.0254084, -0.00148732, -0.849259, 0.527363
1.72239, -6.80877, -1.74291, 0.0274421, -0.000611354, -0.848805, 0.527993
1.8864, -6.7885, -1.70265, 0.0285208, -0.0027094, -0.845653, 0.532964
2.0197, -6.76768, -1.69264, 0.0272924, -0.00220658, -0.843518, 0.536402
2.20011, -6.72323, -1.70903, 0.0312971, -0.00159183, -0.839995, 0.541688
2.39817, -6.68863, -1.63969, 0.0279484, -0.00570934, -0.835298, 0.549057
2.47475, -6.67288, -1.68123, 0.0283422, -0.00288715, -0.835368, 0.548952
2.56923, -6.65494, -1.70522, 0.0258319, -0.00061048, -0.834476, 0.550437
2.67755, -6.63979, -1.68908, 0.0307446, -0.00201424, -0.833797, 0.551211
2.71192, -6.65935, -1.67912, 0.0328886, -0.00235979, -0.836029, 0.547694
2.80237, -6.66466, -1.65114, 0.0330518, -0.00358444, -0.835986, 0.547743
2.93705, -6.64997, -1.64384, 0.0296243, -0.0032816, -0.833929, 0.551067
2.97537, -6.68245, -1.62474, 0.0254322, -0.00452276, -0.835826, 0.548387
3.03853, -6.70505, -1.58362, 0.0229912, -0.00717226, -0.836711, 0.547115
3.05708, -6.73364, -1.61147, 0.0193409, -0.00473071, -0.838958, 0.543831
3.18862, -6.70329, -1.64841, 0.0210856, -0.00161413, -0.836956, 0.546862
3.3551, -6.66285, -1.63664, 0.0213878, -0.00133191, -0.833669, 0.551849
3.50651, -6.62874, -1.61616, 0.0188384, -0.00170055, -0.830905, 0.556092
3.67168, -6.58768, -1.59014, 0.0206298, -0.00362989, -0.828044, 0.560272
3.85471, -6.52547, -1.60127, 0.0262078, -0.00356132, -0.824454, 0.565311
3.97554, -6.48562, -1.65915, 0.0251206, 0.000172875, -0.822566, 0.568114
4.0958, -6.45346, -1.66873, 0.0269313, 0.000968112, -0.821004, 0.570286
4.164, -6.45542, -1.67631, 0.0284893, 0.00194183, -0.821684, 0.569227
4.24648, -6.45474, -1.6784, 0.0346177, 0.00258156, -0.82223, 0.568096
4.3317, -6.45552, -1.68989, 0.0397668, 0.00357876, -0.822617, 0.567193
4.40983, -6.4603, -1.71595, 0.0470973, 0.00497043, -0.823473, 0.565375
4.49835, -6.4785, -1.6241, 0.0490987, -0.000950833, -0.823695, 0.564903
4.53328, -6.49405, -1.69241, 0.0458056, 0.00328654, -0.825364, 0.56273
4.61573, -6.49397, -1.66094, 0.0407079, 0.00190766, -0.825097, 0.563519
4.74276, -6.45675, -1.62376, 0.040873, 0.000818964, -0.823238, 0.566223
4.85234, -6.43331, -1.56315, 0.0411569, -0.00193115, -0.822256, 0.567624
4.98899, -6.3679, -1.59792, 0.0454463, 0.000827418, -0.820156, 0.570331
5.13012, -6.31196, -1.56133, 0.0481439, -0.00118893, -0.817826, 0.573446
5.20807, -6.28815, -1.60217, 0.0482333, 0.00136439, -0.817753, 0.573543
5.30527, -6.25496, -1.61868, 0.0441616, 0.00234867, -0.816558, 0.575567
5.37475, -6.25304, -1.6034, 0.0427567, 0.00208757, -0.816856, 0.575251
5.39305, -6.29454, -1.62708, 0.0434, 0.00431447, -0.819634, 0.571225
5.44178, -6.30897, -1.68278, 0.0444804, 0.00837301, -0.821034, 0.569082
5.52702, -6.32264, -1.63745, 0.0450946, 0.00579456, -0.821285, 0.568703
5.54929, -6.39043, -1.60038, 0.0465217, 0.00326268, -0.82431, 0.564214
5.63096, -6.41217, -1.49818, 0.0450227, -0.00286647, -0.824442, 0.564146
5.65343, -6.44882, -1.5624, 0.0432481, 0.000758432, -0.826609, 0.561112
5.77071, -6.41516, -1.53537, 0.0433623, 0.000120192, -0.824896, 0.563619
5.92788, -6.35932, -1.41046, 0.0444774, -0.00566362, -0.821742, 0.568094
6.02815, -6.33346, -1.38777, 0.0452484, -0.00596972, -0.820949, 0.569175
6.18305, -6.25125, -1.39057, 0.046492, -0.00518122, -0.817828, 0.573558
6.3026, -6.20917, -1.3643, 0.0486431, -0.00623567, -0.816329, 0.575502
6.33395, -6.23077, -1.47009, 0.0512415, 0.000281722, -0.818493, 0.572227
6.40867, -6.20604, -1.59149, 0.0458439, 0.00641526, -0.818172, 0.573107
6.48616, -6.21343, -1.55195, 0.0427902, 0.00421697, -0.81821, 0.573309
6.52948, -6.25745, -1.54471, 0.0451972, 0.00490133, -0.820101, 0.570411
6.58956, -6.28303, -1.57207, 0.0443012, 0.00667421, -0.821041, 0.569109
6.64711, -6.33085, -1.53535, 0.0400421, 0.00351594, -0.822218, 0.567751
6.63255, -6.43981, -1.54091, 0.0378157, 0.00278747, -0.826332, 0.561906
6.64174, -6.50958, -1.56439, 0.0352542, 0.00337412, -0.829025, 0.558089
6.6277, -6.59932, -1.57463, 0.0295686, 0.00278627, -0.83235, 0.553455
6.65173, -6.64969, -1.55643, 0.0313061, 0.00267405, -0.834453, 0.550183
6.67, -6.71852, -1.45567, 0.0334196, -0.00172371, -0.837026, 0.546139
6.68648, -6.77758, -1.39136, 0.0379994, -0.00376022, -0.839677, 0.541741
6.73002, -6.81801, -1.2801, 0.0413584, -0.00895087, -0.841297, 0.538914
6.72816, -6.87823, -1.32364, 0.042188, -0.00683959, -0.844347, 0.534089
6.64697, -7.00197, -1.42618, 0.0385605, -0.00251371, -0.849946, 0.525451
6.59174, -7.09927, -1.52038, 0.0331157, 0.00119153, -0.854295, 0.518732
6.50979, -7.23407, -1.5302, 0.0307864, 0.00135877, -0.859688, 0.50989
6.39866, -7.40249, -1.50712, -0.0331678, -0.000732813, 0.866186, -0.49862
6.27104, -7.56951, -1.56827, -0.0364004, -0.00442153, 0.87289, -0.486538
6.15846, -7.7497, -1.47541, -0.0383906, 0.000441255, 0.879057, -0.475169
5.99316, -7.94675, -1.48491, -0.0408097, 0.000304001, 0.886344, -0.461226
5.86609, -8.11209, -1.41594, -0.0394818, 0.0044194, 0.89202, -0.450246
5.66472, -8.29813, -1.48632, -0.031023, 0.00264255, 0.899052, -0.436734
5.57046, -8.41192, -1.45942, -0.0294643, 0.00398339, 0.903187, -0.428217
5.47766, -8.5156, -1.43549, -0.0271787, 0.00514453, 0.907108, -0.419988
5.37091, -8.62785, -1.36062, -0.0295053, 0.00829833, 0.911417, -0.41034
5.31514, -8.6858, -1.40668, -0.0381371, 0.00484889, 0.914526, -0.402696
5.27695, -8.75332, -1.27865, -0.0418084, 0.0109281, 0.91703, -0.39647
5.14197, -8.85305, -1.3075, -0.0450993, 0.00952135, 0.921504, -0.385624
4.92876, -8.98776, -1.36221, -0.0391356, 0.00805951, 0.927277, -0.372237
4.68173, -9.12999, -1.4245, -0.0337127, 0.0059702, 0.933364, -0.357295
4.39259, -9.28449, -1.47513, -0.0274605, 0.0043103, 0.939836, -0.340493
4.12717, -9.41756, -1.53741, -0.0250073, 0.00158616, 0.945575, -0.324439
3.93393, -9.52122, -1.55001, -0.0271744, 0.000799705, 0.949914, -0.311327
3.73131, -9.61422, -1.65364, -0.0335422, -0.00428266, 0.95425, -0.297092
3.54071, -9.70023, -1.74543, -0.038291, -0.00836556, 0.958155, -0.283555
3.38784, -9.78801, -1.70434, -0.0399077, -0.00596434, 0.961328, -0.272435
3.29224, -9.83979, -1.7342, -0.0362144, -0.00702633, 0.963509, -0.26512
3.22146, -9.87955, -1.78036, -0.031228, -0.00895167, 0.965251, -0.259299
3.26264, -9.88244, -1.80591, -0.0316845, -0.0106362, 0.965524, -0.25816
3.33588, -9.87945, -1.79054, -0.0343676, -0.010614, 0.965446, -0.25811
3.44356, -9.87024, -1.7202, -0.0383441, -0.00811369, 0.96499, -0.259343
3.56082, -9.85027, -1.68849, -0.0424416, -0.00724777, 0.964419, -0.26085
3.70509, -9.82953, -1.58751, -0.0456123, -0.00278844, 0.963488, -0.263825
3.77035, -9.82093, -1.59808, -0.049547, -0.0037462, 0.963508, -0.263026
3.80575, -9.82313, -1.63052, -0.0442632, -0.00477585, 0.964009, -0.262115
3.80447, -9.83737, -1.68712, -0.0443499, -0.00762599, 0.96493, -0.258621
3.76073, -9.87651, -1.70606, -0.0432401, -0.00853453, 0.966432, -0.253115
3.85518, -9.87171, -1.67775, -0.0439558, -0.00785022, 0.966182, -0.253967
3.95762, -9.87304, -1.61716, -0.0410974, -0.00499643, 0.965895, -0.255603
4.07662, -9.84568, -1.71682, -0.0445701, -0.010195, 0.965331, -0.256994
4.17996, -9.84952, -1.63264, -0.0435096, -0.00619102, 0.965017, -0.258479
4.32102, -9.82571, -1.59302, -0.0361125, -0.00351105, 0.964159, -0.262833
4.48008, -9.78332, -1.60478, -0.0346382, -0.00429732, 0.962967, -0.267351
4.73031, -9.6876, -1.63976, -0.0340157, -0.00675477, 0.960451, -0.27628
4.98957, -9.59374, -1.55646, -0.0326797, -0.00360916, 0.957766, -0.285663
5.25204, -9.47177, -1.59156, -0.0310115, -0.00556342, 0.954893, -0.295274
5.6277, -9.29395, -1.48629, -0.0385961, -0.00290333, 0.950153, -0.309373
5.94931, -9.12127, -1.47172, -0.0448505, -0.00424026, 0.945905, -0.3213
6.23514, -8.95025, -1.54459, -0.0446882, -0.00825205, 0.942019, -0.332467
6.56727, -8.7489, -1.53971, -0.0379526, -0.00693847, 0.937043, -0.347075
6.83994, -8.57824, -1.55637, -0.0352941, -0.00787955, 0.932952, -0.35818
7.04965, -8.46557, -1.52049, -0.0353035, -0.00704596, 0.930131, -0.36546
7.18089, -8.42008, -1.4914, -0.0329801, -0.00541715, 0.928914, -0.368784
7.32467, -8.36208, -1.49869, -0.0372409, -0.00738025, 0.927504, -0.371879
7.54941, -8.25212, -1.37765, -0.0414266, -0.00326447, 0.924324, -0.379339
7.87423, -8.03581, -1.21713, -0.0454344, 0.00208213, 0.918474, -0.392858
8.1247, -7.84733, -1.27204, -0.0442951, -0.000729601, 0.913992, -0.403307
8.45166, -7.56622, -1.26131, -0.0452047, -0.0018766, 0.907176, -0.418311
8.80849, -7.22317, -1.24291, -0.0423668, -0.00122803, 0.898917, -0.436063
9.15044, -6.87213, -1.17038, -0.0396933, 0.00214939, 0.890409, -0.453423
9.42934, -6.56056, -1.21511, -0.0413374, -0.00161598, 0.883346, -0.466893
9.78221, -6.13145, -1.09786, -0.0487306, -0.000697061, 0.873034, -0.485218
10.0893, -5.71828, -1.03412, 0.0541307, 0.0016253, -0.863174, 0.501993
10.3865, -5.25895, -1.09201, 0.0510684, 0.00393966, -0.85235, 0.520458
10.682, -4.76023, -1.07308, 0.0474822, 0.00229055, -0.840162, 0.540248
10.8961, -4.3814, -1.12682, 0.0430591, 0.00339561, -0.831012, 0.554575
11.1035, -3.99385, -1.14518, 0.0414605, 0.00460195, -0.821456, 0.568744
11.2948, -3.63028, -1.12185, 0.0396518, 0.00330522, -0.812224, 0.581988
11.4709, -3.29347, -1.06725, 0.0427995, 0.00360053, -0.803661, 0.593536
11.6325, -2.96511, -1.03316, 0.0463295, 0.00507267, -0.795294, 0.60443
11.8212, -2.48809, -0.863375, 0.0476828, -0.00178318, -0.782555, 0.62075
11.983, -1.95178, -0.901078, 0.0440597, -0.00176682, -0.768548, 0.638271
12.129, -1.33131, -0.913545, 0.041281, -0.00222749, -0.751994, 0.657872
12.2416, -0.680083, -0.971203, 0.0384116, -0.000241359, -0.734435, 0.677591
12.3195, -0.0228528, -1.04105, 0.0352531, 0.00202449, -0.716419, 0.696776
12.3734, 0.663239, -0.937973, 0.0375913, -7.23644e-05, -0.697085, 0.716003
12.3916, 1.35884, -0.812738, 0.0419103, -0.00161414, -0.677159, 0.734641
12.3607, 2.12696, -0.651452, 0.0441787, -0.00784493, -0.654307, 0.754896
12.2936, 2.81733, -0.474344, 0.0505161, -0.0102233, -0.633333, 0.772162
12.1664, 3.55462, -0.44582, 0.0517316, -0.00909771, -0.610366, 0.790376
11.9456, 4.41166, -0.63798, 0.0417793, -0.0087244, -0.582454, 0.811742
11.7092, 5.14958, -0.728229, 0.0375536, -0.00731342, -0.557335, 0.829406
11.4469, 5.82697, -0.849782, 0.0323855, -0.00537384, -0.533145, 0.845387
11.135, 6.51754, -0.821655, 0.0312422, -0.00813789, -0.507087, 0.86129
10.8115, 7.14702, -0.761678, 0.0329195, -0.00917359, -0.482328, 0.875324
10.4399, 7.78335, -0.615033, 0.0377925, -0.0117882, -0.456049, 0.889074
9.99201, 8.43982, -0.445167, 0.0401587, -0.0216443, -0.426941, 0.903128
9.44597, 9.11482, -0.499223, 0.0355949, -0.0268585, -0.395141, 0.917538
8.91603, 9.68979, -0.604964, 0.0327191, -0.0238514, -0.366502, 0.929536
8.16991, 10.3792, -0.686032, 0.0292833, -0.0250913, -0.328808, 0.943609
7.36077, 11.0141, -0.759934, 0.0266108, -0.0255142, -0.290177, 0.956263
6.49045, 11.5962, -0.749831, 0.0272042, -0.0266482, -0.250448, 0.967381
5.50781, 12.1371, -0.836898, 0.023335, -0.0316182, -0.207183, 0.977513
4.43354, 12.6106, -0.94213, 0.0193758, -0.0374932, -0.161498, 0.98597
3.44183, 12.9524, -1.04584, 0.0161555, -0.0430565, -0.12015, 0.99169
2.54571, 13.1903, -1.08416, 0.0156595, -0.0483969, -0.0833761, 0.995219
1.60628, 13.3689, -1.03876, 0.0189818, -0.0494832, -0.0459963, 0.997535
0.578257, 13.4716, -1.07434, 0.0195807, -0.0455364, -0.00588214, 0.998753
-0.507011, 13.4782, -1.23389, 0.0153037, -0.0401248, 0.0364064, 0.998414
-1.37918, 13.4221, -1.24231, 0.0159547, -0.0385342, 0.0709186, 0.99661
-2.18002, 13.3062, -1.32099, 0.0135119, -0.0327303, 0.102762, 0.994075
-2.83691, 13.1685, -1.34332, 0.0131524, -0.0318354, 0.129846, 0.990936
-3.36707, 13.0305, -1.29142, 0.0159882, -0.0344276, 0.15256, 0.987565
-3.87573, 12.8614, -1.37834, 0.0142036, -0.0397617, 0.175235, 0.983621
-4.42439, 12.6491, -1.51238, 0.0111517, -0.0473562, 0.200016, 0.978584
-5.07745, 12.3762, -1.53175, 0.0116533, -0.0469061, 0.228239, 0.972405
-5.6856, 12.0778, -1.57459, 0.0105532, -0.0435701, 0.255013, 0.965898
-6.32639, 11.7232, -1.59805, 0.0107831, -0.0444061, 0.284101, 0.957705
-6.94607, 11.3304, -1.65923, 0.00911125, -0.043377, 0.313068, 0.948696
-7.53678, 10.8989, -1.79152, 0.0062006, -0.0481304, 0.342413, 0.938296
-8.08054, 10.4638, -1.85399, 0.00755708, -0.0570284, 0.370578, 0.927018
-8.5816, 10.0232, -1.87045, 0.00937958, -0.0597501, 0.396769, 0.915924
-9.00293, 9.61693, -1.82906, 0.0123566, -0.0593917, 0.419362, 0.90579
-9.49083, 9.0786, -1.8857, 0.00860859, -0.0508529, 0.445881, 0.893605
-9.86258, 8.5916, -2.00674, 0.00365658, -0.0487557, 0.468597, 0.882058
-10.0792, 8.25726, -2.04267, 0.00195403, -0.0475581, 0.483738, 0.873918
-10.2712, 7.94194, -2.00134, 0.00301355, -0.0454274, 0.497705, 0.866151
-10.3908, 7.66835, -2.08121, -0.00158113, -0.0419336, 0.508909, 0.859797
-10.418, 7.5159, -2.14362, -0.00266432, -0.0449956, 0.515635, 0.855622
-10.4233, 7.37602, -2.26625, -0.00900601, -0.0421232, 0.52089, 0.852536
-10.4269, 7.26894, -2.28703, -0.00906809, -0.0438167, 0.525756, 0.849457
-10.4326, 7.13515, -2.38032, -0.0136335, -0.0429108, 0.531038, 0.846151
-10.4688, 7.00663, -2.29505, -0.0099824, -0.0433355, 0.537167, 0.842303
-10.4979, 6.85269, -2.30477, -0.00994383, -0.0450837, 0.544075, 0.837765
-10.518, 6.71855, -2.29732, -0.0101962, -0.0439231, 0.550112, 0.833873
-10.5444, 6.53905, -2.38563, -0.0121163, -0.0475561, 0.558043, 0.82836
-10.5498, 6.43328, -2.3552, -0.00956058, -0.0493987, 0.563285, 0.824729
-10.5547, 6.34808, -2.25915, -0.00641059, -0.0464809, 0.567338, 0.822147
-10.5599, 6.21573, -2.28517, -0.00824673, -0.0452393, 0.572761, 0.818432
-10.4877, 6.22593, -2.25683, -0.0081767, -0.0438419, 0.572628, 0.818601
-10.3909, 6.27771, -2.19448, -0.00416287, -0.0477519, 0.571341, 0.819312
-10.3039, 6.2712, -2.2328, -0.0067674, -0.0466899, 0.571244, 0.819423
-10.2077, 6.28074, -2.26148, -0.00493537, -0.053859, 0.571367, 0.818911
-10.1316, 6.24933, -2.32215, -0.00844495, -0.0520769, 0.572073, 0.818504
-10.1025, 6.17995, -2.28276, -0.00831412, -0.0483407, 0.574634, 0.816939
-10.0819, 6.10941, -2.20471, -0.00643578, -0.0449944, 0.577458, 0.815154
-10.0876, 5.97646, -2.17374, -0.00600126, -0.0436831, 0.582905, 0.811343
-10.0802, 5.83034, -2.23124, -0.0101466, -0.0419578, 0.588566, 0.807296
-10.0487, 5.76577, -2.17233, -0.00806154, -0.0410806, 0.591759, 0.805027
-10.0424, 5.55062, -2.38853, -0.0163588, -0.0454249, 0.600352, 0.798277
-10.0216, 5.42697, -2.4297, -0.017028, -0.0477199, 0.605826, 0.793983
-9.98093, 5.42563, -2.25735, -0.0102039, -0.0439744, 0.606695, 0.793652
-9.92745, 5.40156, -2.18161, -0.00704878, -0.0432744, 0.608191, 0.792579
-9.82075, 5.4543, -2.15031, -0.00685884, -0.0419732, 0.606166, 0.7942
-9.70804, 5.49916, -2.14276, -0.00695931, -0.0426251, 0.604383, 0.795522
-9.54611, 5.61396, -2.15066, -0.0066648, -0.0453902, 0.599609, 0.798977
-9.36531, 5.7498, -2.16366, -0.00667675, -0.0474119, 0.593679, 0.803276
-9.19768, 5.82832, -2.27729, -0.0155295, -0.0404046, 0.588525, 0.807319
-9.02895, 5.99404, -2.15161, -0.0102263, -0.0389977, 0.581349, 0.812655
-8.92018, 6.05875, -2.03624, -0.00500938, -0.0389611, 0.578717, 0.814582
-8.92038, 5.9377, -1.98607, -0.00309257, -0.0387663, 0.584403, 0.810531
-8.8782, 5.86596, -1.98582, -0.00292459, -0.0408358, 0.588036, 0.807798
-8.86344, 5.74691, -2.01902, -0.00522475, -0.0394972, 0.593581, 0.803787
-8.84546, 5.6393, -2.04053, -0.00542823, -0.0403449, 0.598929, 0.799767
-8.80113, 5.58264, -2.05132, -0.00476593, -0.0429666, 0.602084, 0.797261
-8.75173, 5.55681, -1.99516, -0.00188322, -0.0426076, 0.603752, 0.796031
-8.62787, 5.60935, -2.0479, -0.00320932, -0.0482634, 0.601709, 0.797249
-8.48593, 5.68029, -2.09606, -0.00385709, -0.0561122, 0.598769, 0.798945
-8.40676, 5.67392, -2.07037, -0.0036755, -0.0542888, 0.598796, 0.799051
-8.28574, 5.69565, -2.14341, -0.00868933, -0.0518457, 0.596814, 0.800656
-8.10815, 5.81538, -2.18191, -0.010396, -0.0540062, 0.590647, 0.805054
-7.96259, 5.92298, -2.12658, -0.00850238, -0.0521886, 0.585157, 0.809194
-7.86448, 5.9563, -2.09388, -0.00815176, -0.0499338, 0.583237, 0.810725
-7.80133, 5.95958, -2.00634, -0.005378, -0.0468236, 0.583268, 0.810911
-7.70122, 5.97699, -2.03009, -0.00917939, -0.0424472, 0.581943, 0.812069
-7.60028, 6.02803, -1.95982, -0.00676916, -0.0398325, 0.579909, 0.813679
-7.50927, 6.01857, -2.04483, -0.0111906, -0.0409592, 0.580596, 0.813084
-7.40974, 6.0686, -1.97841, -0.00675341, -0.043664, 0.579139, 0.814031
-7.34508, 6.07674, -1.89651, -0.00365987, -0.0385837, 0.579014, 0.814396
-7.28504, 6.06019, -1.86075, -0.00243072, -0.0374018, 0.580292, 0.813545
-7.16645, 6.09564, -1.86048, -0.00386939, -0.035618, 0.578003, 0.815248
-7.074, 6.12209, -1.74729, 0.00135339, -0.0337412, 0.576764, 0.816213
-7.00662, 6.02541, -1.96138, -0.0116816, -0.0304475, 0.5801, 0.813892
-6.84788, 6.08946, -1.98058, -0.0105731, -0.0390503, 0.576785, 0.815893
-6.77686, 6.0467, -2.0299, -0.0143352, -0.0351075, 0.578078, 0.8151
-6.70938, 6.0128, -2.0487, -0.016937, -0.0299337, 0.578995, 0.814606
-6.62221, 6.03378, -1.96276, -0.0122698, -0.0324974, 0.578629, 0.814851
-6.57878, 6.00355, -1.88649, -0.00969697, -0.0281507, 0.580738, 0.813546
-6.54454, 5.93987, -1.9057, -0.0123458, -0.0240251, 0.584564, 0.810898
-6.512, 5.87501, -1.94068, -0.0140895, -0.0253837, 0.589356, 0.807351
-6.45925, 5.8556, -1.91229, -0.0113595, -0.028212, 0.592069, 0.805313
-6.36375, 5.90354, -1.82117, -0.005999, -0.0272576, 0.590358, 0.806659
-6.29613, 5.90015, -1.80016, -0.00524302, -0.0255834, 0.59122, 0.806088
-6.16536, 5.95737, -1.79, -0.00551432, -0.025497, 0.588, 0.80844
-6.00821, 6.0344, -1.77163, -0.00502488, -0.0277701, 0.583568, 0.811574
-5.86151, 6.09335, -1.75175, -0.00513833, -0.0232196, 0.579176, 0.814856
-5.66003, 6.21687, -1.66424, 0.000324902, -0.0232264, 0.571096, 0.820554
-5.43224, 6.32139, -1.72893, -0.00360261, -0.0238378, 0.562406, 0.82651
-5.29887, 6.37236, -1.68234, -0.00101186, -0.0213751, 0.558459, 0.829256
-5.18319, 6.40643, -1.64182, 0.00126596, -0.0217922, 0.556089, 0.830836
-5.11621, 6.3923, -1.63982, 0.000999363, -0.0252476, 0.557813, 0.829582
-5.05715, 6.36501, -1.67678, -0.00193382, -0.0274907, 0.560425, 0.827747
-5.0223, 6.34244, -1.6304, 0.00107956, -0.03203, 0.56432, 0.824934
-5.01838, 6.27833, -1.6678, -0.000772622, -0.0358107, 0.570864, 0.820263
-4.9886, 6.25702, -1.62318, 0.0024428, -0.0359049, 0.574134, 0.81797
-4.87705, 6.30089, -1.56769, 0.00567072, -0.0315942, 0.571083, 0.820264
-4.76989, 6.34467, -1.47667, 0.0109185, -0.0321047, 0.568646, 0.821883
-4.64069, 6.38141, -1.46778, 0.0106194, -0.0343752, 0.565846, 0.823726
-4.54175, 6.40093, -1.41109, 0.0137763, -0.0348398, 0.564711, 0.824438
-4.50595, 6.37179, -1.38902, 0.0156098, -0.0319607, 0.567732, 0.822445
-4.30591, 6.44888, -1.40159, 0.014715, -0.0396393, 0.56121, 0.826593
-4.1839, 6.45892, -1.48656, 0.00926751, -0.0330814, 0.55868, 0.828671
-4.06095, 6.48386, -1.50021, 0.00850144, -0.0255133, 0.555128, 0.83133
-3.94787, 6.51248, -1.45869, 0.0105657, -0.0302195, 0.55349, 0.83224
-3.93582, 6.4707, -1.48004, 0.00834668, -0.0308057, 0.558583, 0.828834
-3.8551, 6.47058, -1.51024, 0.00533598, -0.0337036, 0.5596, 0.82806
-3.80783, 6.47211, -1.45967, 0.00847896, -0.0393037, 0.562519, 0.825806
-3.77614, 6.44753, -1.49932, 0.00598973, -0.0408461, 0.566615, 0.822948
-3.68505, 6.47487, -1.44489, 0.0091655, -0.045633, 0.566097, 0.823023
-3.63437, 6.45679, -1.49456, 0.00589382, -0.0404791, 0.567931, 0.822059
-3.51734, 6.49048, -1.44758, 0.00880056, -0.035644, 0.56464, 0.82452
-3.3734, 6.5208, -1.45018, 0.0080515, -0.0317404, 0.560368, 0.827596
-3.24441, 6.5396, -1.44229, 0.00826284, -0.0296481, 0.557321, 0.829727
-3.08752, 6.56356, -1.46171, 0.00650809, -0.0332165, 0.553529, 0.832142
-2.92979, 6.58099, -1.51192, 0.0031691, -0.0344364, 0.549361, 0.83487
-2.82614, 6.59007, -1.49552, 0.0033031, -0.041084, 0.548621, 0.835054
-2.75228, 6.58239, -1.49955, 0.00268294, -0.0413272, 0.548951, 0.834828
-2.72175, 6.55604, -1.50819, 0.000724239, -0.0440148, 0.552559, 0.83231
-2.70645, 6.53163, -1.49289, 0.000464272, -0.0463584, 0.557067, 0.829172
-2.68348, 6.49992, -1.5484, -0.00476748, -0.0478302, 0.56183, 0.825855
-2.69, 6.45019, -1.64494, -0.0109601, -0.0438591, 0.568246, 0.821616
-2.68476, 6.42676, -1.64338, -0.0106441, -0.0452907, 0.573525, 0.817866
-2.60367, 6.44882, -1.56325, -0.00417875, -0.0447895, 0.572533, 0.818647
-2.54159, 6.44362, -1.56293, -0.00550232, -0.0492875, 0.574371, 0.817091
-2.41457, 6.46087, -1.54935, -0.00727863, -0.0557952, 0.572166, 0.818206
-2.23923, 6.48552, -1.54017, -0.00986974, -0.0619169, 0.567013, 0.821319
-2.11534, 6.48074, -1.56926, -0.0128416, -0.0609898, 0.564786, 0.82288
-1.95577, 6.48931, -1.58575, -0.0146283, -0.0617889, 0.56032, 0.825839
-1.79272, 6.49613, -1.61537, -0.0187055, -0.0662982, 0.556059, 0.828283
-1.6696, 6.50685, -1.58559, -0.0170577, -0.0670567, 0.552859, 0.830397
-1.56435, 6.51255, -1.55601, -0.0157811, -0.0671788, 0.550767, 0.831802
-1.50091, 6.50878, -1.53887, -0.0151155, -0.0655211, 0.55137, 0.831546
-1.43691, 6.50352, -1.55478, -0.0180248, -0.0658055, 0.55277, 0.830536
-1.3661, 6.52072, -1.49015, -0.0133026, -0.065533, 0.55271, 0.830686
-1.3114, 6.51236, -1.54611, -0.0171138, -0.0631382, 0.554873, 0.829359
-1.21751, 6.52565, -1.52025, -0.0157002, -0.0636709, 0.553833, 0.830041
-1.15703, 6.53462, -1.47213, -0.00870344, -0.0561749, 0.553617, 0.830829
-1.06313, 6.53474, -1.46893, -0.00575186, -0.0482873, 0.551853, 0.832522
-0.959717, 6.53193, -1.45499, -0.00683284, -0.0499437, 0.551117, 0.832904
-0.880639, 6.5189, -1.45486, -0.00741012, -0.0484352, 0.551716, 0.832592
-0.760572, 6.49232, -1.53553, -0.014189, -0.0461905, 0.550469, 0.833456
-0.622006, 6.4749, -1.58583, -0.0188681, -0.0463301, 0.547831, 0.835092
-0.432486, 6.46741, -1.60918, -0.0251458, -0.0526492, 0.542206, 0.838218
-0.286091, 6.47401, -1.55041, -0.0239215, -0.0584205, 0.538041, 0.840552
-0.216454, 6.48312, -1.47499, -0.0225779, -0.0656941, 0.539038, 0.839412
-0.168543, 6.48665, -1.45275, -0.0238251, -0.0688886, 0.541576, 0.837486
-0.0947267, 6.50346, -1.39575, -0.0241213, -0.0759413, 0.542609, 0.836197
-0.0879201, 6.51926, -1.40157, -0.0252935, -0.0768354, 0.547821, 0.832676
-0.0103848, 6.52353, -1.46933, -0.0291176, -0.0724982, 0.548164, 0.832714
0.105863, 6.53466, -1.4764, -0.0280625, -0.0685833, 0.545, 0.835155
0.223827, 6.54557, -1.45972, -0.0263465, -0.0663476, 0.541728, 0.837517
0.328562, 6.55276, -1.44458, -0.0239251, -0.062797, 0.539228, 0.839474
0.44122, 6.56668, -1.3732, -0.0224282, -0.0677817, 0.537279, 0.840377
0.508167, 6.56414, -1.40777, -0.0264112, -0.0669027, 0.538787, 0.839366
0.603876, 6.57788, -1.3357, -0.0224263, -0.0697587, 0.537761, 0.839907
0.697052, 6.58167, -1.32279, -0.0213295, -0.0692489, 0.537028, 0.840447
0.736137, 6.58395, -1.37369, -0.0226392, -0.0641817, 0.539718, 0.83909
0.807994, 6.59404, -1.34507, -0.0199624, -0.0630693, 0.539908, 0.83912
0.821149, 6.61078, -1.339, -0.0180786, -0.0598705, 0.543923, 0.836801
0.869935, 6.6261, -1.33643, -0.0197429, -0.0596983, 0.546399, 0.835161
0.929291, 6.6445, -1.33985, -0.017834, -0.0557345, 0.547603, 0.83469
0.994802, 6.66592, -1.34329, -0.0213948, -0.0587793, 0.549746, 0.832987
1.04196, 6.69066, -1.32969, -0.025069, -0.06393, 0.553158, 0.830241
1.08911, 6.71147, -1.30657, -0.0200879, -0.0608453, 0.554781, 0.829525
1.1676, 6.72468, -1.26098, -0.0183894, -0.0627211, 0.555066, 0.829235
1.27268, 6.72537, -1.22167, -0.0201006, -0.0662539, 0.554028, 0.829614
1.37452, 6.71612, -1.22449, -0.0246222, -0.0679305, 0.553598, 0.829644
1.42694, 6.71289, -1.27096, -0.0238145, -0.0617798, 0.555632, 0.828788
1.59707, 6.69507, -1.22181, -0.0277001, -0.0697085, 0.551459, 0.830822
1.77752, 6.66495, -1.20599, -0.0360127, -0.07716, 0.546521, 0.833105
1.90545, 6.64504, -1.20469, -0.0370987, -0.0768446, 0.543583, 0.835006
1.94022, 6.6546, -1.21434, -0.0403358, -0.0768794, 0.547014, 0.832609
1.96658, 6.67926, -1.16612, -0.035164, -0.0754641, 0.550177, 0.830887
2.01635, 6.69886, -1.14276, -0.0357005, -0.0763918, 0.552728, 0.829085
2.08661, 6.72195, -1.09216, -0.0346599, -0.0795053, 0.553877, 0.828069
2.15358, 6.7387, -1.08704, -0.0358715, -0.0807188, 0.555332, 0.826925
2.17257, 6.76293, -1.11657, -0.0302686, -0.0739915, 0.558633, 0.825553
2.25913, 6.7712, -1.0508, -0.0276033, -0.0767172, 0.558068, 0.82578
2.39368, 6.75626, -0.961878, -0.0242718, -0.0798845, 0.554231, 0.828165
2.48716, 6.75455, -0.851195, -0.0210384, -0.0850968, 0.553223, 0.828408
2.55652, 6.74649, -0.90051, -0.0225215, -0.0807454, 0.55445, 0.827985
2.65199, 6.73639, -0.886273, -0.0229665, -0.0817544, 0.554142, 0.828079
2.8113, 6.6929, -0.91171, -0.0253773, -0.0803902, 0.54976, 0.831058
2.91808, 6.67053, -0.964005, -0.0223936, -0.0734533, 0.547883, 0.833023
2.98466, 6.6657, -1.02686, -0.0202922, -0.0657867, 0.548614, 0.833237
3.00937, 6.68794, -1.05349, -0.0150944, -0.0588911, 0.551758, 0.831786
3.05558, 6.70582, -1.0796, -0.0172781, -0.0562685, 0.554529, 0.83008
3.11171, 6.73714, -1.01513, -0.0138269, -0.0587341, 0.556502, 0.828652
3.13017, 6.7883, -0.983309, -0.0203918, -0.0651874, 0.562175, 0.824193
3.1611, 6.83072, -0.936921, -0.0215658, -0.0694284, 0.566059, 0.821152
3.20776, 6.84872, -1.01731, -0.0194311, -0.0619075, 0.568236, 0.820304
3.27814, 6.86247, -0.998998, -0.0212241, -0.0630535, 0.569433, 0.819341
3.40849, 6.84589, -0.917553, -0.0191658, -0.0663053, 0.566642, 0.821068
3.49079, 6.84652, -0.899331, -0.0196375, -0.0665615, 0.567227, 0.820632
3.56881, 6.84485, -0.93977, -0.0229195, -0.0645954, 0.568449, 0.819859
3.71151, 6.81272, -0.917265, -0.0241405, -0.0664702, 0.565422, 0.821765
3.79413, 6.81382, -0.914578, -0.0246581, -0.066645, 0.56587, 0.821426
3.86457, 6.81801, -0.940286, -0.0277954, -0.0652787, 0.567185, 0.820529
3.90046, 6.84472, -0.965513, -0.0217255, -0.0595842, 0.569717, 0.81939
4.00502, 6.83768, -0.945886, -0.0191705, -0.0583559, 0.56852, 0.820373
4.12788, 6.83493, -0.783638, -0.0187275, -0.0680679, 0.566476, 0.821049
4.17308, 6.8803, -0.684306, -0.0212931, -0.0754963, 0.569401, 0.818309
4.21346, 6.92258, -0.658646, -0.0222025, -0.0775216, 0.572431, 0.815978
4.29874, 6.92776, -0.688522, -0.0168892, -0.0731344, 0.572136, 0.816717
4.37395, 6.94011, -0.68661, -0.0160645, -0.0719212, 0.572725, 0.816429
4.48001, 6.92646, -0.718618, -0.0151174, -0.0680164, 0.571474, 0.817657
4.58539, 6.91964, -0.637265, -0.0146225, -0.0718448, 0.57045, 0.818053
4.68953, 6.91164, -0.576753, -0.0187566, -0.076364, 0.569987, 0.817882
4.82451, 6.88031, -0.509903, -0.0162396, -0.0794117, 0.567048, 0.819687
4.93641, 6.86271, -0.541401, -0.019334, -0.0781173, 0.565972, 0.820487
5.05874, 6.83821, -0.536941, -0.0213033, -0.0782383, 0.563964, 0.821809
5.10502, 6.8753, -0.538618, -0.0236149, -0.0776863, 0.566669, 0.819935
5.16981, 6.90449, -0.490829, -0.0271641, -0.0802313, 0.568265, 0.818474
5.24524, 6.93235, -0.340503, -0.0265197, -0.0878715, 0.568595, 0.817481
5.27968, 6.99759, -0.240136, -0.0237578, -0.0927393, 0.571532, 0.814976
5.3169, 7.05666, -0.246166, -0.0298747, -0.0938839, 0.574957, 0.81223
5.36352, 7.10016, -0.27649, -0.0205267, -0.0891311, 0.576887, 0.811687
5.45684, 7.10303, -0.236641, -0.0207372, -0.090409, 0.576109, 0.812092
5.57523, 7.08021, -0.258021, -0.0187943, -0.0871021, 0.573882, 0.814076
5.69439, 7.0548, -0.176616, -0.0182843, -0.0899625, 0.571434, 0.815497
5.82853, 7.01572, -0.241254, -0.0153534, -0.084603, 0.568724, 0.818022
5.95245, 6.98839, -0.181631, -0.018439, -0.088288, 0.566602, 0.81904
6.05667, 6.97767, -0.129137, -0.0229929, -0.0916788, 0.565507, 0.81931
6.18155, 6.94808, -0.234016, -0.0190388, -0.0843328, 0.563422, 0.821633
6.20721, 7.01115, -0.352565, -0.0217706, -0.0774157, 0.567605, 0.819364
6.23196, 7.07691, -0.389076, -0.0243296, -0.0747291, 0.571438, 0.816874
6.33419, 7.07594, -0.357994, -0.0260429, -0.075469, 0.570471, 0.817428
6.43702, 7.0799, -0.240603, -0.0238523, -0.0805755, 0.569116, 0.817952
6.54277, 7.07994, -0.208113, -0.0238709, -0.0819437, 0.568007, 0.818586
6.62897, 7.09284, -0.235718, -0.0199696, -0.0794235, 0.567944, 0.818983
6.74318, 7.07288, -0.251094, -0.0155719, -0.0772579, 0.566078, 0.820575
6.81273, 7.09428, -0.330571, -0.0161488, -0.0721854, 0.567232, 0.82023
6.94529, 7.04768, -0.372662, -0.0154125, -0.0686127, 0.564609, 0.822357
7.06909, 7.00806, -0.396821, -0.0106207, -0.0657268, 0.562405, 0.824177
7.16023, 7.00554, -0.411237, -0.00912326, -0.0645029, 0.56255, 0.824193
7.29825, 6.9482, -0.413354, -0.0119902, -0.0647093, 0.559865, 0.825966
7.35964, 6.97377, -0.388934, -0.013042, -0.0658607, 0.561459, 0.824777
7.42336, 6.99285, -0.468711, -0.0156705, -0.0617379, 0.563086, 0.82394
7.4515, 7.0536, -0.512373, -0.0148078, -0.0586091, 0.566581, 0.821786
7.49641, 7.10315, -0.514628, -0.0166568, -0.0577262, 0.569299, 0.819932
7.58824, 7.10845, -0.403992, -0.0166444, -0.0623666, 0.569077, 0.819747
7.62712, 7.17909, -0.320979, -0.0213721, -0.0667375, 0.572353, 0.817008
7.67002, 7.23935, -0.309319, -0.0215382, -0.0673701, 0.575118, 0.815007
7.76242, 7.2357, -0.328419, -0.018373, -0.0660001, 0.574704, 0.815489
7.85721, 7.22558, -0.264411, -0.0185791, -0.0683849, 0.573989, 0.815791
8.00506, 7.14706, -0.124703, -0.0190679, -0.0739726, 0.56993, 0.818135
8.09771, 7.12873, 0.0304995, -0.0229828, -0.0806147, 0.569168, 0.817937
8.19005, 7.11575, 0.0605851, -0.0292312, -0.0819395, 0.569087, 0.817662
8.38026, 6.97935, 0.0999429, -0.026327, -0.0831725, 0.562833, 0.821954
8.49729, 6.93243, 0.148598, -0.0270792, -0.0850448, 0.560827, 0.823108
8.60566, 6.8991, 0.0539896, -0.0255922, -0.0800594, 0.559737, 0.824397
8.62489, 6.98186, -0.0341173, -0.0253868, -0.0752391, 0.564023, 0.821932
8.63803, 7.07733, -0.0632464, -0.0263151, -0.0729496, 0.568573, 0.818969
8.71757, 7.09174, -0.0655921, -0.0276023, -0.071922, 0.569081, 0.818665
8.78834, 7.12387, -0.0188232, -0.0288517, -0.0736733, 0.570077, 0.817773
8.82462, 7.1973, 0.0429009, -0.0320548, -0.0764385, 0.572971, 0.815373
8.86926, 7.25779, -0.0758796, -0.0290121, -0.0710019, 0.575648, 0.814093
8.97377, 7.23416, -0.0737395, -0.0262834, -0.0703946, 0.574344, 0.815158
9.11728, 7.15495, -0.116828, -0.0239603, -0.0674162, 0.570843, 0.817936
9.23923, 7.10275, -0.0786823, -0.0215666, -0.0679287, 0.568561, 0.819548
9.38607, 7.01716, -0.141725, -0.0203381, -0.0645611, 0.565268, 0.822125
9.50618, 6.96559, -0.00256688, -0.0222362, -0.0702558, 0.56315, 0.823063
9.65793, 6.86618, 0.0330387, -0.0274303, -0.0715125, 0.55926, 0.825446
9.7762, 6.81627, -0.0413242, -0.0248341, -0.0681035, 0.557407, 0.827069
9.86208, 6.81284, -0.0392212, -0.0253428, -0.0675303, 0.557395, 0.827108
9.92289, 6.85326, -0.0627718, -0.0238621, -0.0656563, 0.559069, 0.826173
9.98595, 6.89828, -0.0114809, -0.0249405, -0.0668988, 0.560628, 0.824984
10.0664, 6.91503, 0.184422, -0.0223838, -0.0745356, 0.560511, 0.824482
10.1004, 7.01127, 0.252421, -0.0236128, -0.0772639, 0.563866, 0.821905
10.1421, 7.08944, 0.251546, -0.0224656, -0.0770786, 0.566651, 0.820037
10.2254, 7.10544, 0.149133, -0.0186696, -0.0727439, 0.567185, 0.820159
10.3079, 7.11224, 0.11375, -0.0177463, -0.0706502, 0.567461, 0.820172
10.4102, 7.08401, 0.110142, -0.0172832, -0.0696094, 0.566551, 0.820899
10.5336, 7.02523, 0.0378764, -0.0149704, -0.0662248, 0.564724, 0.822482
10.6191, 7.02271, 0.00505727, -0.0164284, -0.0647162, 0.565177, 0.822263
10.7325, 6.96296, 0.124155, -0.018704, -0.0692652, 0.563235, 0.823176
10.7985, 6.97552, 0.175837, -0.0182855, -0.0711144, 0.563985, 0.822514
10.8285, 7.05337, 0.13033, -0.017119, -0.0689103, 0.567238, 0.820487
10.8528, 7.14882, -0.0160887, -0.0137653, -0.0627519, 0.571099, 0.818363
10.9031, 7.20062, 0.0328117, -0.0169802, -0.0636293, 0.573067, 0.816858
10.9811, 7.21265, 0.112643, -0.0182668, -0.066015, 0.573314, 0.816468
11.0199, 7.29044, 0.241416, -0.02201, -0.0705179, 0.575856, 0.814207
11.0783, 7.33273, 0.340444, -0.0210723, -0.0742355, 0.577106, 0.813015
11.1706, 7.33089, 0.231291, -0.0163173, -0.0702645, 0.577038, 0.813525
11.2449, 7.35087, 0.202811, -0.019032, -0.0685069, 0.577859, 0.813034
11.4041, 7.22419, 0.233996, -0.0179428, -0.0689493, 0.573521, 0.816087
11.4898, 7.21585, 0.276423, -0.0151859, -0.0699972, 0.573487, 0.816078
11.591, 7.1844, 0.309074, -0.0173287, -0.0706688, 0.572906, 0.816385
11.6811, 7.16702, 0.397422, -0.020194, -0.073559, 0.572724, 0.816191
11.7122, 7.26489, 0.295655, -0.0259159, -0.0692344, 0.576629, 0.813654
11.8259, 7.21879, 0.151797, -0.0222858, -0.0639784, 0.575502, 0.814989
11.9007, 7.23545, 0.0341094, -0.0171101, -0.0595866, 0.576338, 0.814857
11.9796, 7.24775, -0.0242561, -0.0154367, -0.0569793, 0.576876, 0.814696
12.0609, 7.25769, 0.0471053, -0.0196953, -0.0585067, 0.57713, 0.814316
12.164, 7.22748, 0.211308, -0.0221617, -0.0637422, 0.575745, 0.814839
12.2545, 7.21744, 0.323192, -0.0225615, -0.0675743, 0.575095, 0.814979
12.3673, 7.17396, 0.182172, -0.0200833, -0.0627786, 0.573737, 0.816383
12.4876, 7.09129, 0.286976, -0.0161001, -0.0665587, 0.570923, 0.818143
12.5656, 7.09152, 0.278902, -0.0132866, -0.0660179, 0.571042, 0.818154
12.6697, 7.04355, 0.303145, -0.0158839, -0.0658859, 0.569843, 0.818954
12.8131, 6.92006, 0.315378, -0.0160579, -0.0658236, 0.566345, 0.821379
12.9558, 6.79202, 0.377326, -0.0156614, -0.0678827, 0.5627, 0.823721
13.0856, 6.68412, 0.415084, -0.0226164, -0.068063, 0.55981, 0.825511
13.1949, 6.62064, 0.35035, -0.0223096, -0.0656755, 0.558203, 0.8268
13.3005, 6.56612, 0.268474, -0.0225708, -0.0623673, 0.556868, 0.827948
13.3794, 6.57225, 0.187424, -0.0191309, -0.0594936, 0.557229, 0.828004
13.4471, 6.61269, 0.185453, -0.0207976, -0.0584583, 0.558451, 0.827214
13.5485, 6.58822, 0.202037, -0.0189576, -0.0588693, 0.557468, 0.827892
13.5997, 6.66805, 0.334035, -0.0229916, -0.0624756, 0.559481, 0.826165
13.6713, 6.68791, 0.500751, -0.0234224, -0.0678196, 0.55961, 0.825644
13.8073, 6.58341, 0.412978, -0.0173743, -0.0657609, 0.556365, 0.828149
13.8983, 6.56865, 0.387015, -0.0158154, -0.0647337, 0.555851, 0.828606
14.023, 6.48579, 0.238876, -0.0120046, -0.0599468, 0.553527, 0.830584
14.1312, 6.41943, 0.336052, -0.0129205, -0.0623448, 0.551695, 0.831612
14.2794, 6.24615, 0.519317, -0.014814, -0.0675967, 0.546818, 0.834387
14.4138, 6.11177, 0.629782, -0.0161038, -0.0708518, 0.543163, 0.836478
14.541, 5.98069, 0.765477, -0.0202791, -0.0742474, 0.539609, 0.83839
14.6646, 5.91513, 0.496251, -0.0156451, -0.0663252, 0.538159, 0.840084
14.7587, 5.90715, 0.311881, -0.0120708, -0.0607415, 0.538268, 0.840495
14.8074, 6.00314, 0.261235, -0.0100274, -0.058899, 0.541153, 0.838799
14.8526, 6.10907, 0.297762, -0.015018, -0.0583142, 0.544267, 0.836748
14.9197, 6.15194, 0.478498, -0.012501, -0.0641837, 0.545216, 0.835741
14.9131, 6.38807, 0.617792, -0.0168513, -0.0675351, 0.551588, 0.831207
14.9078, 6.61163, 0.661187, -0.0228881, -0.0675352, 0.557643, 0.827012
14.9627, 6.70998, 0.446394, -0.0121642, -0.06295, 0.560353, 0.825769
15.0238, 6.7705, 0.359314, -0.00830793, -0.0607025, 0.562038, 0.824839
15.1203, 6.74429, 0.256069, -0.0102462, -0.0566299, 0.561585, 0.825415
15.2448, 6.6257, 0.381567, -0.0107236, -0.0598436, 0.558607, 0.827201
15.3461, 6.58001, 0.392624, -0.0110666, -0.059875, 0.557798, 0.82774
15.4544, 6.51914, 0.375379, -0.0138426, -0.0587428, 0.556676, 0.828534
15.5732, 6.39152, 0.590797, -0.0129127, -0.0654274, 0.55347, 0.830195
15.6877, 6.29971, 0.519974, -0.0108209, -0.0636418, 0.551314, 0.831797
15.763, 6.30377, 0.48991, -0.0104515, -0.0624168, 0.551596, 0.831707
15.8544, 6.27754, 0.396978, -0.00882602, -0.0594524, 0.551019, 0.832325
15.9577, 6.2232, 0.358808, -0.0132674, -0.0566556, 0.549683, 0.833344
16.0958, 6.06871, 0.421727, -0.0113596, -0.0586356, 0.545498, 0.835981
16.1178, 6.23362, 0.566907, -0.0162593, -0.0616345, 0.549512, 0.833051
16.2063, 6.20968, 0.641436, -0.019611, -0.0628839, 0.548663, 0.833445
16.4238, 5.85273, 0.290115, -0.0120318, -0.0543461, 0.539599, 0.84008
16.6279, 5.45183, 0.231118, -0.00951436, -0.0530422, 0.529339, 0.846697
16.8721, 4.85229, 0.169074, -0.00860303, -0.0511999, 0.514222, 0.856085
17.1165, 4.11431, 0.325314, -0.00716716, -0.0560066, 0.495604, 0.866712
17.3576, 3.21274, 0.407953, -0.00584075, -0.0589392, 0.473022, 0.879058
17.57, 2.14003, 0.505722, -0.00518904, -0.0625878, 0.446152, 0.892751
17.7132, 0.990955, 0.618043, -0.00895507, -0.0650876, 0.417296, 0.906392
17.7794, -0.247439, 0.606455, -0.00846372, -0.0655932, 0.385796, 0.920211
17.756, -1.54968, 0.447673, -0.00626357, -0.0624298, 0.352207, 0.933816
17.6544, -2.73427, 0.274442, -0.00406526, -0.0586616, 0.321041, 0.945238
17.4601, -3.94758, 0.209091, -0.00214354, -0.0582727, 0.288314, 0.955759
17.1946, -5.10243, 0.182823, 0.00117681, -0.0602079, 0.256266, 0.964729
16.8922, -6.12803, 0.25652, 0.000621739, -0.0632674, 0.227093, 0.971816
16.4196, -7.37425, 0.256963, 0.00324087, -0.0669779, 0.190548, 0.979385
15.7862, -8.68711, 0.392757, 0.00777244, -0.0773526, 0.15045, 0.985556
15.0535, -9.95304, 0.171313, 0.0110162, -0.0749534, 0.109927, 0.991048
14.1083, -11.2917, -0.101283, 0.0176304, -0.0742544, 0.0642217, 0.995013
12.8646, -12.7175, -0.565879, 0.0250083, -0.0682922, 0.0112597, 0.997288
11.4068, -14.0614, -0.870228, 0.0280692, -0.0645325, -0.043876, 0.996555
9.6798, -15.3131, -1.27055, 0.0332798, -0.0597574, -0.103046, 0.992322
7.75903, -16.3862, -1.54526, 0.0371544, -0.0593894, -0.163521, 0.984049
5.78344, -17.2095, -1.63345, 0.0375749, -0.0633041, -0.221507, 0.972376
3.57376, -17.8354, -1.598, 0.0326036, -0.0656615, -0.282214, 0.956546
1.10498, -18.1344, -2.21531, 0.0408696, -0.0553992, -0.347427, 0.935177
-1.31058, -18.1042, -2.61875, 0.0434475, -0.0432791, -0.408504, 0.910694
-3.43607, -17.8081, -2.88832, 0.0449156, -0.0332941, -0.461155, 0.885556
-5.27457, -17.3341, -3.07496, 0.0468052, -0.0282106, -0.506737, 0.860367
-6.91391, -16.7087, -3.29566, 0.0500646, -0.0218933, -0.547636, 0.834931
-8.1602, -16.1247, -3.27041, 0.0488171, -0.0247065, -0.579623, 0.813046
-9.32689, -15.4346, -3.40055, 0.0517949, -0.0290019, -0.610443, 0.789833
-10.5467, -14.5766, -3.57725, 0.0558569, -0.0348741, -0.643258, 0.762813
-11.7961, -13.5197, -3.81026, 0.0604336, -0.0313998, -0.677226, 0.732616
-12.7735, -12.5766, -3.82164, 0.059752, -0.031724, -0.704799, 0.706174
-13.7243, -11.5414, -3.70319, 0.0556803, -0.0275016, -0.732143, 0.678314
-14.394, -10.629, -3.76745, 0.0571955, -0.0243869, -0.753479, 0.654525
-14.852, -9.89283, -3.82921, 0.0588191, -0.0223428, -0.76956, 0.635467
-15.2877, -9.09919, -3.91371, 0.0610401, -0.0199641, -0.78581, 0.615124
-15.657, -8.31371, -4.02545, 0.0642136, -0.0175366, -0.800811, 0.595207
-15.9424, -7.71998, -3.86469, 0.0600875, -0.014078, -0.812253, 0.580031
-16.1607, -7.20017, -3.69819, 0.0555477, -0.013849, -0.8221, 0.566458
-16.257, -6.84866, -3.63794, 0.0545204, -0.0123125, -0.828225, 0.557602
-16.256, -6.62789, -3.70004, 0.0565294, -0.0140085, -0.831779, 0.552043
-16.241, -6.4187, -3.76492, 0.0592506, -0.0110631, -0.834687, 0.547417
-16.1694, -6.3306, -3.83453, 0.0613634, -0.0110424, -0.835706, 0.545626
-16.1047, -6.1785, -4.00111, 0.0669686, -0.00786062, -0.837236, 0.542669
-16.1023, -6.07868, -3.81303, 0.0625226, -0.00290484, -0.838997, 0.540525
-16.0417, -6.07795, -3.69172, 0.0593311, -0.00260018, -0.83925, 0.540493
-16.0293, -5.95465, -3.56448, 0.0565245, -0.000307839, -0.841469, 0.53734
-15.9735, -5.8893, -3.5235, 0.0564296, 0.00294873, -0.842421, 0.535849
-15.9911, -5.56232, -3.61566, 0.0602028, 0.0061119, -0.847359, 0.527562
-16.0315, -5.28225, -3.49249, 0.0574382, 0.00993811, -0.852154, 0.520034
-15.9188, -5.3751, -3.45161, 0.0548981, 0.00399549, -0.851387, 0.521642
-15.867, -5.35024, -3.33466, 0.0511124, 0.00258376, -0.852339, 0.52048
-15.7154, -5.51365, -3.36334, 0.0515408, -0.00150905, -0.84987, 0.524464
-15.5258, -5.73468, -3.432, 0.0534745, -0.00540773, -0.84613, 0.530259
-15.3781, -5.86584, -3.43408, 0.0531721, -0.0101701, -0.844045, 0.533532
-15.1818, -5.99111, -3.65168, 0.0597188, -0.0127361, -0.84111, 0.537406
-15.026, -6.13922, -3.64258, 0.0590113, -0.0153186, -0.838505, 0.541473
-14.9272, -6.18046, -3.6019, 0.0579839, -0.014513, -0.837695, 0.542858
-14.8313, -6.21147, -3.57325, 0.0578993, -0.01123, -0.836864, 0.544224
-14.7808, -6.20326, -3.41371, 0.0537108, -0.00923805, -0.837346, 0.54395
-14.6918, -6.21494, -3.38311, 0.0536296, -0.00726113, -0.837111, 0.544349
-14.5736, -6.31412, -3.30462, 0.0512243, -0.00874739, -0.835743, 0.546656
-14.4689, -6.28223, -3.44491, 0.0557337, -0.00811955, -0.836, 0.545832
-14.3181, -6.32705, -3.6288, 0.0607887, -0.0144515, -0.835116, 0.546513
-14.248, -6.35363, -3.50629, 0.0574597, -0.010886, -0.834859, 0.547349
-14.1044, -6.50957, -3.4155, 0.0547429, -0.0127233, -0.832299, 0.55147
-13.9611, -6.66945, -3.28646, 0.0514454, -0.0109405, -0.829368, 0.556221
-13.825, -6.73687, -3.31034, 0.0524005, -0.0136343, -0.828016, 0.558084
-13.5873, -6.87178, -3.60328, 0.0622002, -0.0148859, -0.824057, 0.562885
-13.4597, -6.93967, -3.58423, 0.0619161, -0.0115149, -0.822301, 0.565556
-13.3271, -7.04813, -3.5084, 0.059737, -0.00952017, -0.820033, 0.56911
-13.1952, -7.13889, -3.47083, 0.0586781, -0.010349, -0.818212, 0.571821
-13.0846, -7.16742, -3.48899, 0.0597148, -0.0124763, -0.817622, 0.572514
-12.9975, -7.1372, -3.54501, 0.062125, -0.0140811, -0.818238, 0.57134
-12.8891, -7.16711, -3.55017, 0.0626914, -0.0135589, -0.817669, 0.572104
-12.7685, -7.18875, -3.62398, 0.0648954, -0.0179952, -0.817424, 0.572086
-12.6642, -7.16462, -3.74128, 0.068731, -0.022069, -0.817895, 0.570821
-12.6519, -7.12738, -3.549, 0.0625069, -0.0189948, -0.819414, 0.569467
-12.5402, -7.20342, -3.44984, 0.0597027, -0.0196234, -0.81808, 0.57166
-12.4602, -7.22788, -3.32697, 0.056305, -0.0178705, -0.817724, 0.572572
-12.3335, -7.26658, -3.33491, 0.0570901, -0.0203086, -0.816681, 0.573899
-12.1917, -7.29671, -3.41334, 0.0601183, -0.0205975, -0.815311, 0.575526
-12.0494, -7.34986, -3.44725, 0.0613876, -0.0217726, -0.813678, 0.577655
-12.0009, -7.30797, -3.38118, 0.059377, -0.016841, -0.814388, 0.57703
-11.8828, -7.36259, -3.34159, 0.0583311, -0.0166139, -0.813036, 0.579046
-11.8435, -7.30369, -3.28863, 0.0571804, -0.0133269, -0.814337, 0.577415
-11.7663, -7.28389, -3.27867, 0.0575604, -0.0126013, -0.814802, 0.576737
-11.6869, -7.269, -3.26744, 0.0575938, -0.0121826, -0.815303, 0.576034
-11.6434, -7.19398, -3.27581, 0.0579836, -0.01046, -0.81716, 0.573392
-11.5614, -7.20454, -3.22459, 0.0559199, -0.0166394, -0.817776, 0.572572
-11.5458, -7.14868, -3.09279, 0.051235, -0.0138607, -0.819635, 0.570423
-11.4435, -7.20484, -3.00012, 0.0483948, -0.0122007, -0.81851, 0.57232
-11.3095, -7.29463, -2.9225, 0.0463153, -0.0100383, -0.8163, 0.575682
-11.1636, -7.36361, -2.92764, 0.0470592, -0.0121928, -0.814467, 0.578169
-10.9609, -7.43101, -3.14315, 0.0553986, -0.0150015, -0.811666, 0.581295
-10.7833, -7.50893, -3.23358, 0.0588422, -0.016598, -0.809001, 0.584619
-10.6845, -7.49177, -3.30702, 0.0617833, -0.0147685, -0.808735, 0.584733
-10.603, -7.50247, -3.25505, 0.0600235, -0.0123427, -0.808372, 0.585473
-10.5408, -7.45942, -3.27692, 0.0614234, -0.01021, -0.809172, 0.584264
-10.4718, -7.42359, -3.30453, 0.0631241, -0.00973095, -0.809995, 0.582948
-10.3814, -7.36576, -3.45968, 0.0696322, -0.0102955, -0.810902, 0.580933
-10.2979, -7.31544, -3.57331, 0.074209, -0.0121761, -0.812033, 0.578746
-10.1778, -7.28728, -3.74532, 0.0811979, -0.0169487, -0.812367, 0.577217
-10.0919, -7.28032, -3.76984, 0.0823562, -0.01523, -0.812325, 0.57716
-9.96327, -7.39289, -3.64005, 0.0780772, -0.0203148, -0.810396, 0.580301
-9.86822, -7.44828, -3.52462, 0.0743151, -0.0184698, -0.809225, 0.582487
-9.73422, -7.48443, -3.54396, 0.076301, -0.0210131, -0.807973, 0.58388
-9.68177, -7.46248, -3.45339, 0.0732035, -0.0197165, -0.808783, 0.583201
-9.57717, -7.52879, -3.29873, 0.0672835, -0.0215578, -0.807601, 0.585482
-9.54639, -7.41939, -3.38029, 0.0706274, -0.0178579, -0.809917, 0.582003
-9.47298, -7.44931, -3.24878, 0.0652784, -0.0150275, -0.809433, 0.58338
-9.32209, -7.51348, -3.25895, 0.0666739, -0.0188181, -0.807504, 0.58578
-9.266, -7.47661, -3.24508, 0.0670339, -0.0204385, -0.808871, 0.583795
-9.21913, -7.42121, -3.25457, 0.0678246, -0.016226, -0.810333, 0.581805
-9.11528, -7.43935, -3.24527, 0.06779, -0.0164216, -0.810055, 0.58219
-9.03144, -7.41889, -3.28047, 0.0696979, -0.0215109, -0.811159, 0.580259
-8.99219, -7.37797, -3.24713, 0.0683687, -0.0218732, -0.812907, 0.577953
-8.97289, -7.3715, -3.06143, 0.0604916, -0.0192577, -0.81417, 0.577146
-8.93015, -7.37505, -2.90608, 0.0543249, -0.0172455, -0.814779, 0.576963
-8.82683, -7.38431, -2.91395, 0.0556818, -0.0180171, -0.814303, 0.577482
-8.72687, -7.38531, -2.91871, 0.0567444, -0.0188719, -0.813993, 0.577789
-8.58274, -7.44683, -2.87859, 0.0555418, -0.0208243, -0.81193, 0.580733
-8.46419, -7.46183, -2.90797, 0.0572563, -0.0239235, -0.811148, 0.58154
-8.43075, -7.38544, -2.95823, 0.0590273, -0.0201393, -0.812947, 0.578989
-8.32889, -7.39626, -2.96567, 0.0598195, -0.0197334, -0.812227, 0.57993
-8.27627, -7.38648, -2.88195, 0.0569171, -0.0206357, -0.812989, 0.579122
-8.20936, -7.3416, -2.94734, 0.0603565, -0.0186662, -0.813931, 0.577516
-8.1638, -7.29034, -2.97362, 0.0621872, -0.0198058, -0.815761, 0.574696
-8.1275, -7.19042, -3.10787, 0.0684907, -0.0205334, -0.818556, 0.569958
-8.06139, -7.16585, -3.12466, 0.0699882, -0.0251021, -0.819753, 0.56787
-8.04524, -7.12962, -3.03207, 0.0658223, -0.0254546, -0.821707, 0.565524
-7.96988, -7.13461, -2.98584, 0.0645065, -0.0266961, -0.821787, 0.565501
-7.89482, -7.14293, -2.91436, 0.0618864, -0.02532, -0.821579, 0.56616
-7.80871, -7.15031, -2.86073, 0.0608805, -0.0288344, -0.821514, 0.566195
-7.71838, -7.09281, -2.99419, 0.0668771, -0.0237429, -0.821789, 0.565355
-7.54045, -7.13884, -3.07607, 0.0712358, -0.024426, -0.818936, 0.568922
-7.4346, -7.13035, -3.12434, 0.0734755, -0.0226451, -0.818217, 0.569745
-7.36445, -7.10469, -3.12989, 0.073258, -0.0181474, -0.818284, 0.569837
-7.28702, -7.10743, -3.0738, 0.0713371, -0.0179795, -0.818106, 0.570343
-7.27734, -7.0414, -3.02828, 0.069767, -0.0169956, -0.820617, 0.566949
-7.19911, -7.00255, -3.08694, 0.0732069, -0.0148909, -0.821157, 0.565792
-7.12691, -6.96203, -3.13451, 0.076351, -0.0160394, -0.822277, 0.563715
-7.11227, -6.87248, -3.1731, 0.0781184, -0.0155576, -0.825362, 0.558957
-7.04572, -6.84269, -3.18814, 0.0795915, -0.018004, -0.826439, 0.557082
-7.01188, -6.81705, -3.11232, 0.0763052, -0.0185822, -0.82793, 0.555306
-6.93463, -6.83491, -3.0206, 0.0723242, -0.017299, -0.827486, 0.55654
-6.81186, -6.87413, -2.96159, 0.0716901, -0.0220431, -0.826149, 0.558437
-6.71511, -6.85532, -2.98212, 0.0739151, -0.0223267, -0.825954, 0.558424
-6.56897, -6.85635, -3.06351, 0.0791736, -0.0236406, -0.824396, 0.559949
-6.44254, -6.85394, -3.11809, 0.0819622, -0.021614, -0.823005, 0.561674
-6.37953, -6.80994, -3.14917, 0.0823939, -0.0153882, -0.823411, 0.56122
-6.26088, -6.85059, -3.08949, 0.0795034, -0.0135855, -0.821464, 0.564527
-6.16695, -6.88064, -3.00054, 0.0752544, -0.0116887, -0.820317, 0.566815
-6.06435, -6.89465, -2.9735, 0.0755249, -0.0135993, -0.819746, 0.567563
-6.0081, -6.86451, -2.97287, 0.0761062, -0.0131674, -0.820988, 0.565697
-5.96881, -6.78276, -3.07752, 0.0816165, -0.0113195, -0.823459, 0.56136
-5.93098, -6.7445, -3.06573, 0.0826216, -0.0164509, -0.825823, 0.557602
-5.98577, -6.66796, -2.95903, 0.0754879, -0.0128188, -0.830097, 0.552337
-5.92948, -6.67124, -2.87034, 0.0716873, -0.0145049, -0.83066, 0.551956
-5.89395, -6.63949, -2.81986, 0.0695304, -0.0135633, -0.832031, 0.550188
-5.81082, -6.60929, -2.85163, 0.0733924, -0.0161356, -0.832498, 0.548909
-5.73018, -6.57062, -2.88719, 0.0766254, -0.0168675, -0.832953, 0.547753
-5.64225, -6.54909, -2.89158, 0.07732, -0.0170816, -0.832836, 0.547826
-5.59905, -6.50351, -2.8782, 0.0768661, -0.0178402, -0.834251, 0.545709
-5.65481, -6.38979, -2.84932, 0.0733231, -0.0121782, -0.838728, 0.539454
-5.64439, -6.33478, -2.8027, 0.0711128, -0.0117698, -0.840996, 0.536219
-5.66576, -6.25734, -2.74591, 0.0679427, -0.00989879, -0.844416, 0.53127
-5.62085, -6.19844, -2.78269, 0.0702409, -0.00691299, -0.845893, 0.528661
-5.52298, -6.20966, -2.75268, 0.070148, -0.00986218, -0.845502, 0.529253
-5.50613, -6.09999, -2.87151, 0.0756458, -0.00421414, -0.848557, 0.523652
-5.4183, -6.08055, -2.91032, 0.0805252, -0.0105934, -0.84933, 0.521576
-5.37887, -6.07187, -2.83142, 0.0748748, -0.00791686, -0.850115, 0.521187
-5.26055, -6.12349, -2.75595, 0.0711594, -0.00849384, -0.848092, 0.524979
