7.52844, 4.55508, -0.536462, 0.0469448, 0.0644149, -0.527922, -0.845544
7.6528, 4.50292, -0.601873, 0.0455578, 0.060017, -0.524899, -0.847823
7.73881, 4.52367, -0.516065, 0.0385933, 0.0638917, -0.524852, -0.847914
7.78368, 4.61375, -0.481257, 0.036028, 0.0645234, -0.528896, -0.845463
7.82444, 4.7093, -0.583493, 0.0439506, 0.0576535, -0.53409, -0.842314
7.8094, 4.91997, -0.4237, 0.0385414, 0.066379, -0.543037, -0.836193
7.85673, 5.01222, -0.462822, 0.040089, 0.0642307, -0.546979, -0.833715
7.94067, 5.03469, -0.595275, 0.0340145, 0.0568777, -0.547341, -0.834282
8.02634, 5.05843, -0.596261, 0.0311666, 0.055991, -0.547514, -0.834339
8.14908, 5.01706, -0.634325, 0.031211, 0.052568, -0.544802, -0.836333
8.23503, 5.04441, -0.566862, 0.0291141, 0.0548569, -0.545374, -0.835889
8.2886, 5.11947, -0.59025, 0.0249935, 0.0533053, -0.548681, -0.833956
8.41618, 5.08534, -0.505946, 0.028609, 0.0575358, -0.546384, -0.835066
8.55632, 5.02033, -0.410255, 0.0371292, 0.0616685, -0.54268, -0.836849
8.6621, 4.99719, -0.49131, 0.0310838, 0.0571785, -0.540956, -0.838529
8.72513, 5.05702, -0.408484, 0.0268434, 0.0603829, -0.542726, -0.837306
8.73113, 5.21823, -0.356837, 0.0297683, 0.061617, -0.549563, -0.832645
8.78322, 5.30087, -0.497906, 0.0319581, 0.0538203, -0.55288, -0.830907
8.81623, 5.42883, -0.463176, 0.0263901, 0.0557872, -0.557205, -0.828078
8.82884, 5.58421, -0.326244, 0.0226421, 0.062503, -0.562825, -0.823898
8.85432, 5.69808, -0.45089, 0.0174188, 0.0564073, -0.567356, -0.821354
8.91724, 5.75557, -0.399025, 0.0199696, 0.0580723, -0.56926, -0.819861
8.99544, 5.78476, -0.364174, 0.0205789, 0.0586552, -0.569968, -0.819312
9.09963, 5.77463, -0.321635, 0.0240999, 0.0595974, -0.569237, -0.819656
9.20596, 5.76077, -0.333464, 0.0277319, 0.0585249, -0.568601, -0.82006
9.32299, 5.72739, -0.336664, 0.0255009, 0.0583065, -0.56679, -0.821401
9.41012, 5.73731, -0.418863, 0.0276941, 0.0541426, -0.567335, -0.821238
9.50001, 5.73914, -0.484524, 0.0267774, 0.0505806, -0.56733, -0.821499
9.55044, 5.80915, -0.466146, 0.027465, 0.0504387, -0.570059, -0.819594
9.59356, 5.90264, -0.353677, 0.0337841, 0.0541914, -0.573539, -0.816685
9.58668, 6.07695, -0.316017, 0.0351462, 0.0554181, -0.580318, -0.811741
9.57551, 6.25811, -0.241958, 0.0334577, 0.0587472, -0.587081, -0.8067
9.57907, 6.40534, -0.336498, 0.0322125, 0.0545832, -0.592922, -0.802761
9.62113, 6.49138, -0.378375, 0.02535, 0.0526934, -0.595791, -0.801008
9.72894, 6.48045, -0.325482, 0.0268577, 0.0539728, -0.594727, -0.801664
9.87997, 6.40224, -0.268968, 0.0233795, 0.0555152, -0.590838, -0.804538
9.9999, 6.36917, -0.142053, 0.0214772, 0.0602812, -0.5889, -0.805669
10.0797, 6.40057, -0.134422, 0.0197749, 0.0606464, -0.589815, -0.805015
10.3115, 6.17973, 0.0302204, 0.0245671, 0.0671015, -0.580447, -0.811156
10.4127, 6.16134, 0.100293, 0.0259709, 0.0696667, -0.579255, -0.811748
10.5503, 6.08284, -0.318835, 0.0177955, 0.0524607, -0.576369, -0.81531
10.5494, 6.24795, -0.041017, 0.00757873, 0.0640476, -0.581257, -0.81116
10.5165, 6.45972, 0.13451, 0.00894984, 0.070388, -0.588473, -0.805397
10.5929, 6.50294, 0.0959072, -0.004382, 0.0694622, -0.588698, -0.805351
10.6157, 6.6306, 0.0899362, 0.000759854, 0.0687324, -0.592889, -0.802345
10.5746, 6.84645, 0.105691, 0.00948234, 0.0685342, -0.600533, -0.796601
10.6363, 6.89551, 0.128506, 0.0137197, 0.0687597, -0.601661, -0.795668
10.6864, 6.95082, 0.360269, 0.017599, 0.0769553, -0.602717, -0.79404
10.6765, 7.08808, 0.641124, 0.03355, 0.0860904, -0.606949, -0.789352
10.6499, 7.25104, 0.835454, 0.0365109, 0.0929072, -0.612063, -0.784483
11.0081, 6.88399, 0.645815, 0.0250941, 0.085595, -0.598238, -0.796338
11.2723, 6.62744, 0.499677, 0.026615, 0.0793393, -0.588691, -0.804015
11.2715, 6.79058, 0.49551, 0.0330591, 0.0781659, -0.594044, -0.799943
11.4385, 6.68838, 0.325298, 0.036606, 0.0702307, -0.590066, -0.803461
11.5154, 6.74033, 0.171927, 0.0383363, 0.0631582, -0.591423, -0.80297
11.5343, 6.89002, 0.106273, 0.039623, 0.0597962, -0.595867, -0.799873
11.6304, 6.90831, 0.136434, 0.0249327, 0.0620413, -0.595117, -0.800852
11.6854, 6.98916, 0.164814, 0.0262011, 0.0628471, -0.596954, -0.799381
11.7591, 7.03174, 0.14548, 0.0202572, 0.062477, -0.59751, -0.799167
11.9441, 6.88816, -0.136206, 0.025049, 0.0511023, -0.592534, -0.803532
12.0533, 6.8648, -0.173531, 0.0317386, 0.0482652, -0.591439, -0.804278
12.298, 6.59127, -0.00717041, 0.0320836, 0.0532433, -0.581649, -0.811061
12.3313, 6.69995, -0.0852132, 0.0243742, 0.0510443, -0.58502, -0.809044
12.3854, 6.77559, -0.157974, 0.0223039, 0.0487289, -0.587321, -0.807578
12.5219, 6.7002, -0.0267142, 0.0235837, 0.0530986, -0.584329, -0.809434
12.7693, 6.40997, -0.206463, 0.0284509, 0.0454972, -0.575058, -0.816351
12.8291, 6.47914, -0.185796, 0.0303611, 0.045418, -0.576947, -0.814953
12.8824, 6.56358, -0.0314002, 0.0296849, 0.0502757, -0.578852, -0.81334
12.915, 6.69622, -0.2143, 0.0316744, 0.0430856, -0.58277, -0.810876
12.8862, 6.94564, -0.209632, 0.0215934, 0.0446481, -0.589561, -0.8062
12.8927, 7.1144, 0.0121219, 0.0191023, 0.0526424, -0.593784, -0.802673
12.8705, 7.32371, -0.133571, 0.0158583, 0.0479739, -0.599889, -0.798486
12.9666, 7.32074, -0.221912, 0.0209249, 0.0439354, -0.599595, -0.798823
13.093, 7.26069, -0.247737, 0.0200872, 0.0424332, -0.597364, -0.800595
13.2258, 7.18601, -0.0355198, 0.0189912, 0.0490709, -0.594559, -0.802328
13.3611, 7.10451, -0.11479, 0.0174108, 0.0463812, -0.592101, -0.804339
13.4767, 7.05907, 0.0781802, 0.0168674, 0.0529658, -0.590375, -0.805213
13.6428, 6.91496, 0.119277, 0.0208422, 0.0535647, -0.585974, -0.808289
13.7778, 6.82879, 0.00572674, 0.0170173, 0.0500299, -0.583324, -0.810519
13.8675, 6.82672, 0.0064817, 0.0170439, 0.0493983, -0.583129, -0.810697
13.9225, 6.902, 0.00474951, 0.020667, 0.048067, -0.585194, -0.809203
13.988, 6.96097, 0.0308655, 0.0228922, 0.0480555, -0.586567, -0.808149
14.0059, 7.11907, 0.0488689, 0.0192246, 0.0492671, -0.59061, -0.805222
14.0302, 7.25102, 0.117173, 0.0220485, 0.0511352, -0.594062, -0.802489
14.1554, 7.18302, 0.0109523, 0.0154868, 0.0486207, -0.591807, -0.804463
14.2582, 7.15218, 0.103704, 0.021784, 0.0501934, -0.590749, -0.804998
14.4216, 6.99668, 0.201117, 0.02236, 0.0525574, -0.586103, -0.808221
14.55, 6.90153, 0.380744, 0.02337, 0.0574677, -0.583319, -0.809871
14.6395, 6.90363, 0.321914, 0.0243719, 0.0551508, -0.583663, -0.809754
14.7632, 6.82704, 0.421782, 0.0232425, 0.0584782, -0.581548, -0.811074
14.9268, 6.66848, 0.399617, 0.0247316, 0.0572824, -0.577241, -0.814186
15.0786, 6.54279, 0.0983857, 0.0245322, 0.0474831, -0.574152, -0.817002
15.1672, 6.54038, 0.0439689, 0.0211018, 0.045845, -0.574037, -0.817273
15.2509, 6.55487, 0.0699745, 0.0209478, 0.0460476, -0.574206, -0.817146
15.2958, 6.66469, 0.137569, 0.0214346, 0.0475931, -0.576707, -0.815282
15.3229, 6.81871, 0.128128, 0.0191066, 0.0476965, -0.580296, -0.812783
15.3752, 6.89987, 0.258395, 0.0197531, 0.0515237, -0.581862, -0.811413
15.5061, 6.8015, 0.248264, 0.0144395, 0.0521474, -0.578712, -0.813735
15.6065, 6.75167, 0.437082, 0.0195642, 0.0564266, -0.576888, -0.814637
15.8161, 6.46641, 0.325845, 0.0175342, 0.0528541, -0.569049, -0.820416
16.0362, 6.1306, 0.388843, 0.0142174, 0.0548983, -0.559864, -0.826641
16.1645, 6.03082, 0.206438, 0.0140417, 0.0491984, -0.557284, -0.828744
16.3119, 5.86638, 0.195189, 0.0146094, 0.0488664, -0.552891, -0.831691
16.443, 5.7148, 0.381863, 0.0235055, 0.0522529, -0.548806, -0.833984
16.5504, 5.64865, 0.125484, 0.019022, 0.0455756, -0.547084, -0.83562
16.7042, 5.42887, 0.102639, 0.0180561, 0.0448024, -0.54129, -0.839447
16.7947, 5.39909, 0.0176122, 0.0198694, 0.0413236, -0.540397, -0.84016
16.9281, 5.23553, 0.106926, 0.0259523, 0.0417685, -0.535911, -0.842841
17.0792, 5.01917, 0.15719, 0.0232401, 0.0435729, -0.529843, -0.846657
17.2457, 4.74589, 0.13827, 0.0220665, 0.0432777, -0.522516, -0.851244
17.3886, 4.51502, 0.207565, 0.0158592, 0.047028, -0.516177, -0.855043
17.5363, 4.24854, 0.00357265, 0.0134617, 0.0416706, -0.509374, -0.85943
17.6953, 3.8892, 0.119132, 0.0191364, 0.0429351, -0.50027, -0.864592
17.884, 3.32443, 0.322533, 0.0230711, 0.0470172, -0.486098, -0.872334
18.0545, 2.79221, 0.266294, 0.016537, 0.0471591, -0.4729, -0.879697
18.1969, 2.32756, 0.406618, 0.0214808, 0.0494212, -0.461539, -0.885482
18.3529, 1.58151, 0.469529, 0.0234753, 0.0504962, -0.443233, -0.894675
18.471, 0.858588, 0.570705, 0.02914, 0.0509537, -0.42545, -0.903076
18.569, -0.101812, 0.360161, 0.0202333, 0.0482193, -0.401662, -0.914294
18.6108, -1.03651, 0.288157, 0.01365, 0.0487688, -0.378118, -0.924371
18.6348, -1.64046, 0.307243, 0.0155919, 0.0480879, -0.362753, -0.930513
18.6317, -2.25347, 0.534371, 0.0189084, 0.0529911, -0.346821, -0.936242
18.6454, -2.61868, 0.660818, 0.0167898, 0.0578657, -0.336973, -0.939584
18.5837, -3.33523, 0.913113, 0.0169643, 0.0657295, -0.318127, -0.945614
18.4773, -4.17149, 0.875728, 0.0131419, 0.0670773, -0.296125, -0.9527
18.3318, -5.0403, 0.653026, 0.0123767, 0.0611035, -0.273132, -0.959954
18.0651, -6.11581, 0.590302, 0.0110041, 0.0604299, -0.244114, -0.967799
17.6707, -7.33885, 0.50587, 0.00702652, 0.0610694, -0.210317, -0.975699
17.1705, -8.5946, 0.243678, -0.00272678, 0.0607794, -0.174394, -0.982794
16.6274, -9.71042, 0.47638, 0.00389106, 0.0648829, -0.141817, -0.987756
15.842, -11.047, 0.417114, -0.000396898, 0.068683, -0.100678, -0.992545
14.9489, -12.3091, 0.335645, -0.00385321, 0.0715753, -0.0595917, -0.995646
14.0481, -13.3955, -0.144263, -0.0114753, 0.0641896, -0.0215098, -0.99764
13.0307, -14.4275, -0.617781, -0.0202557, 0.0583526, 0.0177129, -0.997933
12.2309, -15.1363, -0.921527, -0.0257702, 0.0546623, 0.0468677, -0.997071
11.3872, -15.8073, -0.950853, -0.0245721, 0.0541301, 0.075842, -0.995346
10.5378, -16.4013, -1.044, -0.0274803, 0.0561001, 0.104126, -0.9926
9.73581, -16.899, -1.12173, -0.0295455, 0.0578689, 0.129947, -0.98939
8.81671, -17.4029, -1.16676, -0.0302838, 0.0599777, 0.158271, -0.985107
7.60874, -17.9507, -1.42807, -0.035313, 0.0594201, 0.193792, -0.978604
6.21498, -18.4606, -1.6884, -0.0350657, 0.0512056, 0.232438, -0.970629
4.7894, -18.8598, -1.87894, -0.0366384, 0.0485242, 0.27079, -0.960716
3.42665, -19.1325, -2.04699, -0.0382436, 0.0465014, 0.306524, -0.949957
2.14194, -19.2953, -2.23489, -0.0406934, 0.0446057, 0.339668, -0.938605
0.721131, -19.4013, -2.18629, -0.0377713, 0.0461399, 0.375303, -0.924982
-0.564207, -19.3873, -2.33025, -0.0391501, 0.0448301, 0.407322, -0.911343
-1.63288, -19.2985, -2.52886, -0.0396416, 0.0363602, 0.433503, -0.899545
-2.85, -19.1603, -2.41354, -0.0380952, 0.0460779, 0.463486, -0.884085
-4.05809, -18.9123, -2.51671, -0.0368527, 0.0382983, 0.492238, -0.868836
-5.44371, -18.5307, -2.57392, -0.0342991, 0.0288815, 0.524773, -0.85006
-6.46803, -18.1744, -2.5596, -0.0320278, 0.0243036, 0.549153, -0.834754
-7.46, -17.7607, -2.53566, -0.0306671, 0.0237907, 0.573104, -0.818563
-8.33437, -17.3331, -2.49215, -0.029102, 0.0242676, 0.594537, -0.803175
-8.96499, -16.9587, -2.56804, -0.0309408, 0.0258782, 0.610831, -0.790732
-9.53855, -16.5859, -2.60921, -0.0322202, 0.0309532, 0.626118, -0.778447
-10.1497, -16.145, -2.72926, -0.0346503, 0.031173, 0.642321, -0.765017
-10.8597, -15.5611, -3.05616, -0.042374, 0.0303958, 0.661438, -0.748184
-11.4951, -15.0407, -3.04917, -0.0411929, 0.0262351, 0.678005, -0.733433
-12.122, -14.4434, -3.20407, -0.0446858, 0.0239647, 0.695186, -0.71704
-12.677, -13.9112, -3.09628, -0.041294, 0.0171246, 0.710034, -0.702747
-13.156, -13.3964, -3.04668, -0.040012, 0.0205502, 0.724155, -0.688169
-13.6153, -12.8708, -2.96135, -0.0374694, 0.016602, 0.737545, -0.674054
-13.9931, -12.3484, -3.071, -0.0400316, 0.0174167, 0.74993, -0.660075
-14.4625, -11.7056, -3.0445, -0.038724, 0.0208532, 0.764904, -0.642641
-14.8093, -11.1863, -2.95893, -0.0356571, 0.0302643, 0.776865, -0.627927
-15.2588, -10.4893, -2.82791, -0.0322209, 0.0212861, 0.791003, -0.610592
-15.4583, -10.107, -2.72105, -0.0299434, 0.0148403, 0.798377, -0.601229
-15.5124, -9.92217, -2.64558, -0.0279662, 0.0175044, 0.80213, -0.596237
-15.5822, -9.66389, -2.70281, -0.0297629, 0.0162756, 0.806691, -0.589999
-15.4971, -9.62277, -2.86135, -0.0339475, 0.0184449, 0.807054, -0.589212
-15.5063, -9.45083, -2.9219, -0.0357746, 0.0145116, 0.809725, -0.585537
-15.5234, -9.22095, -3.13024, -0.0415002, 0.0149127, 0.813337, -0.580119
-15.5211, -9.17203, -2.86771, -0.0345321, 0.0121665, 0.814492, -0.579018
-15.5194, -9.01527, -2.94586, -0.0369334, 0.0125573, 0.817016, -0.575293
-15.6297, -8.70286, -2.85409, -0.0348295, 0.0105206, 0.822614, -0.567435
-15.6904, -8.41129, -2.93037, -0.037389, 0.00944192, 0.827472, -0.560181
-15.7542, -8.17726, -2.77718, -0.0332645, 0.00791034, 0.83176, -0.554082
-15.8532, -7.78405, -2.86773, -0.0364333, 0.00202802, 0.837935, -0.544549
-15.8639, -7.59692, -2.86876, -0.036609, 0.000412204, 0.840924, -0.539914
-15.8631, -7.43721, -2.8467, 0.0354078, -0.00483931, -0.843855, 0.53538
-15.7561, -7.45114, -2.96847, 0.0387248, -0.00832939, -0.843457, 0.535734
-15.6724, -7.39473, -3.11031, 0.0429209, -0.0105814, -0.844021, 0.534486
-15.4875, -7.48053, -3.41344, 0.0517923, -0.0119926, -0.841593, 0.537489
-15.1966, -7.73745, -3.77753, -0.0622053, 0.0151033, 0.835898, -0.54514
-15.0472, -7.85027, -3.80712, -0.0630347, 0.0163555, 0.833581, -0.548545
-15.0354, -7.82043, -3.55879, -0.0569256, 0.00665745, 0.833981, -0.548809
-14.9412, -7.93314, -3.33166, -0.0505222, 0.0062062, 0.832409, -0.551818
-14.9542, -7.80532, -3.17171, -0.0464092, 0.004535, 0.834929, -0.548378
-14.9344, -7.66278, -3.2042, -0.048088, 0.00249296, 0.837222, -0.54474
-14.9015, -7.61615, -3.06101, 0.0440353, -0.00220698, -0.83852, 0.543084
-14.8471, -7.57566, -3.01033, 0.0422661, -0.00322929, -0.839556, 0.541616
-14.8654, -7.3649, -3.03428, 0.0419158, -0.0112683, -0.843898, 0.534745
-14.9244, -7.18555, -2.75929, -0.033416, 0.0117565, 0.847808, -0.529119
-14.884, -7.09457, -2.80542, -0.0354271, 0.00842125, 0.849162, -0.526875
-14.8614, -6.98639, -2.79266, -0.0356116, 0.00694593, 0.851068, -0.5238
-14.6588, -7.22059, -2.87222, -0.0380948, 0.0108129, 0.846989, -0.530133
-14.4252, -7.47711, -3.01449, -0.0427784, 0.0106085, 0.841915, -0.537806
-14.1872, -7.78532, -3.003, -0.0420692, 0.0135835, 0.836313, -0.546467
-14.0191, -7.89218, -3.16717, -0.0470769, 0.013997, 0.833781, -0.549907
-13.9819, -7.8817, -3.02076, -0.0429984, 0.0073124, 0.833947, -0.550118
-13.8609, -7.90313, -3.17933, -0.0480139, 0.00948685, 0.833166, -0.550852
-13.9302, -7.64065, -3.16304, -0.0483489, 0.00339285, 0.8379, -0.543667
-13.9394, -7.43927, -3.24388, -0.0518396, -0.00118124, 0.841217, -0.538206
-13.9722, -7.38378, -2.84191, 0.0392074, 0.000310945, -0.843736, 0.535323
-13.8946, -7.36637, -2.88666, 0.0402387, -0.00265029, -0.844337, 0.534293
-13.8549, -7.19587, -3.14213, 0.0479055, -0.00811122, -0.847384, 0.528752
-13.8562, -7.08539, -3.04885, -0.0453054, 0.00439296, 0.849634, -0.525405
-13.7274, -7.17286, -3.0885, -0.0469083, 0.00545784, 0.848025, -0.527848
-13.6359, -7.23959, -2.9755, -0.0443611, -0.000230335, 0.84669, -0.530234
-13.5008, -7.37324, -2.86536, -0.0410626, 0.00335859, 0.844603, -0.533805
-13.3262, -7.50726, -2.92916, 0.0435963, -0.000254493, -0.841376, 0.538689
-13.108, -7.72975, -2.95435, 0.0440637, -0.00463321, -0.836958, 0.545471
-12.9975, -7.75289, -3.00879, 0.0459941, -0.00309167, -0.836037, 0.546733
-12.9357, -7.72826, -2.97491, 0.0452847, 0.00222655, -0.836137, 0.546644
-12.7998, -7.84282, -2.89701, 0.042876, -0.00292844, -0.834227, 0.549744
-12.8084, -7.66519, -2.93533, 0.0446954, -0.00345094, -0.837803, 0.544129
-12.7907, -7.56931, -2.86921, 0.0430813, 0.000283554, -0.839757, 0.54125
-12.6963, -7.62876, -2.74411, 0.0389214, 0.00120164, -0.838915, 0.542868
-12.7032, -7.46367, -2.77236, 0.0397543, 0.00200285, -0.842365, 0.537436
-12.6297, -7.44028, -2.80721, 0.0408292, 0.000408664, -0.842916, 0.536493
-12.5898, -7.39671, -2.728, 0.0383059, 0.000651691, -0.844055, 0.534885
-12.4601, -7.48684, -2.69186, 0.0375863, 0.000886172, -0.842132, 0.53796
-12.276, -7.64782, -2.67979, 0.0376667, -0.00286795, -0.838708, 0.543269
-12.1302, -7.75105, -2.6197, 0.0359112, -0.00535711, -0.836448, 0.546843
-11.9222, -7.89735, -2.71431, 0.0394331, 0.00110556, -0.831979, 0.553403
-11.8595, -7.83179, -2.76787, 0.041475, 0.0115703, -0.832135, 0.552899
-11.8037, -7.86468, -2.49717, 0.0319365, 0.0135013, -0.831905, 0.553833
-11.7125, -7.8801, -2.45205, 0.0305454, 0.00990145, -0.831754, 0.554215
-11.6989, -7.74963, -2.50287, 0.0328274, 0.00666461, -0.834732, 0.549636
-11.6126, -7.68728, -2.69259, 0.0401035, 0.00164041, -0.835891, 0.547426
-11.5373, -7.67124, -2.69296, 0.0402496, -0.00162923, -0.836591, 0.546345
-11.5041, -7.53705, -2.84212, 0.0454461, -0.00638431, -0.839636, 0.541206
-11.4562, -7.49755, -2.80135, -0.0438006, 0.013451, 0.841252, -0.538698
-11.4273, -7.45519, -2.6907, -0.0398381, 0.014404, 0.842683, -0.53674
-11.3034, -7.51438, -2.70669, -0.0409716, 0.0155745, 0.841261, -0.538849
-11.1538, -7.60958, -2.70673, -0.0417162, 0.015951, 0.838863, -0.542507
-11.0193, -7.67342, -2.70286, -0.0421932, 0.0184307, 0.837234, -0.544903
-10.9231, -7.65407, -2.76806, -0.0447819, 0.0149094, 0.836928, -0.545274
-10.8301, -7.63162, -2.84278, -0.0475019, 0.0102578, 0.836602, -0.545651
-10.7852, -7.5802, -2.81973, -0.0466545, 0.0080082, 0.837603, -0.544225
-10.7206, -7.58173, -2.73449, -0.0436213, 0.00839805, 0.837758, -0.544232
-10.7695, -7.38397, -2.74519, -0.0444759, 0.00828184, 0.842573, -0.536678
-10.6851, -7.29699, -2.98492, -0.0543442, 0.00625773, 0.843607, -0.534167
-10.573, -7.37428, -2.90542, -0.0516407, 0.00391661, 0.84198, -0.537017
-10.4251, -7.50087, -2.82439, -0.048572, 0.00793915, 0.839581, -0.541
-10.2917, -7.57937, -2.80978, -0.0483175, 0.0156262, 0.838272, -0.542882
-10.215, -7.60243, -2.72465, -0.0449499, 0.0121955, 0.837809, -0.543974
-10.1325, -7.61435, -2.68406, -0.0439357, 0.0146182, 0.837801, -0.544008
-9.97224, -7.73419, -2.61465, -0.0422644, 0.0191814, 0.834962, -0.548347
-9.85999, -7.74242, -2.65558, -0.0447047, 0.0197466, 0.834249, -0.549217
-9.77934, -7.70776, -2.6845, -0.0461336, 0.0172778, 0.834445, -0.548885
-9.6239, -7.76723, -2.7243, -0.0479745, 0.0186631, 0.832223, -0.552046
-9.54155, -7.71973, -2.817, -0.0515545, 0.0143468, 0.832418, -0.551559
-9.5372, -7.64646, -2.70761, -0.046737, 0.00851931, 0.834265, -0.549313
-9.45074, -7.65703, -2.64778, -0.0452222, 0.0126179, 0.83419, -0.549474
-9.4974, -7.47814, -2.64214, -0.0453423, 0.00923555, 0.838821, -0.542436
-9.48111, -7.38176, -2.63665, -0.0451958, 0.00463885, 0.841108, -0.538956
-9.42586, -7.30219, -2.73337, -0.049601, 0.00847378, 0.843198, -0.535243
-9.46243, -7.08785, -2.858, -0.05426, 0.00185, 0.84804, -0.527143
-9.38293, -7.11903, -2.74462, -0.0499544, 0.00683948, 0.848141, -0.527366
-9.3728, -7.10901, -2.47138, -0.0383523, 0.0043986, 0.84938, -0.526368
-9.2528, -7.20287, -2.30698, -0.0319923, 0.00526267, 0.847302, -0.530121
-9.09712, -7.28063, -2.32431, -0.0337197, 0.0077052, 0.844898, -0.533808
-8.99412, -7.25501, -2.43689, -0.0389901, 0.00651344, 0.844714, -0.533755
-8.8212, -7.32464, -2.51755, -0.0426354, 0.00632984, 0.841818, -0.538037
-8.62639, -7.42875, -2.57953, -0.0455483, 0.00790466, 0.83804, -0.543647
-8.4855, -7.4894, -2.58411, -0.0458786, 0.00717055, 0.835673, -0.547261
-8.37046, -7.52955, -2.5536, -0.0447076, 0.00556131, 0.834063, -0.549826
-8.3022, -7.5115, -2.53106, -0.0447114, 0.00758602, 0.834634, -0.548935
-8.28136, -7.42988, -2.54182, -0.0454802, 0.00422345, 0.836815, -0.545577
-8.18665, -7.47426, -2.43712, 0.0416872, -0.00976933, -0.836413, 0.546425
-8.1082, -7.40592, -2.62093, 0.0503807, -0.0109307, -0.8378, 0.543538
-8.09997, -7.31812, -2.62458, 0.050581, -0.0112467, -0.840772, 0.538903
-8.04972, -7.34091, -2.44104, -0.042501, 0.0130863, 0.841193, -0.538904
-7.91144, -7.45032, -2.27603, -0.0358039, 0.0150349, 0.838413, -0.54365
-7.79077, -7.50165, -2.21698, -0.0333915, 0.0123709, 0.836612, -0.546637
-7.61942, -7.56607, -2.27461, -0.0372143, 0.0140657, 0.833932, -0.550431
-7.45015, -7.60659, -2.38401, -0.0428875, 0.0134908, 0.831447, -0.553782
-7.27071, -7.70316, -2.33827, -0.0408842, 0.013972, 0.827776, -0.559393
-7.15681, -7.73696, -2.29873, -0.0386147, 0.0119573, 0.826229, -0.561883
-7.06146, -7.74254, -2.30353, -0.0377847, 0.00582459, 0.825207, -0.563534
-6.94076, -7.77618, -2.28977, -0.0381884, 0.00768606, 0.823865, -0.565446
-6.87166, -7.75367, -2.30843, -0.0404512, 0.00998006, 0.82474, -0.563975
-6.81707, -7.71799, -2.32913, -0.0411374, 0.00582322, 0.825715, -0.562555
-6.72105, -7.76392, -2.19568, -0.0348857, 0.00764226, 0.824923, -0.564116
-6.66782, -7.74385, -2.16685, -0.0337321, 0.00932616, 0.826148, -0.562365
-6.69619, -7.67081, -2.06634, -0.0274194, 0.00500086, 0.829406, -0.557951
-6.64943, -7.65173, -2.00665, -0.0242935, 0.00368291, 0.83028, -0.556805
-6.54292, -7.66075, -2.03335, -0.0264073, 0.00388398, 0.829462, -0.557925
-6.4159, -7.67485, -2.08087, -0.0307676, 0.00822927, 0.828384, -0.559254
-6.29015, -7.66947, -2.17475, -0.035831, 0.00700267, 0.827157, -0.560784
-6.10569, -7.72683, -2.21352, -0.0376963, 0.00627229, 0.823431, -0.566129
-5.98082, -7.73704, -2.25954, -0.0396659, 0.00457149, 0.821716, -0.568497
-5.92255, -7.72067, -2.22686, -0.0368879, 0.00101926, 0.821815, -0.568559
-5.82011, -7.72665, -2.23834, -0.0392626, 0.00465203, 0.82122, -0.56924
-5.80532, -7.66754, -2.24768, -0.0406112, 0.00482664, 0.823665, -0.565599
-5.67958, -7.69399, -2.26389, -0.0425769, 0.00584219, 0.822201, -0.567573
-5.59207, -7.70521, -2.23102, -0.041469, 0.00787989, 0.822135, -0.567725
-5.54669, -7.65366, -2.31028, -0.0456602, 0.00772298, 0.824075, -0.564585
-5.493, -7.64237, -2.27185, -0.0453906, 0.0131203, 0.825391, -0.562581
-5.51687, -7.60115, -2.13479, -0.0367569, 0.0103827, 0.828237, -0.559075
-5.44846, -7.59819, -2.09593, -0.0349453, 0.00947043, 0.828373, -0.559006
-5.331, -7.62094, -2.07109, -0.0347782, 0.0105435, 0.827, -0.561026
-5.2131, -7.6273, -2.08669, -0.0374974, 0.0133077, 0.826055, -0.562183
-5.05513, -7.63855, -2.17418, -0.0424669, 0.0115733, 0.823588, -0.565478
-4.88811, -7.68858, -2.1451, -0.0416394, 0.01387, 0.820336, -0.570195
-4.79724, -7.66943, -2.19445, -0.0430318, 0.00961877, 0.819686, -0.571113
-4.76477, -7.62865, -2.19337, -0.0407984, 0.0038697, 0.820735, -0.569837
-4.71593, -7.6102, -2.14365, -0.0392276, 0.00577868, 0.82167, -0.568583
-4.74046, -7.53429, -2.13853, -0.0390776, 0.00449524, 0.825472, -0.563071
-4.69864, -7.5007, -2.14712, 0.0384656, -0.000176514, -0.826567, 0.561522
-4.67327, -7.46265, -2.14653, 0.0361418, 0.0047715, -0.828149, 0.559321
-4.66075, -7.39136, -2.23903, 0.0440259, -0.000623484, -0.831809, 0.553313
-4.62472, -7.3642, -2.23111, 0.0439343, -0.00158881, -0.833373, 0.55096
-4.62314, -7.32252, -2.18439, 0.0407973, -0.000553627, -0.83586, 0.547424
-4.55265, -7.3342, -2.08705, 0.0360819, -0.00234411, -0.83575, 0.547918
-4.45452, -7.34368, -2.03761, 0.0353322, -0.00589726, -0.835178, 0.548811
-4.3944, -7.30506, -2.06873, -0.0375592, 0.00506892, 0.836198, -0.547116
-4.25834, -7.28072, -2.20569, -0.0456536, 0.002208, 0.834821, -0.548621
-4.14072, -7.28099, -2.2255, -0.046056, 0.000307286, 0.833332, -0.550851
-4.0788, -7.29115, -2.11088, 0.038617, -0.00121342, -0.833286, 0.55149
-4.01449, -7.29443, -2.0321, 0.0324835, 0.000631934, -0.833069, 0.552215
-3.99888, -7.24686, -2.04657, 0.0323926, 0.00405054, -0.835267, 0.548874
-3.97848, -7.19779, -2.08945, 0.0330169, 0.0101585, -0.837262, 0.545709
-3.86221, -7.22877, -2.0466, 0.0304818, 0.00995132, -0.835785, 0.548119
-3.75165, -7.25603, -2.01529, 0.0305856, 0.00493937, -0.835118, 0.549197
-3.63592, -7.29782, -1.94816, 0.0299318, -0.00337876, -0.83418, 0.550668
-3.52711, -7.31374, -1.96824, 0.0307806, -0.00283591, -0.832935, 0.552507
-3.42386, -7.34159, -1.92128, 0.0290834, -0.00552038, -0.831797, 0.55429
-3.30039, -7.35529, -1.94481, 0.0317678, -0.005524, -0.830113, 0.556662
-3.1641, -7.38626, -1.89827, -0.0307774, 0.00774347, 0.827831, -0.560079
-3.04333, -7.38539, -1.93241, -0.0323218, 0.00488664, 0.826238, -0.562371
-2.85557, -7.41979, -1.92793, -0.0362678, 0.0109522, 0.822769, -0.567111
-2.71843, -7.43165, -1.93391, -0.0366325, 0.0110438, 0.820581, -0.570248
-2.66567, -7.39507, -2.00969, -0.038412, 0.00504764, 0.821391, -0.569047
-2.58156, -7.39901, -1.97521, -0.0344482, 0.00296085, 0.820643, -0.570394
-2.52973, -7.39347, -1.92765, -0.0307369, 0.00200288, 0.821333, -0.569617
-2.53607, -7.35351, -1.94536, 0.0305002, 0.00151349, -0.824631, 0.564846
-2.54061, -7.33242, -1.90519, 0.0271777, 0.00202663, -0.827844, 0.560295
-2.50598, -7.31677, -1.91314, 0.0286804, 0.000207922, -0.830161, 0.556785
-2.52125, -7.28, -1.9444, 0.0324594, -0.00247995, -0.834546, 0.549976
-2.45138, -7.28269, -1.9261, 0.0332542, -0.00568698, -0.835159, 0.548972
-2.44824, -7.25627, -1.93232, 0.0309558, -0.00196532, -0.83763, 0.545356
-2.35828, -7.25101, -1.95756, 0.0320053, 0.000729262, -0.837085, 0.546136
-2.24108, -7.27594, -1.87156, 0.0282472, -0.0022147, -0.835495, 0.548767
-2.10952, -7.28959, -1.8242, 0.0251378, -0.00244929, -0.833303, 0.552239
-1.91704, -7.30881, -1.81843, 0.0266359, -0.0047491, -0.829257, 0.558212
-1.79359, -7.30182, -1.84535, -0.0300291, 0.00615206, 0.827883, -0.560063
-1.80221, -7.25275, -1.91877, -0.0300397, -0.00118566, 0.830752, -0.55583
-1.73776, -7.24391, -1.90416, -0.0274185, -0.00320319, 0.830803, -0.555882
-1.70586, -7.24015, -1.83458, 0.0232071, 0.00180299, -0.832271, 0.553879
-1.72443, -7.19979, -1.87446, 0.0252676, 0.00455946, -0.836141, 0.547913
-1.68744, -7.19722, -1.83353, 0.0237507, 0.00239381, -0.837938, 0.545242
-1.59952, -7.21029, -1.79464, 0.0212536, 0.000291426, -0.837809, 0.545549
-1.50838, -7.21547, -1.79537, 0.028571, -0.00753761, -0.838615, 0.543922
-1.31684, -7.26448, -1.6759, 0.0215956, -0.0119284, -0.833894, 0.551372
-1.2434, -7.2832, -1.58305, 0.0110208, -0.0107361, -0.833224, 0.552722
-1.13661, -7.27481, -1.63502, -0.0127437, 0.00660862, 0.832116, -0.554416
-1.02554, -7.26161, -1.69046, -0.0147903, 0.00215651, 0.830898, -0.556223
-0.884687, -7.26186, -1.67839, -0.0164033, 0.0038757, 0.828925, -0.559106
-0.686543, -7.25797, -1.69678, -0.0211804, 0.00591309, 0.824987, -0.564723
-0.563768, -7.24143, -1.74246, -0.0236486, 0.00434371, 0.82358, -0.566689
-0.515529, -7.22221, -1.77717, -0.023706, 0.00155856, 0.824682, -0.565098
-0.474003, -7.20558, -1.80283, 0.0205996, 0.00319863, -0.825556, 0.563936
-0.435919, -7.19708, -1.791, 0.0216582, 0.00193687, -0.827296, 0.561345
-0.454216, -7.18206, -1.80599, 0.0231971, 0.00281027, -0.83126, 0.555392
-0.406564, -7.17664, -1.81115, 0.0254569, 0.00214706, -0.832813, 0.552965
-0.352962, -7.17825, -1.805, 0.0279416, -0.000604001, -0.834371, 0.550494
-0.359751, -7.1722, -1.82323, 0.0307395, -0.00182407, -0.838174, 0.544532
-0.357086, -7.17016, -1.81523, 0.0294334, -0.00190533, -0.841038, 0.540172
-0.415888, -7.1606, -1.82285, 0.0241863, 0.0023527, -0.845559, 0.533328
-0.366796, -7.14993, -1.84732, 0.0242249, 0.0051531, -0.846401, 0.53197
-0.282987, -7.14252, -1.8506, 0.0253008, 0.00568286, -0.846203, 0.53223
-0.191804, -7.13765, -1.82642, 0.0259243, 0.00400414, -0.845844, 0.532785
-0.0418705, -7.12175, -1.84256, 0.0295454, 0.0032024, -0.843489, 0.536324
0.0975225, -7.09683, -1.8919, 0.0354047, 0.00337989, -0.841676, 0.53881
0.207507, -7.08238, -1.89806, 0.0343017, 0.00446568, -0.840243, 0.541105
0.293326, -7.06835, -1.90818, 0.0316431, 0.00693869, -0.839505, 0.542385
0.341435, -7.06047, -1.89629, 0.0308296, 0.00722399, -0.840515, 0.540861
0.331308, -7.06165, -1.87734, 0.0294726, 0.00724901, -0.843854, 0.535713
0.429124, -7.05148, -1.89875, 0.0344013, 0.00714152, -0.843574, 0.535863
0.496942, -7.0532, -1.89883, 0.0381392, 0.00510247, -0.844598, 0.534016
0.507566, -7.05789, -1.91036, 0.039871, 0.00445344, -0.847572, 0.529162
0.59856, -7.06868, -1.85934, 0.0411558, -0.000591426, -0.847481, 0.529227
0.643791, -7.06517, -1.86882, 0.0388004, 0.00146226, -0.848421, 0.527895
0.74494, -7.05556, -1.86397, 0.0393611, 0.00163454, -0.847546, 0.529258
0.909508, -7.03942, -1.82736, 0.0410515, -0.000779563, -0.844455, 0.534051
1.03445, -7.0199, -1.7991, 0.0395863, -0.00139242, -0.842593, 0.537092
1.23863, -6.97319, -1.80828, 0.0444446, -0.00221374, -0.838152, 0.543618
1.36955, -6.96348, -1.71534, 0.0399946, -0.00770377, -0.835999, 0.547217
1.4072, -6.93321, -1.79587, 0.0393204, -0.00115528, -0.837159, 0.545544
1.47185, -6.93079, -1.74243, 0.0345152, -0.00304541, -0.83725, 0.545722
1.50983, -6.93298, -1.69779, 0.0318606, -0.00452797, -0.838516, 0.543926
1.52452, -6.91584, -1.78562, 0.0366231, 0.00145951, -0.841091, 0.539651
1.60134, -6.91244, -1.77358, 0.0354841, 0.0018099, -0.841158, 0.539621
1.69769, -6.90895, -1.75519, 0.0369284, 0.00014075, -0.840895, 0.539937
1.66623, -6.93908, -1.73968, 0.0351164, -0.00104536, -0.845449, 0.532899
1.68597, -6.96826, -1.66863, 0.0313289, -0.00535992, -0.847792, 0.529375
1.71119, -6.97496, -1.69554, 0.0254084, -0.00148732, -0.849259, 0.527363
1.80441, -6.96581, -1.70798, 0.0274421, -0.000611354, -0.848805, 0.527993
1.9702, -6.94556, -1.66806, 0.0285208, -0.0027094, -0.845653, 0.532964
2.10527, -6.92477, -1.65839, 0.0272924, -0.00220658, -0.843518, 0.536402
2.28423, -6.88098, -1.67545, 0.0312971, -0.00159183, -0.839995, 0.541688
2.48084, -6.84703, -1.60679, 0.0279484, -0.00570934, -0.835298, 0.549057
2.55598, -6.83193, -1.64901, 0.0283422, -0.00288715, -0.835368, 0.548952
2.64901, -6.81464, -1.67368, 0.0258319, -0.00061048, -0.834476, 0.550437
2.75588, -6.80015, -1.65821, 0.0307446, -0.00201424, -0.833797, 0.551211
2.78881, -6.82035, -1.64892, 0.0328886, -0.00235979, -0.836028, 0.547694
2.87781, -6.82632, -1.62163, 0.0330518, -0.00358444, -0.835986, 0.547743
3.01104, -6.81228, -1.61501, 0.0296243, -0.0032816, -0.833928, 0.551067
3.0479, -6.84542, -1.59658, 0.0254322, -0.00452276, -0.835826, 0.548387
3.10961, -6.86867, -1.55615, -0.0229912, 0.00717226, 0.836711, -0.547115
3.12672, -6.89792, -1.58468, -0.0193409, 0.00473071, 0.838958, -0.543831
3.25681, -6.86821, -1.62229, -0.0210856, 0.00161413, 0.836956, -0.546862
3.42183, -6.82843, -1.6112, 0.0213878, -0.00133191, -0.833669, 0.551849
3.5718, -6.79498, -1.5914, 0.0188384, -0.00170055, -0.830905, 0.556092
3.73552, -6.75457, -1.56606, 0.0206298, -0.00362989, -0.828044, 0.560272
3.9171, -6.69301, -1.57786, 0.0262078, -0.00356132, -0.824454, 0.56531
4.03649, -6.65381, -1.63643, 0.0251206, 0.000172875, -0.822566, 0.568114
4.1553, -6.6223, -1.64668, 0.0269313, 0.000968112, -0.821004, 0.570286
4.22206, -6.62492, -1.65494, 0.0284892, 0.00194183, -0.821684, 0.569227
4.30308, -6.62489, -1.6577, 0.0346177, 0.00258156, -0.82223, 0.568096
4.38686, -6.62632, -1.66988, 0.0397668, 0.00357876, -0.822616, 0.567193
4.46353, -6.63176, -1.69661, 0.0470973, 0.00497043, -0.823473, 0.565375
4.55061, -6.65062, -1.60544, 0.0490986, -0.000950833, -0.823695, 0.564903
4.58408, -6.66682, -1.67443, 0.0458056, 0.00328654, -0.825364, 0.56273
4.66509, -6.6674, -1.64364, 0.0407079, 0.00190766, -0.825097, 0.563519
4.79067, -6.63082, -1.60714, 0.040873, 0.000818964, -0.823238, 0.566223
4.89879, -6.60804, -1.5472, 0.0411569, -0.00193115, -0.822256, 0.567624
5.03399, -6.54329, -1.58265, 0.0454463, 0.000827418, -0.820156, 0.570331
5.17368, -6.488, -1.54674, 0.0481439, -0.00118893, -0.817826, 0.573446
5.25019, -6.46484, -1.58826, 0.0482333, 0.00136439, -0.817753, 0.573543
5.34594, -6.4323, -1.60545, 0.0441616, 0.00234867, -0.816558, 0.575567
5.41397, -6.43103, -1.59085, 0.0427567, 0.00208757, -0.816856, 0.575251
5.43082, -6.47318, -1.6152, 0.0434, 0.00431447, -0.819634, 0.571225
5.4781, -6.48827, -1.67158, 0.0444804, 0.00837301, -0.821034, 0.569081
5.56189, -6.5026, -1.62693, 0.0450946, 0.00579456, -0.821285, 0.568703
5.58271, -6.57104, -1.59054, 0.0465217, 0.00326268, -0.82431, 0.564214
5.66293, -6.59343, -1.48902, 0.0450227, -0.00286647, -0.824441, 0.564146
5.68395, -6.63074, -1.55391, 0.0432481, 0.000758431, -0.826609, 0.561112
5.79978, -6.59773, -1.52757, 0.0433623, 0.000120192, -0.824896, 0.563619
5.9555, -6.54255, -1.40334, 0.0444774, -0.00566362, -0.821742, 0.568094
6.05432, -6.51734, -1.38133, 0.0452484, -0.00596972, -0.820949, 0.569175
6.20777, -6.43578, -1.3848, 0.046492, -0.00518122, -0.817828, 0.573558
6.32587, -6.39436, -1.35921, -0.0486431, 0.00623567, 0.816329, -0.575501
6.35578, -6.41661, -1.46567, -0.0512415, -0.000281722, 0.818493, -0.572227
6.42905, -6.39253, -1.58775, -0.0458439, -0.00641526, 0.818172, -0.573107
6.5051, -6.40057, -1.54889, 0.0427902, 0.00421697, -0.81821, 0.573309
6.54696, -6.44524, -1.54233, 0.0451972, 0.00490133, -0.820101, 0.57041
6.60559, -6.47148, -1.57037, 0.0443012, 0.00667421, -0.821041, 0.569109
6.66169, -6.51995, -1.53433, 0.0400421, 0.00351594, -0.822218, 0.567751
6.64569, -6.62957, -1.54057, 0.0378157, 0.00278747, -0.826332, 0.561905
6.65343, -6.69999, -1.56472, 0.0352542, 0.00337412, -0.829025, 0.558089
6.63794, -6.79038, -1.57565, 0.0295685, 0.00278627, -0.83235, 0.553454
6.66051, -6.84141, -1.55812, 0.0313061, 0.00267405, -0.834453, 0.550183
6.67733, -6.91089, -1.45804, 0.0334196, -0.00172371, -0.837026, 0.546139
6.69236, -6.97061, -1.39441, 0.0379994, -0.00376022, -0.839677, 0.541741
6.73446, -7.01169, -1.28383, 0.0413584, -0.00895087, -0.841297, 0.538914
6.73115, -7.07256, -1.32805, 0.042188, -0.00683959, -0.844347, 0.534089
6.64851, -7.19696, -1.43127, 0.0385605, -0.00251371, -0.849946, 0.525451
6.59183, -7.29491, -1.52614, 0.0331157, 0.00119153, -0.854295, 0.518732
6.50843, -7.43036, -1.53664, 0.0307864, 0.00135877, -0.859687, 0.50989
6.39586, -7.59943, -1.51424, 0.0331678, 0.000732813, -0.866185, 0.49862
6.26678, -7.7671, -1.57607, 0.0364004, 0.00442153, -0.87289, 0.486538
6.15276, -7.94795, -1.48389, 0.0383906, -0.000441255, -0.879057, 0.475168
5.98601, -8.14565, -1.49406, 0.0408097, -0.000304001, -0.886344, 0.461226
5.85749, -8.31165, -1.42577, 0.0394818, -0.0044194, -0.89202, 0.450246
5.65467, -8.49834, -1.49684, 0.031023, -0.00264255, -0.899051, 0.436734
5.55896, -8.61279, -1.47061, 0.0294643, -0.00398339, -0.903187, 0.428217
5.46471, -8.71712, -1.44736, 0.0271787, -0.00514453, -0.907108, 0.419988
5.35651, -8.83002, -1.37317, 0.0295053, -0.00829833, -0.911417, 0.41034
5.29929, -8.88863, -1.4199, -0.0381371, 0.00484889, 0.914526, -0.402696
5.25965, -8.9568, -1.29255, -0.0418084, 0.0109281, 0.91703, -0.39647
5.12322, -9.05719, -1.32208, -0.0450993, 0.00952135, 0.921504, -0.385624
4.90857, -9.19254, -1.37747, -0.0391356, 0.00805951, 0.927277, -0.372237
4.66009, -9.33543, -1.44043, -0.0337127, 0.0059702, 0.933364, -0.357295
4.3695, -9.49058, -1.49174, -0.0274605, 0.0043103, 0.939836, -0.340493
4.10263, -9.6243, -1.5547, -0.0250073, 0.00158616, 0.945575, -0.324439
3.90794, -9.72862, -1.56799, -0.0271744, 0.000799705, 0.949914, -0.311327
3.70388, -9.82228, -1.6723, -0.0335422, -0.00428266, 0.95425, -0.297092
3.51182, -9.90894, -1.76476, 0.038291, 0.00836556, -0.958155, 0.283555
3.3575, -9.99737, -1.72435, 0.0399077, 0.00596434, -0.961328, 0.272435
3.26045, -10.0498, -1.75489, 0.0362144, 0.00702633, -0.963509, 0.26512
3.18822, -10.0902, -1.80173, 0.031228, 0.00895167, -0.965251, 0.259299
3.22795, -10.0938, -1.82796, 0.0316845, 0.0106362, -0.965524, 0.25816
3.29974, -10.0914, -1.81326, 0.0343676, 0.010614, -0.965446, 0.25811
3.40597, -10.0829, -1.7436, 0.0383441, 0.00811369, -0.96499, 0.259343
3.52179, -10.0636, -1.71257, 0.0424416, 0.00724777, -0.964419, 0.26085
3.66461, -10.0435, -1.61227, 0.0456123, 0.00278844, -0.963487, 0.263825
3.72843, -10.0355, -1.62351, 0.049547, 0.0037462, -0.963508, 0.263026
3.76238, -10.0384, -1.65663, 0.0442632, 0.00477585, -0.964009, 0.262115
3.75965, -10.0533, -1.71391, 0.0443499, 0.00762598, -0.96493, 0.258621
3.71446, -10.0931, -1.73353, 0.0432401, 0.00853453, -0.966432, 0.253115
3.80746, -10.0889, -1.7059, 0.0439558, 0.00785022, -0.966182, 0.253967
3.90845, -10.0909, -1.64599, 0.0410974, 0.00499643, -0.965895, 0.255603
4.026, -10.0642, -1.74632, 0.0445701, 0.010195, -0.965331, 0.256994
4.12788, -10.0687, -1.66282, 0.0435096, 0.00619102, -0.965016, 0.258479
4.2675, -10.0455, -1.62388, 0.0361125, 0.00351105, -0.964159, 0.262833
4.42511, -10.0038, -1.63632, 0.0346382, 0.00429732, -0.962967, 0.267351
4.67389, -9.90872, -1.67198, 0.0340157, 0.00675477, -0.960451, 0.27628
4.9317, -9.81552, -1.58936, 0.0326797, 0.00360916, -0.957766, 0.285663
5.19273, -9.6942, -1.62513, 0.0310115, 0.00556342, -0.954893, 0.295274
5.56694, -9.51703, -1.52054, 0.0385961, 0.00290333, -0.950153, 0.309373
5.89306, -9.34527, -1.50551, 0.0448505, 0.00424026, -0.945905, 0.3213
6.18341, -9.17517, -1.57792, 0.0446882, 0.00825204, -0.942019, 0.332467
6.52007, -8.97474, -1.57257, 0.0379526, 0.00693846, -0.937043, 0.347075
6.79724, -8.805, -1.58877, 0.0352941, 0.00787955, -0.932952, 0.35818
7.01148, -8.69325, -1.55242, 0.0353035, 0.00704596, -0.93013, 0.36546
7.14723, -8.64867, -1.52288, 0.0329801, 0.00541715, -0.928914, 0.368784
7.29553, -8.59159, -1.5297, 0.0372409, 0.00738025, -0.927504, 0.371879
7.5248, -8.48255, -1.4082, 0.0414266, 0.00326447, -0.924324, 0.379339
7.85415, -8.26717, -1.24721, 0.0454344, -0.00208213, -0.918474, 0.392858
8.10915, -8.07961, -1.30166, 0.0442951, 0.000729601, -0.913992, 0.403307
8.44064, -7.79942, -1.29046, 0.0452047, 0.0018766, -0.907176, 0.418311
8.802, -7.45729, -1.27159, 0.0423668, 0.00122803, -0.898917, 0.436063
9.14846, -7.10717, -1.1986, 0.0396933, -0.00214939, -0.890408, 0.453423
9.43187, -6.79652, -1.24287, 0.0413374, 0.00161598, -0.883346, 0.466893
9.78925, -6.36832, -1.12516, 0.0487306, 0.000697061, -0.873034, 0.485218
10.1008, -5.95607, -1.06095, 0.0541307, 0.0016253, -0.863174, 0.501993
10.4026, -5.49766, -1.11838, 0.0510684, 0.00393966, -0.85235, 0.520458
10.7026, -4.99986, -1.09898, 0.0474822, 0.00229055, -0.840162, 0.540248
10.9212, -4.62195, -1.15227, 0.0430591, 0.00339561, -0.831012, 0.554575
11.1331, -4.23532, -1.17016, 0.0414605, 0.00460195, -0.821456, 0.568744
11.329, -3.87267, -1.14637, 0.0396518, 0.00330522, -0.812224, 0.581988
11.5096, -3.53677, -1.0913, 0.0427995, 0.00360053, -0.803661, 0.593536
11.6757, -3.20934, -1.05675, 0.0463295, 0.00507267, -0.795294, 0.60443
11.8689, -2.73324, -0.886498, 0.0476828, -0.00178318, -0.782555, 0.62075
12.0352, -2.19785, -0.923737, 0.0440597, -0.00176682, -0.768548, 0.638271
12.1858, -1.5783, -0.935738, 0.041281, -0.00222749, -0.751994, 0.657872
12.3029, -0.927993, -0.992933, 0.0384116, -0.000241359, -0.734435, 0.677591
12.3853, -0.271682, -1.06232, 0.0352531, 0.00202449, -0.716419, 0.696776
12.4437, 0.413491, -0.958776, 0.0375913, -7.23644e-05, -0.697085, 0.716002
12.4664, 1.10818, -0.833078, 0.0419103, -0.00161414, -0.677159, 0.734641
12.4401, 1.87538, -0.671329, -0.0441787, 0.00784493, 0.654307, -0.754896
12.3775, 2.56483, -0.493757, -0.0505161, 0.0102233, 0.633332, -0.772161
12.2548, 3.30119, -0.46477, -0.0517316, 0.00909771, 0.610366, -0.790376
12.0385, 4.15732, -0.656466, -0.0417792, 0.0087244, 0.582454, -0.811742
11.8066, 4.89432, -0.746251, -0.0375536, 0.00731342, 0.557335, -0.829405
11.5488, 5.57079, -0.86734, -0.0323855, 0.00537384, 0.533145, -0.845387
11.2414, 6.26044, -0.83875, -0.0312422, 0.00813789, 0.507087, -0.86129
10.9225, 6.889, -0.778309, -0.0329195, 0.00917359, 0.482328, -0.875324
10.5553, 7.52441, -0.6312, -0.0377925, 0.0117882, 0.456049, -0.889074
10.112, 8.17996, -0.46087, -0.0401587, 0.0216443, 0.426941, -0.903128
9.57051, 8.85404, -0.514462, -0.0355949, 0.0268585, 0.395141, -0.917538
9.04509, 9.4281, -0.619739, -0.032719, 0.0238514, 0.366502, -0.929536
8.3035, 10.1165, -0.700342, -0.0292833, 0.0250913, 0.328808, -0.943609
7.49888, 10.7506, -0.77378, -0.0266108, 0.0255142, 0.290177, -0.956263
6.63308, 11.3318, -0.763214, -0.0272042, 0.0266482, 0.250448, -0.967381
5.65495, 11.8717, -0.849817, -0.023335, 0.0316182, 0.207183, -0.977513
4.58521, 12.3443, -0.954586, -0.0193758, 0.0374932, 0.161498, -0.98597
3.598, 12.6851, -1.05784, -0.0161554, 0.0430565, 0.12015, -0.99169
2.70639, 12.9222, -1.09569, -0.0156595, 0.0483969, 0.0833761, -0.995219
1.77147, 13.0998, -1.04983, -0.0189818, 0.0494832, 0.0459963, -0.997535
0.747967, 13.2016, -1.08494, -0.0195807, 0.0455364, 0.00588213, -0.998753
-0.332777, 13.2073, -1.24403, -0.0153037, 0.0401248, -0.0364064, -0.998414
-1.20043, 13.1503, -1.25199, -0.0159547, 0.0385342, -0.0709186, -0.99661
-1.99676, 13.0334, -1.33021, -0.0135119, 0.0327303, -0.102762, -0.994075
-2.64914, 12.8948, -1.35207, -0.0131524, 0.0318354, -0.129846, -0.990936
-3.17478, 12.756, -1.2997, -0.0159882, 0.0344275, -0.15256, -0.987565
-3.67892, 12.5859, -1.38616, -0.0142036, 0.0397617, -0.175235, -0.983621
-4.22304, 12.3727, -1.51974, -0.0111517, 0.0473562, -0.200016, -0.978584
-4.87157, 12.0989, -1.53865, -0.0116533, 0.0469061, -0.228239, -0.972405
-5.47519, 11.7995, -1.58101, -0.0105532, 0.0435701, -0.255013, -0.965898
-6.11146, 11.444, -1.60401, -0.0107831, 0.0444061, -0.284101, -0.957705
-6.7266, 11.0503, -1.66473, -0.00911125, 0.043377, -0.313068, -0.948696
-7.31279, 10.6179, -1.79656, -0.0062006, 0.0481304, -0.342413, -0.938295
-7.85204, 10.1819, -1.85856, -0.00755707, 0.0570284, -0.370577, -0.927018
-8.34859, 9.74039, -1.87456, -0.00937958, 0.0597501, -0.396769, -0.915924
-8.76541, 9.33317, -1.8327, -0.0123566, 0.0593917, -0.419362, -0.90579
-9.24879, 8.79392, -1.88888, -0.00860859, 0.0508529, -0.445881, -0.893605
-9.61603, 8.306, -2.00945, -0.00365658, 0.0487557, -0.468597, -0.882058
-9.8281, 7.97075, -2.04492, -0.00195403, 0.0475581, -0.483738, -0.873917
-10.0156, 7.6545, -2.00313, -0.00301354, 0.0454274, -0.497705, -0.866151
-10.1307, 7.37999, -2.08254, 0.00158113, 0.0419336, -0.508908, -0.859797
-10.1534, 7.22663, -2.14449, 0.00266432, 0.0449956, -0.515635, -0.855622
-10.1542, 7.08582, -2.26665, 0.00900601, 0.0421232, -0.52089, -0.852536
-10.1532, 6.97783, -2.28696, 0.00906809, 0.0438167, -0.525756, -0.849457
-10.1544, 6.84311, -2.37979, 0.0136335, 0.0429107, -0.531038, -0.846151
-10.1861, 6.71367, -2.29405, 0.0099824, 0.0433355, -0.537167, -0.842303
-10.2107, 6.55882, -2.30332, 0.00994382, 0.0450837, -0.544075, -0.837765
-10.2262, 6.42375, -2.2954, 0.0101962, 0.0439231, -0.550112, -0.833873
-10.2481, 6.24333, -2.38324, 0.0121163, 0.047556, -0.558043, -0.828359
-10.249, 6.13664, -2.35235, 0.00956058, 0.0493987, -0.563285, -0.824729
-10.2494, 6.05053, -2.25584, 0.00641059, 0.0464809, -0.567338, -0.822147
-10.2501, 5.91726, -2.2814, 0.00824673, 0.0452393, -0.572761, -0.818432
-10.1734, 5.92655, -2.25259, 0.0081767, 0.0438419, -0.572628, -0.818601
-10.072, 5.9774, -2.18978, 0.00416287, 0.0477519, -0.571341, -0.819312
-9.98053, 5.96997, -2.22763, 0.0067674, 0.0466898, -0.571244, -0.819423
-9.87984, 5.97859, -2.25585, 0.00493537, 0.053859, -0.571367, -0.818911
-9.7992, 5.94627, -2.31605, 0.00844495, 0.0520769, -0.572073, -0.818504
-9.76555, 5.87597, -2.2762, 0.00831412, 0.0483407, -0.574634, -0.816939
-9.74045, 5.8045, -2.19769, 0.00643578, 0.0449944, -0.577458, -0.815154
-9.74164, 5.67064, -2.16625, 0.00600125, 0.0436831, -0.582904, -0.811343
-9.72969, 5.5236, -2.22329, 0.0101466, 0.0419578, -0.588566, -0.807295
-9.69365, 5.45811, -2.16391, 0.00806154, 0.0410806, -0.591758, -0.805027
-9.68283, 5.24203, -2.37966, 0.0163588, 0.0454249, -0.600352, -0.798277
-9.65751, 5.11747, -2.42036, 0.017028, 0.0477199, -0.605826, -0.793982
-9.61235, 5.11521, -2.24755, 0.0102039, 0.0439744, -0.606695, -0.793652
-9.55436, 5.09022, -2.17134, 0.00704878, 0.0432744, -0.608191, -0.792579
-9.44315, 5.14204, -2.13958, 0.00685884, 0.0419732, -0.606166, -0.7942
-9.32593, 5.18599, -2.13157, 0.00695931, 0.0426251, -0.604383, -0.795522
-9.15948, 5.29986, -2.139, 0.0066648, 0.0453902, -0.599609, -0.798977
-8.97415, 5.43478, -2.15154, 0.00667675, 0.0474119, -0.593679, -0.803276
-8.802, 5.51238, -2.2647, 0.0155295, 0.0404046, -0.588525, -0.807319
-8.63215, 5.67673, -2.13904, 0.0102263, 0.0389977, -0.581349, -0.812655
-8.52227, 5.74007, -2.02367, 0.00500938, 0.0389611, -0.578717, -0.814582
-8.52134, 5.61764, -1.97351, 0.00309257, 0.0387663, -0.584403, -0.810531
-8.47805, 5.54452, -1.97326, 0.00292459, 0.0408358, -0.588036, -0.807798
-8.46216, 5.4241, -2.00647, 0.00522475, 0.0394972, -0.593581, -0.803787
-8.44308, 5.31512, -2.02799, 0.00542823, 0.0403449, -0.598929, -0.799767
-8.39763, 5.25709, -2.03879, 0.00476593, 0.0429666, -0.602084, -0.797261
-8.34712, 5.22989, -1.98264, 0.00188322, 0.0426076, -0.603752, -0.79603
-8.22214, 5.28107, -2.03538, 0.00320932, 0.0482634, -0.601709, -0.797249
-8.07909, 5.35064, -2.08356, 0.00385709, 0.0561122, -0.598769, -0.798945
-7.9988, 5.3429, -2.05787, 0.0036755, 0.0542888, -0.598796, -0.799051
-7.87667, 5.36326, -2.13091, 0.00868933, 0.0518457, -0.596814, -0.800656
-7.69796, 5.48162, -2.16942, 0.0103959, 0.0540062, -0.590647, -0.805054
-7.55129, 5.58784, -2.11411, 0.00850238, 0.0521886, -0.585157, -0.809194
-7.45206, 5.61979, -2.08141, 0.00815176, 0.0499338, -0.583236, -0.810725
-7.38779, 5.62169, -1.99387, 0.005378, 0.0468236, -0.583268, -0.810911
-7.28656, 5.63772, -2.01764, 0.00917939, 0.0424472, -0.581943, -0.812069
-7.1845, 5.68739, -1.94738, 0.00676916, 0.0398325, -0.579908, -0.813679
-7.09238, 5.67656, -2.03239, 0.0111906, 0.0409592, -0.580596, -0.813084
-6.99174, 5.72522, -1.96598, 0.00675341, 0.043664, -0.579139, -0.814031
-6.92596, 5.73199, -1.88409, 0.00365987, 0.0385837, -0.579013, -0.814396
-6.8648, 5.71407, -1.84833, 0.00243072, 0.0374018, -0.580292, -0.813545
-6.7451, 5.74815, -1.84807, 0.00386939, 0.035618, -0.578003, -0.815248
-6.65154, 5.77322, -1.73489, -0.00135339, 0.0337412, -0.576764, -0.816213
-6.58303, 5.67517, -1.94899, 0.0116816, 0.0304475, -0.5801, -0.813892
-6.42318, 5.73785, -1.96819, 0.0105731, 0.0390503, -0.576785, -0.815893
-6.35105, 5.69372, -2.01752, 0.0143352, 0.0351075, -0.578078, -0.8151
-6.28245, 5.65844, -2.03633, 0.016937, 0.0299337, -0.578995, -0.814606
-6.19415, 5.67804, -1.9504, 0.0122698, 0.0324974, -0.578629, -0.814851
-6.14961, 5.64645, -1.87414, 0.00969696, 0.0281507, -0.580738, -0.813546
-6.11426, 5.58139, -1.89336, 0.0123458, 0.0240251, -0.584564, -0.810898
-6.0806, 5.51516, -1.92834, 0.0140895, 0.0253837, -0.589356, -0.807351
-6.02673, 5.49438, -1.89995, 0.0113595, 0.028212, -0.592069, -0.805313
-5.93012, 5.54095, -1.80884, 0.005999, 0.0272576, -0.590358, -0.806659
-5.86139, 5.53619, -1.78784, 0.00524302, 0.0255834, -0.59122, -0.806088
-5.72951, 5.59204, -1.77769, 0.00551432, 0.025497, -0.588, -0.80844
-5.57124, 5.6677, -1.75933, 0.00502488, 0.0277701, -0.583568, -0.811573
-5.42342, 5.72527, -1.73946, 0.00513833, 0.0232196, -0.579176, -0.814855
-5.22082, 5.84743, -1.65196, -0.000324902, 0.0232264, -0.571096, -0.820554
-4.99192, 5.95058, -1.71665, 0.00360261, 0.0238378, -0.562406, -0.82651
-4.85743, 6.00017, -1.67007, 0.00101186, 0.0213751, -0.558459, -0.829256
-4.74063, 6.03287, -1.62956, -0.00126596, 0.0217921, -0.556089, -0.830836
-4.67253, 6.01736, -1.62756, -0.000999363, 0.0252476, -0.557813, -0.829582
-4.61236, 5.98869, -1.66453, 0.00193382, 0.0274907, -0.560425, -0.827747
-4.57639, 5.96475, -1.61816, -0.00107956, 0.03203, -0.56432, -0.824934
-4.57135, 5.89927, -1.65557, 0.000772622, 0.0358107, -0.570864, -0.820263
-4.54046, 5.87658, -1.61096, -0.0024428, 0.0359049, -0.574134, -0.81797
-4.4278, 5.91909, -1.55548, -0.00567072, 0.0315942, -0.571083, -0.820264
-4.31953, 5.96151, -1.46446, -0.0109185, 0.0321047, -0.568646, -0.821883
-4.18921, 5.99688, -1.45558, -0.0106194, 0.0343752, -0.565846, -0.823726
-4.08916, 6.01502, -1.3989, -0.0137763, 0.0348398, -0.564711, -0.824438
-4.05224, 5.98451, -1.37684, -0.0156098, 0.0319607, -0.567732, -0.822445
-3.85109, 6.06023, -1.38941, -0.014715, 0.0396393, -0.56121, -0.826592
-3.72796, 6.0689, -1.47439, -0.00926751, 0.0330814, -0.55868, -0.828671
-3.60389, 6.09247, -1.48805, -0.00850144, 0.0255133, -0.555128, -0.83133
-3.4897, 6.11971, -1.44653, -0.0105657, 0.0302195, -0.55349, -0.83224
-3.47653, 6.07655, -1.46789, -0.00834668, 0.0308057, -0.558583, -0.828834
-3.39469, 6.07506, -1.4981, -0.00533598, 0.0337036, -0.5596, -0.82806
-3.34631, 6.07522, -1.44754, -0.00847896, 0.0393037, -0.562519, -0.825806
-3.31349, 6.04927, -1.4872, -0.00598973, 0.0408461, -0.566615, -0.822948
-3.22129, 6.07524, -1.43278, -0.0091655, 0.045633, -0.566097, -0.823023
-3.1695, 6.05579, -1.48245, -0.00589382, 0.0404791, -0.567931, -0.822059
-3.05136, 6.08811, -1.43548, -0.00880056, 0.035644, -0.56464, -0.82452
-2.9063, 6.11706, -1.43809, -0.0080515, 0.0317404, -0.560368, -0.827596
-2.77619, 6.13449, -1.4302, -0.00826284, 0.0296481, -0.557321, -0.829726
-2.61819, 6.15708, -1.44963, -0.00650809, 0.0332165, -0.553528, -0.832142
-2.45934, 6.17313, -1.49985, -0.0031691, 0.0344364, -0.54936, -0.834869
-2.35457, 6.18083, -1.48346, -0.0033031, 0.041084, -0.548621, -0.835054
-2.27959, 6.17178, -1.4875, -0.00268294, 0.0413272, -0.548951, -0.834828
-2.24795, 6.14405, -1.49614, -0.000724238, 0.0440148, -0.552559, -0.83231
-2.23153, 6.11827, -1.48085, -0.000464272, 0.0463584, -0.557067, -0.829172
-2.20744, 6.08519, -1.53637, 0.00476748, 0.0478302, -0.56183, -0.825855
-2.21284, 6.03408, -1.63291, 0.0109601, 0.0438591, -0.568245, -0.821616
-2.20649, 6.00929, -1.63136, 0.0106441, 0.0452907, -0.573525, -0.817865
-2.12429, 6.02998, -1.55124, 0.00417875, 0.0447895, -0.572533, -0.818647
-2.0611, 6.02341, -1.55093, 0.00550232, 0.0492875, -0.574371, -0.817091
-1.93296, 6.03929, -1.53736, 0.00727863, 0.0557952, -0.572166, -0.818205
-1.7565, 6.06257, -1.52818, 0.00986974, 0.0619168, -0.567013, -0.821319
-1.6315, 6.05641, -1.55729, 0.0128416, 0.0609898, -0.564786, -0.82288
-1.47082, 6.06361, -1.57378, 0.0146283, 0.0617889, -0.56032, -0.825839
-1.30665, 6.06906, -1.60341, 0.0187055, 0.0662982, -0.556059, -0.828283
-1.18241, 6.07841, -1.57363, 0.0170577, 0.0670567, -0.552859, -0.830397
-1.07604, 6.08272, -1.54407, 0.015781, 0.0671788, -0.550767, -0.831802
-1.01148, 6.07758, -1.52694, 0.0151155, 0.0655211, -0.55137, -0.831546
-0.946362, 6.07095, -1.54284, 0.0180248, 0.0658055, -0.55277, -0.830536
-0.874435, 6.08678, -1.47823, 0.0133026, 0.065533, -0.55271, -0.830686
-0.818627, 6.07705, -1.53419, 0.0171138, 0.0631382, -0.554873, -0.829359
-0.723621, 6.08896, -1.50834, 0.0157002, 0.0636709, -0.553833, -0.830041
-0.662027, 6.09657, -1.46023, 0.00870344, 0.0561749, -0.553617, -0.830829
-0.567013, 6.09532, -1.45704, 0.00575186, 0.0482873, -0.551853, -0.832522
-0.462484, 6.09114, -1.4431, 0.00683284, 0.0499437, -0.551117, -0.832904
-0.382289, 6.07673, -1.44298, 0.00741012, 0.0484352, -0.551716, -0.832591
-0.261106, 6.04879, -1.52366, 0.014189, 0.0461905, -0.550469, -0.833456
-0.121424, 6.02999, -1.57397, 0.0188681, 0.0463301, -0.547831, -0.835092
0.0692105, 6.02113, -1.59733, 0.0251458, 0.0526492, -0.542206, -0.838218
0.216722, 6.02635, -1.53856, 0.0239215, 0.0584205, -0.53804, -0.840552
0.287478, 6.03409, -1.46315, 0.0225779, 0.0656941, -0.539038, -0.839412
0.336507, 6.03625, -1.44092, 0.0238251, 0.0688885, -0.541576, -0.837486
0.41144, 6.05168, -1.38393, 0.0241213, 0.0759413, -0.542609, -0.836197
0.419363, 6.06611, -1.38975, 0.0252935, 0.0768354, -0.547821, -0.832676
0.494279, 6.06974, -1.45861, 0.0291176, 0.0724982, -0.548164, -0.832713
0.607911, 6.08023, -1.46678, 0.0280625, 0.0685833, -0.545, -0.835155
0.723256, 6.0905, -1.4512, 0.0263465, 0.0663476, -0.541728, -0.837517
0.825369, 6.09705, -1.43716, 0.0239251, 0.062797, -0.539228, -0.839474
0.935402, 6.11033, -1.36688, 0.0224282, 0.0677817, -0.537279, -0.840377
0.999719, 6.10714, -1.40255, 0.0264112, 0.0669027, -0.538787, -0.839366
1.0928, 6.12024, -1.33158, 0.0224262, 0.0697587, -0.537761, -0.839907
1.18335, 6.12339, -1.31977, 0.0213295, 0.0692489, -0.537028, -0.840447
1.21981, 6.12503, -1.37178, 0.0226392, 0.0641817, -0.539718, -0.83909
1.28904, 6.13448, -1.34425, 0.0199624, 0.0630692, -0.539908, -0.83912
1.29957, 6.15058, -1.33928, 0.0180786, 0.0598705, -0.543923, -0.836801
1.34573, 6.16525, -1.33782, 0.0197429, 0.0596983, -0.546399, -0.835161
1.40247, 6.18302, -1.34233, 0.017834, 0.0557345, -0.547603, -0.83469
1.46536, 6.2038, -1.34687, 0.0213948, 0.0587793, -0.549746, -0.832987
1.50989, 6.22789, -1.33437, 0.025069, 0.06393, -0.553158, -0.830241
1.55442, 6.24806, -1.31235, 0.0200879, 0.0608453, -0.554781, -0.829525
1.63029, 6.26064, -1.26786, 0.0183894, 0.0627211, -0.555066, -0.829234
1.73275, 6.26069, -1.22965, 0.0201006, 0.0662538, -0.554028, -0.829614
1.83196, 6.2508, -1.23357, 0.0246222, 0.0679305, -0.553598, -0.829644
1.88175, 6.24692, -1.28114, 0.0238145, 0.0617798, -0.555632, -0.828788
2.04926, 6.22846, -1.23309, 0.0277001, 0.0697085, -0.551459, -0.830822
2.22708, 6.1977, -1.21837, 0.0360127, 0.07716, -0.546521, -0.833105
2.35239, 6.17715, -1.21818, 0.0370987, 0.0768446, -0.543583, -0.835006
2.38453, 6.18606, -1.22893, 0.0403358, 0.0768794, -0.547014, -0.832609
2.40826, 6.21009, -1.18181, 0.035164, 0.0754641, -0.550177, -0.830887
2.4554, 6.22904, -1.15955, 0.0357005, 0.0763918, -0.552728, -0.829085
2.52304, 6.25149, -1.11005, 0.0346599, 0.0795053, -0.553877, -0.828068
2.58738, 6.2676, -1.10603, 0.0358715, 0.0807188, -0.555332, -0.826924
2.60376, 6.29119, -1.13666, 0.0302686, 0.0739915, -0.558633, -0.825553
2.68769, 6.29882, -1.07199, 0.0276033, 0.0767172, -0.558068, -0.82578
2.81963, 6.28323, -0.984163, 0.0242718, 0.0798845, -0.554231, -0.828165
2.91048, 6.28088, -0.874581, 0.0210384, 0.0850968, -0.553223, -0.828408
2.97722, 6.27219, -0.924997, 0.0225215, 0.0807454, -0.55445, -0.827984
3.07006, 6.26144, -0.91186, 0.0229665, 0.0817544, -0.554142, -0.828079
3.22675, 6.21731, -0.938397, 0.0253773, 0.0803902, -0.54976, -0.831058
3.3309, 6.1943, -0.991792, 0.0223936, 0.0734533, -0.547883, -0.833023
3.39485, 6.18883, -1.05575, 0.0202922, 0.0657867, -0.548613, -0.833237
3.41694, 6.21043, -1.08348, 0.0150944, 0.0588911, -0.551758, -0.831786
3.46053, 6.22767, -1.11069, 0.0172781, 0.0562685, -0.554529, -0.83008
3.51403, 6.25835, -1.04732, 0.0138269, 0.0587341, -0.556502, -0.828652
3.52986, 6.30886, -1.0166, 0.0203918, 0.0651874, -0.562175, -0.824193
3.55817, 6.35064, -0.971314, 0.0215658, 0.0694284, -0.566059, -0.821152
3.60221, 6.36801, -1.0528, 0.0194311, 0.0619075, -0.568236, -0.820303
3.66997, 6.38112, -1.03559, 0.0212241, 0.0630535, -0.569433, -0.819341
3.7977, 6.36389, -0.95524, 0.0191658, 0.0663053, -0.566642, -0.821068
3.87737, 6.36388, -0.938119, 0.0196375, 0.0665615, -0.567227, -0.820632
3.95277, 6.36157, -0.979659, 0.0229195, 0.0645954, -0.568449, -0.819859
4.09284, 6.3288, -0.958254, 0.0241405, 0.0664702, -0.565422, -0.821765
4.17283, 6.32925, -0.95667, 0.0246581, 0.066645, -0.56587, -0.821426
4.24064, 6.3328, -0.98348, 0.0277954, 0.0652787, -0.567185, -0.820529
4.27391, 6.35887, -1.00981, 0.0217255, 0.0595842, -0.569716, -0.81939
4.37585, 6.35119, -0.991282, 0.0191705, 0.0583559, -0.56852, -0.820373
4.49609, 6.3478, -0.830133, 0.0187275, 0.0680679, -0.566476, -0.821049
4.53866, 6.39253, -0.731902, 0.0212931, 0.0754963, -0.569401, -0.818309
4.57641, 6.43417, -0.707343, 0.0222024, 0.0775216, -0.572431, -0.815978
4.65908, 6.43871, -0.738318, 0.0168892, 0.0731344, -0.572136, -0.816717
4.73166, 6.45042, -0.737506, 0.0160645, 0.0719212, -0.572725, -0.816429
4.8351, 6.43613, -0.770613, 0.0151173, 0.0680164, -0.571474, -0.817657
4.93786, 6.42866, -0.690359, 0.0146225, 0.0718448, -0.57045, -0.818053
5.03937, 6.42002, -0.630948, 0.0187566, 0.076364, -0.569987, -0.817882
5.17173, 6.38805, -0.565198, 0.0162396, 0.0794117, -0.567048, -0.819687
5.28101, 6.36981, -0.597796, 0.019334, 0.0781173, -0.565972, -0.820487
5.40071, 6.34467, -0.594437, 0.0213033, 0.0782383, -0.563964, -0.821809
5.44436, 6.38112, -0.597216, 0.0236149, 0.0776863, -0.566669, -0.819935
5.50652, 6.40966, -0.550528, 0.0271641, 0.0802313, -0.568265, -0.818474
5.57933, 6.43688, -0.401301, 0.0265197, 0.0878715, -0.568595, -0.817481
5.61115, 6.50149, -0.302035, 0.0237578, 0.0927393, -0.571532, -0.814976
5.64575, 6.55991, -0.309164, 0.0298747, 0.0938839, -0.574957, -0.81223
5.68974, 6.60277, -0.340587, 0.0205267, 0.0891311, -0.576886, -0.811687
5.78044, 6.605, -0.301838, 0.0207372, 0.090409, -0.576109, -0.812092
5.89621, 6.58154, -0.324317, 0.0187943, 0.0871021, -0.573882, -0.814076
6.01274, 6.55549, -0.244012, 0.0182843, 0.0899625, -0.571434, -0.815497
6.14426, 6.51577, -0.30975, 0.0153534, 0.084603, -0.568724, -0.818022
6.26555, 6.4878, -0.251229, 0.018439, 0.088288, -0.566602, -0.81904
6.36715, 6.47643, -0.199837, 0.0229929, 0.0916788, -0.565507, -0.81931
6.48939, 6.4462, -0.305818, 0.0190388, 0.0843328, -0.563422, -0.821633
6.51242, 6.50863, -0.425471, 0.0217706, 0.0774157, -0.567604, -0.819364
6.53455, 6.57375, -0.463084, 0.0243296, 0.0747291, -0.571437, -0.816874
6.63415, 6.57214, -0.433101, 0.0260429, 0.075469, -0.570471, -0.817428
6.73436, 6.57546, -0.316809, 0.0238523, 0.0805755, -0.569116, -0.817952
6.83749, 6.57486, -0.285418, 0.0238709, 0.0819437, -0.568007, -0.818586
6.92107, 6.58711, -0.314122, 0.0199696, 0.0794235, -0.567944, -0.818982
7.03266, 6.56652, -0.330598, 0.0155719, 0.0772579, -0.566078, -0.820575
7.09958, 6.58727, -0.411175, 0.0161488, 0.0721854, -0.567232, -0.82023
7.22952, 6.54004, -0.454366, 0.0154125, 0.0686127, -0.564609, -0.822357
7.35069, 6.49977, -0.479626, 0.0106207, 0.0657267, -0.562405, -0.824177
7.43921, 6.49661, -0.495143, 0.00912326, 0.0645029, -0.56255, -0.824193
7.57461, 6.43863, -0.49836, 0.0119902, 0.0647093, -0.559865, -0.825966
7.63337, 6.46356, -0.475042, 0.013042, 0.0658607, -0.561459, -0.824777
7.69446, 6.48199, -0.55592, 0.0156705, 0.0617379, -0.563086, -0.82394
7.71997, 6.54211, -0.600684, 0.0148078, 0.058609, -0.566581, -0.821785
7.76226, 6.59101, -0.604039, 0.0166568, 0.0577262, -0.569299, -0.819932
7.85147, 6.59567, -0.494501, 0.0166444, 0.0623666, -0.569077, -0.819747
7.88772, 6.66567, -0.412588, 0.0213721, 0.0667375, -0.572353, -0.817008
7.928, 6.72529, -0.402028, 0.0215382, 0.0673701, -0.575118, -0.815007
8.01778, 6.721, -0.422227, 0.018373, 0.0660001, -0.574704, -0.815489
8.10995, 6.71024, -0.359318, 0.0185791, 0.0683849, -0.573989, -0.815791
8.25517, 6.63108, -0.220708, 0.0190679, 0.0739726, -0.56993, -0.818134
8.3452, 6.6121, -0.0666071, 0.0229828, 0.0806147, -0.569168, -0.817937
8.43492, 6.59849, -0.0376227, 0.0292312, 0.0819395, -0.569087, -0.817662
8.6225, 6.46144, 0.000635659, 0.026327, 0.0831725, -0.562833, -0.821954
8.73981, 6.41212, 0.0503872, 0.0270792, 0.0850448, -0.560827, -0.823108
8.84846, 6.37639, -0.0431253, 0.0255922, 0.0800594, -0.559737, -0.824397
8.86796, 6.45675, -0.130134, 0.0253868, 0.0752391, -0.564023, -0.821932
8.88138, 6.54981, -0.158167, 0.0263151, 0.0729496, -0.568573, -0.818969
8.96119, 6.56183, -0.15942, 0.0276023, 0.071922, -0.569081, -0.818665
9.03225, 6.59156, -0.111557, 0.0288517, 0.0736733, -0.570077, -0.817773
9.0688, 6.66259, -0.0487393, 0.0320548, 0.0764385, -0.572971, -0.815373
9.11372, 6.72069, -0.166426, 0.0290121, 0.0710019, -0.575647, -0.814093
9.2185, 6.69467, -0.163194, 0.0262834, 0.0703946, -0.574344, -0.815158
9.36229, 6.61306, -0.20519, 0.0239603, 0.0674162, -0.570842, -0.817936
9.48451, 6.55846, -0.16595, 0.0215666, 0.0679286, -0.568561, -0.819548
9.63163, 6.47047, -0.227898, 0.0203381, 0.0645611, -0.565268, -0.822125
9.75202, 6.4165, -0.0876435, 0.0222362, 0.0702558, -0.56315, -0.823062
9.90404, 6.31469, -0.0509423, 0.0274303, 0.0715125, -0.55926, -0.825446
10.0226, 6.26238, -0.124209, 0.0248341, 0.0681035, -0.557407, -0.827069
10.1087, 6.25654, -0.121009, 0.0253428, 0.0675303, -0.557395, -0.827108
10.1698, 6.29457, -0.143463, 0.0238621, 0.0656562, -0.559069, -0.826173
10.2332, 6.33718, -0.0910768, 0.0249405, 0.0668988, -0.560628, -0.824984
10.3139, 6.35153, 0.10592, 0.0223838, 0.0745356, -0.560511, -0.824482
10.3481, 6.44537, 0.175014, 0.0236128, 0.0772639, -0.563866, -0.821905
10.3901, 6.52115, 0.175234, 0.0224656, 0.0770786, -0.566651, -0.820037
10.4738, 6.53475, 0.0739133, 0.0186696, 0.0727439, -0.567185, -0.820159
10.5565, 6.53915, 0.0396232, 0.0177463, 0.0706502, -0.567461, -0.820172
10.6591, 6.50853, 0.0371097, 0.0172832, 0.0696094, -0.566551, -0.820899
10.7828, 6.44735, -0.0340621, 0.0149704, 0.0662248, -0.564724, -0.822482
10.8685, 6.44243, -0.0657852, 0.0164284, 0.0647162, -0.565177, -0.822263
10.9822, 6.38028, 0.0544086, 0.018704, 0.0692652, -0.563235, -0.823176
11.0485, 6.39043, 0.107188, 0.0182855, 0.0711144, -0.563984, -0.822514
11.0788, 6.46588, 0.0627773, 0.017119, 0.0689103, -0.567238, -0.820487
11.1033, 6.55893, -0.0825451, 0.0137653, 0.0627519, -0.571099, -0.818363
11.1539, 6.60833, -0.03255, 0.0169802, 0.0636293, -0.573067, -0.816858
11.2322, 6.61797, 0.0483748, 0.0182667, 0.066015, -0.573314, -0.816468
11.2713, 6.69336, 0.178242, 0.02201, 0.0705179, -0.575856, -0.814207
11.33, 6.73325, 0.278363, 0.0210723, 0.0742355, -0.577106, -0.813015
11.4225, 6.72901, 0.170304, 0.0163173, 0.0702645, -0.577038, -0.813525
11.4971, 6.7466, 0.142919, 0.019032, 0.0685069, -0.577858, -0.813034
11.6566, 6.61752, 0.175196, 0.0179428, 0.0689493, -0.573521, -0.816087
11.7426, 6.60678, 0.218719, 0.0151859, 0.0699972, -0.573487, -0.816078
11.8441, 6.57293, 0.252466, 0.0173287, 0.0706688, -0.572906, -0.816385
11.9344, 6.55314, 0.341908, 0.020194, 0.073559, -0.572724, -0.816191
11.9658, 6.64862, 0.241238, 0.0259159, 0.0692344, -0.576629, -0.813654
12.0798, 6.60012, 0.0984743, 0.0222858, 0.0639784, -0.575502, -0.814989
12.1548, 6.61438, -0.0181186, 0.0171101, 0.0595866, -0.576338, -0.814856
12.234, 6.62428, -0.0753897, 0.0154367, 0.0569793, -0.576876, -0.814696
12.3156, 6.63182, -0.0029343, 0.0196953, 0.0585067, -0.57713, -0.814316
12.419, 6.59922, 0.162362, 0.0221617, 0.0637422, -0.575745, -0.814839
12.5097, 6.58678, 0.275341, 0.0225615, 0.0675743, -0.575095, -0.814979
12.6228, 6.5409, 0.135414, 0.0200833, 0.0627786, -0.573737, -0.816383
12.7434, 6.45583, 0.241313, 0.0161001, 0.0665587, -0.570923, -0.818142
12.8217, 6.45366, 0.234334, 0.0132866, 0.0660179, -0.571042, -0.818154
12.9261, 6.40329, 0.259673, 0.0158839, 0.0658859, -0.569843, -0.818954
13.0697, 6.27741, 0.273, 0.0160579, 0.0658236, -0.566345, -0.821379
13.2127, 6.14697, 0.336042, 0.0156614, 0.0678827, -0.5627, -0.82372
13.3428, 6.03667, 0.374895, 0.0226164, 0.068063, -0.55981, -0.825511
13.4524, 5.97079, 0.311257, 0.0223096, 0.0656755, -0.558203, -0.8268
13.5582, 5.91386, 0.230476, 0.0225708, 0.0623673, -0.556868, -0.827948
13.6374, 5.9176, 0.150521, 0.0191309, 0.0594936, -0.557229, -0.828003
13.7054, 5.95563, 0.149646, 0.0207976, 0.0584583, -0.558451, -0.827214
13.8071, 5.92877, 0.167324, 0.0189576, 0.0588693, -0.557468, -0.827892
13.8585, 6.0062, 0.300416, 0.0229916, 0.0624756, -0.559481, -0.826165
13.9304, 6.02367, 0.468227, 0.0234224, 0.0678196, -0.55961, -0.825644
14.0667, 5.91677, 0.381547, 0.0173743, 0.0657609, -0.556365, -0.828149
14.1579, 5.89961, 0.356678, 0.0158154, 0.0647337, -0.555851, -0.828606
14.283, 5.81435, 0.209633, 0.0120046, 0.0599468, -0.553527, -0.830584
14.3914, 5.74559, 0.307903, 0.0129205, 0.0623447, -0.551695, -0.831612
14.5399, 5.56992, 0.492263, 0.014814, 0.0675966, -0.546817, -0.834387
14.6746, 5.43314, 0.603822, 0.0161038, 0.0708518, -0.543163, -0.836478
14.8021, 5.29966, 0.740612, 0.0202791, 0.0742474, -0.539609, -0.83839
14.9259, 5.2317, 0.472482, 0.0156451, 0.0663252, -0.538159, -0.840084
15.0203, 5.22131, 0.289209, 0.0120708, 0.0607415, -0.538268, -0.840495
15.0693, 5.3149, 0.239661, 0.0100274, 0.058899, -0.541153, -0.838799
15.1147, 5.41843, 0.277283, 0.015018, 0.0583142, -0.544267, -0.836748
15.1821, 5.4589, 0.459114, 0.012501, 0.0641837, -0.545216, -0.835741
15.1758, 5.69263, 0.599503, 0.0168513, 0.0675351, -0.551588, -0.831207
15.1707, 5.91379, 0.643993, 0.0228881, 0.0675351, -0.557643, -0.827012
15.2259, 6.00974, 0.430292, 0.0121642, 0.0629499, -0.560353, -0.825769
15.2874, 6.06787, 0.344305, 0.00830793, 0.0607025, -0.562038, -0.824839
15.3841, 6.03927, 0.242152, 0.0102462, 0.0566299, -0.561585, -0.825415
15.5089, 5.91828, 0.368744, 0.0107236, 0.0598436, -0.558607, -0.827201
15.6104, 5.87019, 0.380897, 0.0110666, 0.059875, -0.557798, -0.82774
15.7191, 5.80692, 0.364747, 0.0138426, 0.0587428, -0.556676, -0.828534
15.8381, 5.6769, 0.58126, 0.0129127, 0.0654274, -0.55347, -0.830195
15.9529, 5.58269, 0.511533, 0.0108209, 0.0636418, -0.551314, -0.831797
16.0284, 5.58434, 0.482567, 0.0104515, 0.0624167, -0.551596, -0.831707
16.1202, 5.55571, 0.390731, 0.00882602, 0.0594524, -0.551019, -0.832325
16.2237, 5.49897, 0.353656, 0.0132674, 0.0566556, -0.549683, -0.833344
16.3621, 5.34209, 0.417668, 0.0113596, 0.0586355, -0.545498, -0.835981
16.3844, 5.5046, 0.563944, 0.0162593, 0.0616345, -0.549512, -0.833051
16.4731, 5.47826, 0.639565, 0.019611, 0.0628839, -0.548663, -0.833445
16.6909, 5.11892, 0.289335, 0.0120318, 0.054346, -0.539599, -0.84008
16.8953, 4.71563, 0.23143, 0.00951436, 0.0530422, -0.529339, -0.846697
17.1398, 4.1137, 0.170478, 0.00860303, 0.0511999, -0.514222, -0.856084
17.3844, 3.37332, 0.327811, 0.00716716, 0.0560066, -0.495604, -0.866712
17.6258, 2.46935, 0.411544, 0.00584075, 0.0589392, -0.473022, -0.879058
17.8386, 1.39425, 0.510407, 0.00518904, 0.0625878, -0.446152, -0.892751
17.982, 0.242768, 0.623824, 0.00895507, 0.0650875, -0.417296, -0.906392
18.0484, -0.998029, 0.613333, 0.00846372, 0.0655932, -0.385796, -0.92021
18.0254, -2.30268, 0.455648, 0.00626357, 0.0624298, -0.352207, -0.933816
17.924, -3.48967, 0.283516, 0.00406526, 0.0586616, -0.321041, -0.945238
17.73, -4.70538, 0.219263, 0.00214354, 0.0582727, -0.288314, -0.955759
17.4648, -5.86091, 0.192143, -0.00117681, 0.0602079, -0.256266, -0.964729
17.1628, -6.88718, 0.26499, -0.000621739, 0.0632674, -0.227093, -0.971816
16.6905, -8.13407, 0.264585, -0.00324087, 0.0669779, -0.190548, -0.979385
16.0574, -9.4476, 0.399532, -0.00777244, 0.0773526, -0.15045, -0.985556
15.3251, -10.7142, 0.17724, -0.0110162, 0.0749534, -0.109927, -0.991048
14.3802, -12.0536, -0.0962044, -0.0176304, 0.0742544, -0.0642217, -0.995013
13.1369, -13.48, -0.561647, -0.0250083, 0.0682922, -0.0112597, -0.997288
11.6794, -14.8245, -0.866845, -0.0280692, 0.0645325, 0.043876, -0.996555
9.95276, -16.0769, -1.26802, -0.0332798, 0.0597574, 0.103046, -0.992322
8.03233, -17.1507, -1.54358, -0.0371544, 0.0593894, 0.163521, -0.984049
6.05708, -17.9747, -1.63262, -0.0375749, 0.0633041, 0.221507, -0.972376
3.84774, -18.6012, -1.59802, -0.0326036, 0.0656615, 0.282214, -0.956546
1.3793, -18.901, -2.21618, -0.0408696, 0.0553992, 0.347427, -0.935176
-1.03591, -18.8714, -2.62047, -0.0434475, 0.0432791, 0.408504, -0.910694
-3.16106, -18.576, -2.89089, -0.0449156, 0.0332941, 0.461155, -0.885556
-4.99922, -18.1027, -3.07839, -0.0468052, 0.0282106, 0.506737, -0.860367
-6.63823, -17.4779, -3.29994, -0.0500646, 0.0218933, 0.547636, -0.834931
-7.88417, -16.8946, -3.27554, -0.0488171, 0.0247065, 0.579623, -0.813046
-9.05052, -16.2051, -3.40653, -0.0517949, 0.0290019, 0.610443, -0.789833
-10.27, -15.3479, -3.58407, -0.0558569, 0.0348741, 0.643258, -0.762813
-11.5191, -14.2916, -3.81793, -0.0604336, 0.0313998, 0.677226, -0.732616
-12.4961, -13.3492, -3.83016, -0.059752, 0.031724, 0.704799, -0.706174
-13.4466, -12.3146, -3.71256, -0.0556803, 0.0275016, 0.732143, -0.678314
-14.1159, -11.4029, -3.77767, -0.0571955, 0.0243869, 0.753479, -0.654525
-14.5736, -10.6674, -3.84028, -0.0588191, 0.0223428, 0.76956, -0.635467
-15.0089, -9.87447, -3.92563, -0.0610401, 0.0199641, 0.78581, -0.615124
-15.378, -9.08966, -4.03822, -0.0642136, 0.0175366, 0.800811, -0.595207
-15.6629, -8.4966, -3.87832, -0.0600875, 0.014078, 0.812253, -0.580031
-15.8809, -7.97746, -3.71266, -0.0555477, 0.013849, 0.8221, -0.566458
-15.9769, -7.62663, -3.65326, -0.0545204, 0.0123125, 0.828225, -0.557602
-15.9756, -7.40653, -3.71621, -0.0565294, 0.0140085, 0.831779, -0.552043
-15.9602, -7.198, -3.78194, -0.0592506, 0.0110631, 0.834686, -0.547417
-15.8883, -7.11057, -3.8524, -0.0613634, 0.0110424, 0.835706, -0.545626
-15.8232, -6.95915, -4.01983, -0.0669686, 0.00786062, 0.837236, -0.542669
-15.8204, -6.85999, -3.8326, -0.0625225, 0.00290484, 0.838996, -0.540525
-15.7596, -6.85994, -3.71213, 0.0593311, -0.00260018, -0.83925, 0.540493
-15.7469, -6.73731, -3.58574, 0.0565245, -0.000307839, -0.841469, 0.53734
-15.6907, -6.67263, -3.54561, 0.0564296, 0.00294873, -0.842421, 0.535849
-15.7079, -6.34632, -3.63862, 0.0602028, 0.0061119, -0.847359, 0.527561
-15.7479, -6.06693, -3.5163, 0.0574382, 0.00993811, -0.852154, 0.520034
-15.635, -6.16044, -3.47627, 0.0548981, 0.00399549, -0.851387, 0.521642
-15.5828, -6.13626, -3.36017, 0.0511124, 0.00258376, -0.852339, 0.52048
-15.4309, -6.30035, -3.3897, 0.0515408, -0.00150905, -0.84987, 0.524464
-15.241, -6.52204, -3.45922, 0.0534745, -0.00540773, -0.84613, 0.530259
-15.0929, -6.65387, -3.46215, 0.0531721, -0.0101701, -0.844045, 0.533532
-14.8962, -6.77982, -3.68059, -0.0597188, 0.0127361, 0.84111, -0.537406
-14.7401, -6.9286, -3.67235, -0.0590112, 0.0153186, 0.838504, -0.541473
-14.641, -6.97051, -3.63251, -0.0579839, 0.014513, 0.837695, -0.542858
-14.5448, -7.00219, -3.60471, -0.0578993, 0.01123, 0.836864, -0.544224
-14.4939, -6.99464, -3.44602, -0.0537108, 0.00923805, 0.837346, -0.54395
-14.4045, -7.007, -3.41626, -0.0536296, 0.00726113, 0.837111, -0.544349
-14.286, -7.10685, -3.33862, -0.0512243, 0.00874739, 0.835743, -0.546656
-14.181, -7.07563, -3.47976, -0.0557337, 0.00811955, 0.836, -0.545832
-14.0298, -7.12113, -3.66451, -0.0607887, 0.0144515, 0.835116, -0.546513
-13.9594, -7.14838, -3.54285, -0.0574597, 0.010886, 0.834858, -0.547349
-13.8155, -7.30499, -3.45291, -0.0547429, 0.0127233, 0.832299, -0.55147
-13.6718, -7.46554, -3.32472, -0.0514453, 0.0109405, 0.829368, -0.556221
-13.5353, -7.53364, -3.34944, -0.0524005, 0.0136342, 0.828016, -0.558084
-13.2973, -7.66922, -3.64324, -0.0622002, 0.0148859, 0.824057, -0.562885
-13.1693, -7.73778, -3.62503, -0.0619161, 0.0115149, 0.822301, -0.565556
-13.0365, -7.84691, -3.55005, -0.059737, 0.00952017, 0.820033, -0.56911
-12.9042, -7.93834, -3.51333, -0.0586781, 0.010349, 0.818212, -0.571821
-12.7933, -7.96754, -3.53234, -0.0597148, 0.0124763, 0.817622, -0.572514
-12.7058, -7.93799, -3.58921, -0.062125, 0.0140811, 0.818238, -0.57134
-12.5971, -7.96858, -3.59522, -0.0626914, 0.0135589, 0.817669, -0.572104
-12.4761, -7.99089, -3.66988, -0.0648954, 0.0179952, 0.817424, -0.572086
-12.3715, -7.96743, -3.78803, -0.068731, 0.022069, 0.817895, -0.570821
-12.3588, -7.93086, -3.5966, -0.0625069, 0.0189948, 0.819414, -0.569467
-12.2468, -8.00757, -3.49829, -0.0597027, 0.0196234, 0.81808, -0.57166
-12.1665, -8.0327, -3.37627, -0.056305, 0.0178705, 0.817724, -0.572572
-12.0394, -8.07208, -3.38506, -0.0570901, 0.0203086, 0.816681, -0.573899
-11.8973, -8.10288, -3.46434, -0.0601183, 0.0205975, 0.815311, -0.575526
-11.7547, -8.15671, -3.49911, -0.0613876, 0.0217726, 0.813678, -0.577655
-11.7058, -8.11548, -3.43388, -0.059377, 0.016841, 0.814388, -0.57703
-11.5874, -8.17078, -3.39514, -0.0583311, 0.0166139, 0.813036, -0.579046
-11.5477, -8.11254, -3.34303, -0.0571804, 0.0133269, 0.814337, -0.577415
-11.4702, -8.09342, -3.33392, -0.0575604, 0.0126013, 0.814802, -0.576737
-11.3904, -8.07921, -3.32354, -0.0575938, 0.0121826, 0.815303, -0.576034
-11.3466, -8.00485, -3.33276, -0.0579836, 0.01046, 0.81716, -0.573392
-11.2642, -8.01609, -3.28239, -0.0559199, 0.0166394, 0.817776, -0.572571
-11.2484, -7.96089, -3.15143, -0.051235, 0.0138607, 0.819634, -0.570423
-11.1457, -8.01773, -3.05962, -0.0483948, 0.0122007, 0.81851, -0.57232
-11.0113, -8.1082, -2.98285, -0.0463153, 0.0100383, 0.816299, -0.575681
-10.8651, -8.17784, -2.98884, -0.0470592, 0.0121928, 0.814467, -0.578169
-10.6621, -8.24591, -3.2052, -0.0553986, 0.0150015, 0.811666, -0.581295
-10.4842, -8.3245, -3.29648, -0.0588422, 0.016598, 0.809001, -0.584619
-10.385, -8.30802, -3.37077, -0.0617833, 0.0147685, 0.808735, -0.584733
-10.3031, -8.31939, -3.31964, -0.0600235, 0.0123427, 0.808372, -0.585473
-10.2406, -8.27701, -3.34236, -0.0614234, 0.01021, 0.809172, -0.584263
-10.1713, -8.24185, -3.37082, -0.063124, 0.00973095, 0.809995, -0.582948
-10.0805, -8.18469, -3.52682, -0.0696322, 0.0102955, 0.810902, -0.580933
-9.99665, -8.13504, -3.6413, -0.074209, 0.0121761, 0.812033, -0.578746
-9.87626, -8.10755, -3.81416, -0.0811979, 0.0169487, 0.812367, -0.577217
-9.79004, -8.10127, -3.83953, -0.0823562, 0.01523, 0.812325, -0.57716
-9.66104, -8.21451, -3.7106, -0.0780772, 0.0203148, 0.810396, -0.580301
-9.56565, -8.27057, -3.59602, -0.0743151, 0.0184698, 0.809225, -0.582487
-9.43131, -8.30739, -3.6162, -0.0763009, 0.0210131, 0.807973, -0.58388
-9.37852, -8.28611, -3.52648, -0.0732035, 0.0197165, 0.808782, -0.583201
-9.27358, -8.3531, -3.37267, -0.0672834, 0.0215578, 0.807601, -0.585482
-9.24246, -8.24437, -3.45508, -0.0706274, 0.0178579, 0.809917, -0.582003
-9.16871, -8.27496, -3.32442, -0.0652784, 0.0150275, 0.809433, -0.58338
-9.01898, -8.33872, -3.33422, -0.0666739, 0.0188181, 0.807503, -0.58578
-8.96404, -8.30145, -3.31998, -0.0670339, 0.0204385, 0.808871, -0.583795
-8.91834, -8.24565, -3.32911, -0.0678246, 0.016226, 0.810333, -0.581805
-8.81565, -8.26338, -3.31944, -0.06779, 0.0164216, 0.810055, -0.58219
-8.73297, -8.24252, -3.35427, -0.0696979, 0.0215109, 0.811159, -0.580259
-8.69487, -8.2012, -3.32056, -0.0683687, 0.0218732, 0.812907, -0.577953
-8.67674, -8.19433, -3.13449, -0.0604916, 0.0192577, 0.81417, -0.577146
-8.63516, -8.19747, -2.97877, -0.0543249, 0.0172455, 0.814779, -0.576963
-8.533, -8.20633, -2.98628, -0.0556818, 0.0180171, 0.814303, -0.577482
-8.4342, -8.20692, -2.99067, -0.0567444, 0.0188719, 0.813993, -0.577788
-8.29123, -8.26804, -2.95019, -0.0555418, 0.0208243, 0.81193, -0.580733
-8.17384, -8.28263, -2.97919, -0.0572563, 0.0239235, 0.811148, -0.58154
-8.14156, -8.20584, -3.02909, -0.0590273, 0.0201393, 0.812946, -0.578989
-8.04086, -8.21626, -3.03616, -0.0598194, 0.0197334, 0.812227, -0.57993
-7.98939, -8.20608, -2.95208, -0.0569171, 0.0206357, 0.812989, -0.579122
-7.92365, -8.1608, -3.01709, -0.0603565, 0.0186662, 0.813931, -0.577516
-7.87925, -8.10913, -3.043, -0.0621872, 0.0198058, 0.81576, -0.574696
-7.84411, -8.00881, -3.17689, -0.0684907, 0.0205334, 0.818556, -0.569958
-7.77915, -7.98384, -3.19331, -0.0699882, 0.0251021, 0.819753, -0.56787
-7.76417, -7.9472, -3.10036, -0.0658223, 0.0254546, 0.821706, -0.565524
-7.68997, -7.95179, -3.05376, -0.0645065, 0.0266961, 0.821787, -0.565501
-7.61606, -7.9597, -2.98191, -0.0618864, 0.02532, 0.821579, -0.56616
-7.53111, -7.96667, -2.92791, -0.0608805, 0.0288344, 0.821514, -0.566195
-7.44194, -7.90877, -3.06101, -0.0668771, 0.0237429, 0.821789, -0.565355
-7.26518, -7.9544, -3.14251, -0.0712358, 0.024426, 0.818936, -0.568922
-7.16049, -7.94551, -3.19042, -0.0734755, 0.0226451, 0.818217, -0.569745
-7.09149, -7.91945, -3.1956, -0.073258, 0.0181474, 0.818284, -0.569837
-7.01522, -7.92178, -3.13914, -0.0713371, 0.0179795, 0.818106, -0.570343
-7.0067, -7.85535, -3.09326, -0.069767, 0.0169956, 0.820617, -0.566949
-6.92963, -7.81609, -3.15155, -0.0732069, 0.0148909, 0.821157, -0.565792
-6.85859, -7.77517, -3.19875, -0.076351, 0.0160394, 0.822277, -0.563715
-6.84511, -7.68522, -3.23697, -0.0781184, 0.0155576, 0.825362, -0.558957
-6.77972, -7.65503, -3.25164, -0.0795915, 0.018004, 0.826439, -0.557082
-6.74704, -7.62898, -3.17546, -0.0763052, 0.0185822, 0.82793, -0.555306
-6.67096, -7.64643, -3.08337, -0.0723242, 0.017299, 0.827486, -0.55654
-6.54935, -7.68525, -3.02399, -0.0716901, 0.0220431, 0.826149, -0.558437
-6.45376, -7.66604, -3.04415, -0.0739151, 0.0223266, 0.825954, -0.558424
-6.30878, -7.66667, -3.12517, -0.0791735, 0.0236406, 0.824396, -0.559949
-6.1835, -7.66385, -3.17938, -0.0819621, 0.021614, 0.823005, -0.561674
-6.12166, -7.61945, -3.2101, -0.0823939, 0.0153882, 0.823411, -0.56122
-6.00417, -7.65969, -3.15005, -0.0795034, 0.0135855, 0.821464, -0.564527
-5.91139, -7.68934, -3.06074, -0.0752544, 0.0116887, 0.820317, -0.566815
-5.80995, -7.70294, -3.03333, -0.0755249, 0.0135993, 0.819746, -0.567563
-5.75486, -7.6724, -3.03233, -0.0761062, 0.0131674, 0.820988, -0.565697
-5.71673, -7.59026, -3.13661, -0.0816165, 0.0113195, 0.823459, -0.56136
-5.68005, -7.55159, -3.12445, -0.0826216, 0.0164509, 0.825823, -0.557602
-5.736, -7.47465, -3.01739, -0.0754879, 0.0128188, 0.830097, -0.552337
-5.68088, -7.47752, -2.92833, -0.0716873, 0.0145049, 0.830659, -0.551956
-5.64651, -7.44537, -2.87748, -0.0695304, 0.0135633, 0.832031, -0.550188
-5.56455, -7.41476, -2.90888, -0.0733924, 0.0161356, 0.832498, -0.548908
-5.48507, -7.37569, -2.94408, -0.0766254, 0.0168675, 0.832953, -0.547753
-5.39829, -7.35375, -2.9481, -0.07732, 0.0170816, 0.832836, -0.547826
-5.35625, -7.30778, -2.93435, -0.0768661, 0.0178402, 0.834251, -0.545709
-5.41316, -7.19365, -2.9051, -0.0733231, 0.0121782, 0.838728, -0.539454
-5.40391, -7.13824, -2.85812, -0.0711127, 0.0117698, 0.840996, -0.536219
-5.42644, -7.06039, -2.80095, -0.0679427, 0.00989879, 0.844416, -0.53127
-5.38268, -7.00109, -2.83737, -0.0702409, 0.00691299, 0.845893, -0.528661
-5.28598, -7.0119, -2.80698, -0.070148, 0.00986218, 0.845502, -0.529253
-5.27029, -6.90183, -2.92545, -0.0756458, 0.00421414, 0.848557, -0.523651
-5.18361, -6.88199, -2.9639, -0.0805252, 0.0105934, 0.84933, -0.521576
-5.14535, -6.8729, -2.88462, -0.0748748, 0.00791686, 0.850115, -0.521187
-5.02819, -6.92412, -2.80879, -0.0711594, 0.00849384, 0.848092, -0.524979
