8.25074, -3.18347, -1.99521, -0.0166494, 0.0436721, -0.0508982, -0.997609
8.39146, -3.05221, -1.98368, -0.0136742, 0.0431518, -0.0590921, -0.997226
8.51013, -2.90742, -2.06562, -0.0116499, 0.0370403, -0.0675722, -0.996958
8.65695, -2.76352, -1.97997, -0.00910562, 0.0401796, -0.0757308, -0.996277
8.7858, -2.65043, -1.91286, -0.00630136, 0.0419005, -0.0817354, -0.995753
8.89665, -2.59295, -1.85827, -0.00780052, 0.0449076, -0.0832264, -0.995488
9.05411, -2.39414, -1.76661, -0.00520968, 0.0490222, -0.0933025, -0.994416
9.20136, -2.20763, -1.68599, -0.0011823, 0.0522169, -0.102883, -0.993321
9.29726, -2.08847, -1.78917, -0.00586283, 0.0481067, -0.107174, -0.993058
9.39461, -1.92678, -1.90032, -0.0071404, 0.0417866, -0.11465, -0.992501
9.51522, -1.75557, -1.86506, -0.0044596, 0.0416444, -0.12337, -0.991476
9.62174, -1.61036, -1.89048, -0.00608524, 0.0399459, -0.12993, -0.990699
9.75322, -1.38839, -1.84818, -0.00787937, 0.0426428, -0.140299, -0.989159
9.87679, -1.27593, -1.73841, -0.00855737, 0.0491457, -0.144931, -0.988183
9.97867, -1.19828, -1.68439, -0.0040323, 0.0509506, -0.148746, -0.987554
10.0735, -1.09504, -1.6744, -0.00049204, 0.0504022, -0.15357, -0.986851
10.1653, -0.970771, -1.67007, -0.0002467, 0.0498872, -0.158615, -0.986079
10.242, -0.84309, -1.73746, 0.000675812, 0.0453889, -0.163804, -0.985448
10.3565, -0.647808, -1.57437, -0.000650922, 0.0531896, -0.17123, -0.983794
10.452, -0.433431, -1.53485, -0.00412407, 0.0558891, -0.179126, -0.982229
10.5416, -0.33336, -1.49425, -0.010642, 0.0593695, -0.181135, -0.981607
10.6093, -0.142092, -1.64394, -0.0140807, 0.0526399, -0.188332, -0.980592
10.6856, 0.00842588, -1.69359, -0.00504749, 0.0477862, -0.195922, -0.979441
10.7757, 0.063072, -1.64575, -0.000747147, 0.0481239, -0.198139, -0.978991
10.8576, 0.167997, -1.69158, 0.00172941, 0.0445103, -0.202717, -0.978224
10.9696, 0.338536, -1.54153, 0.00642012, 0.050286, -0.210342, -0.976312
11.0607, 0.411288, -1.59042, 0.00730153, 0.0481402, -0.213259, -0.975782
11.1362, 0.49472, -1.71518, 0.00784376, 0.0424486, -0.216693, -0.975285
11.2075, 0.581134, -1.8303, 0.0113374, 0.0366009, -0.220756, -0.974576
11.3026, 0.662149, -1.74797, 0.00924479, 0.040075, -0.223096, -0.973928
11.3805, 0.741429, -1.77425, 0.00868515, 0.0381849, -0.225756, -0.973396
11.4809, 0.826953, -1.64217, 0.00574758, 0.0438866, -0.22772, -0.97272
11.5748, 1.06307, -1.45027, 0.00650822, 0.0520424, -0.236384, -0.970243
11.6564, 1.25723, -1.34751, 0.00835841, 0.0562965, -0.243606, -0.968203
11.7207, 1.43297, -1.40931, 0.00345204, 0.0542577, -0.249393, -0.966875
11.7755, 1.57129, -1.56593, 0.00660101, 0.0467436, -0.255035, -0.965779
11.8633, 1.59502, -1.56807, 0.00720728, 0.0457107, -0.25529, -0.965756
11.9448, 1.66352, -1.59644, 0.00286942, 0.0442559, -0.256774, -0.965453
12.0287, 1.84604, -1.50352, 0.0093065, 0.0470657, -0.264319, -0.963241
12.1127, 1.83391, -1.67966, 0.00652544, 0.0404001, -0.263057, -0.963912
12.2085, 1.83186, -1.70203, 0.00273651, 0.0399328, -0.26172, -0.964313
12.2734, 1.89437, -1.86276, 0.00612449, 0.0328769, -0.264336, -0.963851
12.358, 1.948, -1.8664, 0.00531927, 0.0323221, -0.265561, -0.963537
12.4557, 2.01749, -1.73098, 0.00529292, 0.0370437, -0.267063, -0.962952
12.56, 2.07587, -1.55337, 0.00167728, 0.0440838, -0.267394, -0.962577
12.646, 2.1594, -1.51406, -0.000822422, 0.0460342, -0.268982, -0.962044
12.7286, 2.22759, -1.50086, 0.000962409, 0.0465269, -0.270744, -0.961526
12.7995, 2.26589, -1.62644, -0.00163018, 0.0419372, -0.271089, -0.961639
12.886, 2.31149, -1.57849, -0.000533679, 0.0431617, -0.272098, -0.961301
12.9566, 2.36596, -1.66403, 0.000278111, 0.0390659, -0.273712, -0.961018
13.0541, 2.43713, -1.52102, 0.00113837, 0.0437682, -0.275721, -0.96024
13.1327, 2.52393, -1.57103, 0.00580886, 0.0412163, -0.279211, -0.959327
13.2302, 2.57393, -1.50254, 0.00226381, 0.0440826, -0.280016, -0.95898
13.3263, 2.63173, -1.40798, 0.00325787, 0.0474456, -0.281655, -0.958336
13.3765, 2.74211, -1.65042, 0.00530349, 0.0381847, -0.285821, -0.957507
13.4682, 2.81823, -1.55258, 0.00499617, 0.0411692, -0.287815, -0.956788
13.558, 2.86824, -1.52682, 0.00608632, 0.0412509, -0.288992, -0.956423
13.6578, 2.98232, -1.29801, 0.00944608, 0.0488793, -0.292221, -0.955054
13.7369, 3.12876, -1.2062, 0.0121173, 0.0520173, -0.296631, -0.953497
13.8231, 3.15668, -1.3205, 0.00890864, 0.0482944, -0.29673, -0.953698
13.8893, 3.22304, -1.52546, 0.00471465, 0.041244, -0.298295, -0.953571
13.9917, 3.21286, -1.51978, 0.00425687, 0.040842, -0.297452, -0.953853
14.0855, 3.16229, -1.70393, 2.54178e-05, 0.0341208, -0.295181, -0.954832
14.1774, 3.2277, -1.69325, 5.27795e-05, 0.0342271, -0.297219, -0.954195
14.2998, 3.15034, -1.68532, 0.001822, 0.0345326, -0.294652, -0.954979
14.4279, 3.10017, -1.51696, 0.0019887, 0.0404486, -0.292524, -0.9554
14.5277, 3.03852, -1.63748, 0.00191972, 0.0363394, -0.290344, -0.95623
14.6259, 3.04818, -1.60979, -0.00142518, 0.0371309, -0.289865, -0.956346
14.7075, 3.1355, -1.58322, 0.00041966, 0.0371826, -0.292443, -0.95556
14.797, 3.22095, -1.50422, -0.00176628, 0.0395227, -0.294248, -0.95491
14.9028, 3.24933, -1.42144, -0.00900904, 0.0427988, -0.293532, -0.954948
14.9853, 3.31693, -1.49982, -0.00972798, 0.0404033, -0.29508, -0.954568
15.0286, 3.44572, -1.79765, -0.00881729, 0.0307507, -0.299061, -0.953698
15.1197, 3.50902, -1.72801, -0.00757321, 0.0325947, -0.300729, -0.953122
15.2159, 3.51899, -1.7283, -0.00575723, 0.0319177, -0.300955, -0.953086
15.3076, 3.58036, -1.68061, -0.00132332, 0.0326635, -0.303168, -0.952376
15.4078, 3.59912, -1.68033, 0.000521801, 0.0326121, -0.303804, -0.952176
15.5438, 3.467, -1.62964, -0.000870602, 0.0345567, -0.299303, -0.953532
15.6784, 3.32939, -1.58737, -0.00105147, 0.0359541, -0.294732, -0.954903
15.7705, 3.25003, -1.84583, -0.000277023, 0.0276138, -0.292314, -0.955924
15.8761, 3.26843, -1.76522, -0.00180727, 0.0297988, -0.292042, -0.955939
15.9875, 3.25525, -1.68678, 0.000499267, 0.0316667, -0.291119, -0.956162
16.0932, 3.32517, -1.4841, -0.00437675, 0.0383931, -0.291606, -0.955757
16.2023, 3.28947, -1.46565, 0.00184355, 0.0384964, -0.290449, -0.956114
16.2923, 3.2752, -1.57949, -0.0041853, 0.0356959, -0.288811, -0.956711
16.3896, 3.29548, -1.502, -0.0044467, 0.0377294, -0.288748, -0.956651
16.469, 3.35183, -1.58064, -0.00285925, 0.0346546, -0.290143, -0.956351
16.5721, 3.36408, -1.53226, -0.00243035, 0.0356418, -0.290081, -0.956335
16.65, 3.55606, -1.37735, -0.00275171, 0.0401869, -0.295067, -0.954627
16.7369, 3.49078, -1.73472, -0.00675191, 0.0303776, -0.292672, -0.955706
16.8199, 3.53006, -1.81748, -0.00878323, 0.0282797, -0.293206, -0.95559
16.9036, 3.53077, -1.95805, -0.00210419, 0.0235217, -0.293641, -0.955624
17.0223, 3.47935, -1.86861, -0.00322626, 0.0258541, -0.291392, -0.956249
17.1438, 3.42467, -1.7664, -0.00181911, 0.0282738, -0.289273, -0.956827
17.2748, 3.36545, -1.59967, -0.000972017, 0.0329296, -0.286883, -0.957399
17.3896, 3.30497, -1.59243, -0.00425098, 0.0336571, -0.284235, -0.958154
17.5028, 3.20049, -1.67195, -0.00696879, 0.0318454, -0.280681, -0.959247
17.5894, 3.18201, -1.8474, -0.00935768, 0.0271077, -0.279739, -0.959648
17.7111, 3.09555, -1.7678, -0.00706157, 0.0287656, -0.277488, -0.960272
17.8414, 2.94758, -1.6932, -0.00480831, 0.0303304, -0.273734, -0.961315
17.9832, 2.76398, -1.53077, -0.000775885, 0.0344322, -0.269245, -0.962456
18.1286, 2.59235, -1.22837, 0.00197939, 0.0425882, -0.264843, -0.963349
18.2328, 2.50359, -1.32611, 0.00763641, 0.0392425, -0.263195, -0.963914
18.3366, 2.38444, -1.42972, 0.00588585, 0.0364883, -0.260006, -0.964899
18.4347, 2.38069, -1.35304, 0.00673831, 0.0380162, -0.25992, -0.964858
18.5249, 2.38213, -1.40117, 0.00599335, 0.0363434, -0.259766, -0.964969
18.6255, 2.40879, -1.2848, 0.00692811, 0.0391368, -0.260153, -0.964749
18.7405, 2.39225, -1.01124, 0.00678757, 0.046474, -0.259128, -0.9647
18.8348, 2.30112, -1.26515, 0.00490696, 0.0400366, -0.256504, -0.965701
18.914, 2.24699, -1.60308, 0.00203378, 0.0314667, -0.25484, -0.966469
19.0227, 2.16281, -1.54458, 0.000818758, 0.0328962, -0.252326, -0.967083
19.1273, 2.03091, -1.61105, -0.000872429, 0.0310244, -0.248733, -0.968075
19.2642, 1.84356, -1.31414, -0.000135345, 0.0384413, -0.243853, -0.96905
19.3881, 1.71423, -1.09924, -0.0051891, 0.044914, -0.239989, -0.969722
19.505, 1.45975, -1.14669, -0.00156256, 0.0433766, -0.233897, -0.971292
19.6204, 1.24668, -1.07006, -0.00593959, 0.0461461, -0.228044, -0.972538
19.7097, 1.1636, -1.27519, -0.00537872, 0.0406086, -0.22599, -0.973268
19.8064, 1.17274, -1.22434, -0.00562792, 0.041559, -0.225946, -0.973236
19.9056, 1.22523, -1.06244, -0.00237109, 0.044744, -0.227129, -0.972833
20.0048, 1.26138, -0.940158, -0.00155713, 0.0476409, -0.227617, -0.972583
20.103, 1.34703, -0.718327, -0.000193996, 0.0530033, -0.229346, -0.971901
20.1805, 1.47316, -0.945906, -0.0049375, 0.0480291, -0.231822, -0.971559
20.2584, 1.51099, -1.17695, -0.0058527, 0.0422663, -0.232525, -0.971654
20.3778, 1.35121, -0.736438, -0.00438534, 0.052594, -0.228508, -0.97211
20.4877, 1.1629, -0.402057, -0.00674916, 0.0608685, -0.223682, -0.972736
20.584, 1.10541, 0.209195, -0.000856848, 0.0746551, -0.222527, -0.972063
20.6894, 0.916475, 0.29942, 0.00446727, 0.0759393, -0.218305, -0.972911
20.8009, 0.68361, -0.112862, 0.00685746, 0.06538, -0.213111, -0.974814
20.8992, 0.524463, -0.606515, 0.00935705, 0.0526632, -0.209786, -0.976283
20.9915, 0.460958, -0.93639, 0.00660254, 0.0446223, -0.20825, -0.977035
21.0697, 0.507379, -1.43304, 0.00547332, 0.0322151, -0.209383, -0.977287
21.1589, 0.646143, -1.66141, 0.00522122, 0.0263941, -0.212458, -0.9768
21.2621, 0.724476, -1.71534, 0.00522194, 0.0251711, -0.213978, -0.9765
21.3494, 0.717949, -1.95059, 0.000603394, 0.0205575, -0.213282, -0.976774
21.4498, 0.661157, -2.03171, -0.00671321, 0.0199974, -0.211101, -0.977237
21.5414, 0.630338, -2.19883, -0.00686215, 0.0158452, -0.210317, -0.977481
21.6404, 0.413906, -2.34282, -0.00880819, 0.0125694, -0.2052, -0.9786
21.7714, 0.286479, -2.13767, -0.0073743, 0.0169789, -0.202445, -0.979118
21.8862, 0.258467, -2.09514, -0.00806314, 0.0182963, -0.201726, -0.979238
21.9892, 0.023889, -2.16061, -0.00619297, 0.0167065, -0.19662, -0.980318
22.0794, -0.247822, -2.29674, -0.00387628, 0.0132215, -0.190748, -0.981542
22.1833, -0.414813, -2.24202, -0.00453264, 0.0144304, -0.186798, -0.982282
22.2971, -0.514683, -2.07373, -0.00679072, 0.0184238, -0.184081, -0.982715
22.4085, -0.326121, -1.99987, -0.00966708, 0.0204842, -0.187617, -0.981981
22.5404, -0.100454, -1.63266, -0.00475055, 0.0277707, -0.192583, -0.980876
22.6292, -0.0402332, -1.84148, -0.00816299, 0.0238091, -0.193323, -0.980812
22.6967, -0.127485, -2.26417, -0.0138296, 0.0155091, -0.190697, -0.981429
22.7932, -0.271989, -2.31655, -0.0134272, 0.0140588, -0.187433, -0.982085
22.8664, -0.447772, -2.58874, -0.0146943, 0.00805899, -0.183437, -0.982888
23.0076, -0.45991, -2.21356, -0.0137838, 0.0161794, -0.183182, -0.982849
23.1135, -0.548323, -2.17602, -0.0130327, 0.0171149, -0.181322, -0.983188
23.1981, -0.623845, -2.33879, -0.0135546, 0.0138823, -0.179616, -0.983545
23.272, -0.644955, -2.57694, -0.00899428, 0.00780894, -0.17959, -0.983669
23.3743, -0.639794, -2.50749, -0.00923077, 0.00919, -0.179499, -0.983672
23.4652, -0.616333, -2.55752, -0.0111186, 0.00820916, -0.179563, -0.983649
23.5878, -0.478833, -2.32259, -0.0120092, 0.0133391, -0.181971, -0.98314
23.7268, -0.137601, -1.85084, -0.00762646, 0.0226089, -0.188965, -0.981694
23.82, -0.1027, -1.8874, -0.00600959, 0.0216395, -0.189413, -0.981641
23.8896, -0.20802, -2.20103, -0.0114967, 0.0161772, -0.186414, -0.982271
23.9898, -0.300382, -2.0963, -0.0135435, 0.0187014, -0.183967, -0.982661
24.0822, -0.365278, -2.10469, -0.0121979, 0.0180449, -0.182465, -0.982971
24.1923, -0.651162, -1.87523, -0.0145575, 0.023316, -0.176146, -0.98398
24.2968, -0.896645, -1.69549, -0.0138756, 0.0270973, -0.171062, -0.98479
24.4036, -1.07663, -1.4661, -0.0208453, 0.0336095, -0.166672, -0.985219
24.5054, -0.817388, -1.5586, -0.0166146, 0.0306625, -0.172068, -0.984467
24.5973, -0.499232, -1.80164, -0.0116238, 0.0243769, -0.178684, -0.983536
24.6736, -0.115779, -2.16582, -0.0158292, 0.017273, -0.185742, -0.982319
24.751, 0.265652, -2.3959, -0.0134746, 0.0117491, -0.193257, -0.980985
24.8419, 0.553137, -2.42212, -0.0156427, 0.0115032, -0.198351, -0.979939
24.9364, 0.958153, -2.30251, -0.0136439, 0.013693, -0.206134, -0.978333
25.0265, 1.01921, -2.31039, -0.0117901, 0.013381, -0.207185, -0.978139
25.0798, 1.18899, -2.6609, -0.012291, 0.00646297, -0.21028, -0.977543
25.1874, 1.25318, -2.48264, -0.0131356, 0.0100647, -0.211259, -0.97729
25.2939, 1.26319, -2.34135, -0.0155357, 0.0130963, -0.211162, -0.97724
25.4229, 1.28905, -1.93345, -0.0200766, 0.0219045, -0.211255, -0.976979
25.5373, 1.38173, -1.64178, -0.0150815, 0.0270233, -0.213494, -0.976454
25.6278, 1.41564, -1.72968, -0.0133386, 0.0251464, -0.214288, -0.976356
25.711, 1.30426, -2.01893, -0.0151937, 0.0199011, -0.211999, -0.976949
25.7996, 1.31898, -2.09501, -0.015109, 0.0182745, -0.212234, -0.976931
25.8802, 1.34517, -2.25787, -0.0153706, 0.0148853, -0.212596, -0.976906
25.9818, 1.3099, -2.23357, -0.016197, 0.015362, -0.211638, -0.977093
26.0729, 1.5371, -2.17048, -0.0168491, 0.0166713, -0.215526, -0.97621
26.1772, 1.76375, -1.90021, -0.010024, 0.0209682, -0.220014, -0.97522
26.2637, 1.69001, -2.098, -0.0128987, 0.0178106, -0.218138, -0.97567
26.3403, 1.73803, -2.27258, -0.0160505, 0.0149834, -0.218532, -0.975583
26.4417, 1.66043, -2.21289, -0.0157465, 0.0159578, -0.216947, -0.975926
26.5524, 1.52981, -2.07785, -0.0196624, 0.0190016, -0.214085, -0.976432
26.6511, 1.64487, -1.93338, -0.0189179, 0.0215505, -0.216228, -0.975922
26.7543, 1.69498, -1.78742, -0.0217562, 0.024912, -0.216859, -0.975642
26.8613, 1.71806, -1.50351, -0.0165512, 0.0295979, -0.217655, -0.975436
26.9359, 1.86433, -1.60115, -0.0142414, 0.0274231, -0.220415, -0.974916
27.0252, 1.90852, -1.57483, -0.0131969, 0.0276333, -0.221219, -0.974743
27.1052, 2.09786, -1.55699, -0.0152706, 0.0279539, -0.224366, -0.973984
27.1787, 2.40086, -1.52529, -0.0131711, 0.027898, -0.229795, -0.97275
27.2416, 2.79447, -1.49021, -0.0131179, 0.0283712, -0.236593, -0.971106
27.3014, 3.12841, -1.52466, -0.00905389, 0.0272772, -0.24261, -0.969698
27.3681, 3.29712, -1.6679, -0.0135901, 0.0253051, -0.245066, -0.969081
27.4156, 3.54737, -1.90468, -0.0151902, 0.0211373, -0.2492, -0.968102
27.492, 3.703, -1.86399, -0.0123275, 0.0213107, -0.251988, -0.967417
27.588, 3.66849, -1.92803, -0.0132723, 0.0200943, -0.251183, -0.96764
27.6887, 3.742, -1.70952, -0.00976442, 0.0236087, -0.252633, -0.967225
27.808, 3.67634, -1.47922, -0.0117516, 0.0282028, -0.251203, -0.967452
27.9247, 3.5289, -1.42502, -0.0102841, 0.0291588, -0.248644, -0.968101
28.0015, 3.53801, -1.73397, -0.00901052, 0.0235495, -0.248826, -0.96822
28.0883, 3.46601, -1.99424, -0.0098345, 0.0189011, -0.247419, -0.968674
28.1891, 3.38509, -2.0455, -0.0100869, 0.0178095, -0.245816, -0.9691
28.3056, 3.3274, -1.83587, -0.00729035, 0.0210047, -0.244743, -0.969333
28.3924, 3.50995, -1.6228, -0.00931314, 0.0250566, -0.24735, -0.968557
28.5098, 3.49886, -1.17865, -0.00520507, 0.0324521, -0.247062, -0.968442
28.584, 3.55837, -1.49524, -0.0118476, 0.0278078, -0.247405, -0.968441
28.6429, 3.78141, -1.63859, -0.0137323, 0.0254504, -0.25084, -0.967596
28.7125, 3.89799, -1.83003, -0.0117104, 0.0216868, -0.252796, -0.967206
28.8176, 3.8458, -1.81495, -0.0164212, 0.0223751, -0.251412, -0.967482
28.9495, 3.7186, -1.4904, -0.0148725, 0.0278081, -0.249285, -0.967916
29.075, 3.58949, -1.21996, -0.0208236, 0.0333811, -0.246602, -0.968318
29.1887, 3.51557, -0.95301, -0.0191622, 0.0378669, -0.245398, -0.968493
29.248, 3.67629, -1.39313, -0.0158628, 0.0298672, -0.248174, -0.968125
29.335, 3.72257, -1.42936, -0.0160243, 0.0290652, -0.248809, -0.967984
29.4209, 3.82161, -1.35568, -0.0181806, 0.0302928, -0.250115, -0.967571
29.4943, 3.96789, -1.49517, -0.0178606, 0.0277187, -0.252316, -0.967083
29.5643, 4.24396, -1.26465, -0.0164857, 0.0313785, -0.25666, -0.965852
29.6613, 4.33361, -0.844924, -0.0155703, 0.0383554, -0.257948, -0.965271
29.7418, 4.39021, -1.09809, -0.0181901, 0.0344471, -0.258537, -0.965216
29.8323, 4.36716, -1.34097, -0.0192113, 0.0304403, -0.25797, -0.965482
29.9631, 4.08281, -1.50538, -0.0190471, 0.0276103, -0.253319, -0.966801
30.0854, 3.85294, -1.62662, -0.0204736, 0.0257205, -0.249522, -0.967811
30.2142, 3.68274, -1.43573, -0.0164765, 0.0285113, -0.247126, -0.968423
30.3389, 3.46455, -1.36975, -0.0137742, 0.0295007, -0.243858, -0.969264
30.4686, 3.16532, -1.25455, -0.0117534, 0.0313014, -0.239234, -0.970386
30.5665, 3.00587, -1.47687, -0.0108309, 0.0275412, -0.236788, -0.97111
30.6614, 2.96027, -1.49578, -0.0111651, 0.0271004, -0.236017, -0.971307
30.7456, 3.04613, -1.5289, -0.00864267, 0.025981, -0.23743, -0.971019
30.857, 3.00196, -1.29216, -0.00663024, 0.0294435, -0.236635, -0.97113
30.9329, 3.30601, -0.965753, -0.00527497, 0.0345068, -0.241199, -0.969848
31.0197, 3.25582, -1.41101, -0.00683468, 0.02761, -0.240153, -0.970318
31.1043, 3.17619, -1.79699, -0.0114082, 0.0220802, -0.238451, -0.970836
31.2091, 3.15637, -1.5809, -0.0111113, 0.0253864, -0.237979, -0.970875
31.3238, 2.9859, -1.50833, -0.0117728, 0.0264861, -0.235155, -0.971526
31.4459, 2.69173, -1.59711, -0.0162794, 0.0256938, -0.23021, -0.972665
31.5737, 2.5414, -1.24378, -0.0154059, 0.0313084, -0.227877, -0.973064
31.7059, 2.00734, -1.35231, -0.0174147, 0.0302114, -0.219435, -0.975004
31.8165, 1.73172, -1.36751, -0.0179082, 0.0302353, -0.215057, -0.975969
31.9048, 1.66269, -1.60908, -0.015159, 0.0259044, -0.214039, -0.976364
31.972, 1.76303, -2.02164, -0.0148993, 0.0190833, -0.215391, -0.976228
32.0645, 1.82847, -1.98391, -0.0109477, 0.0188146, -0.216405, -0.976061
32.1497, 2.00801, -1.93469, -0.0139041, 0.0200526, -0.218581, -0.975513
32.2743, 2.11529, -0.972903, -0.00736995, 0.0342046, -0.220275, -0.97481
32.3742, 2.03347, -0.853587, -0.0118463, 0.0368684, -0.21853, -0.975061
32.4331, 2.19955, -1.56042, -0.0140832, 0.0261808, -0.220728, -0.974882
32.5304, 2.09289, -1.65974, -0.0154303, 0.0247137, -0.21891, -0.97531
32.6209, 1.88924, -2.00656, -0.0151565, 0.019171, -0.215848, -0.976121
32.7399, 1.66688, -1.85149, -0.0165309, 0.0217935, -0.212459, -0.976787
32.8659, 1.41559, -1.52628, -0.0192023, 0.027461, -0.208606, -0.977425
32.9693, 1.34492, -1.37882, -0.0171219, 0.0295022, -0.20776, -0.977585
33.048, 1.4721, -1.60734, -0.0158477, 0.0258018, -0.20974, -0.977288
33.1108, 1.57849, -2.09548, -0.0116906, 0.0175099, -0.211607, -0.977128
33.1976, 1.63978, -2.17324, -0.00879967, 0.0155942, -0.212675, -0.976959
33.2957, 1.59288, -2.18087, -0.00874614, 0.0152885, -0.211871, -0.977139
33.3887, 1.67942, -2.16448, -0.00847986, 0.0154966, -0.212972, -0.976899
33.4906, 2.12112, -1.51501, -0.00189445, 0.0243361, -0.219576, -0.97529
33.586, 2.27956, -1.14637, -0.00478321, 0.0304052, -0.221453, -0.974685
33.6455, 2.49514, -1.66867, -0.00933628, 0.0232535, -0.224169, -0.974228
33.7202, 2.67335, -1.84574, -0.0078, 0.0201754, -0.226695, -0.973725
33.7932, 2.83621, -2.07929, -0.00889208, 0.0166355, -0.228844, -0.97328
33.8818, 3.02893, -2.00612, -0.00813019, 0.0175487, -0.231552, -0.97263
34.0006, 2.89638, -1.88671, -0.015037, 0.0205131, -0.22904, -0.973084
34.088, 2.88583, -2.05798, -0.0134657, 0.017905, -0.228901, -0.973192
34.1461, 3.19493, -2.1998, -0.00998207, 0.0153118, -0.233447, -0.972198
34.2171, 3.40926, -2.21655, -0.0111448, 0.0151032, -0.236277, -0.971504
34.2721, 3.84659, -2.0801, -0.0128519, 0.0170373, -0.242164, -0.970001
34.2985, 4.45596, -2.02377, -0.00842623, 0.0170602, -0.250821, -0.967846
34.3058, 5.1509, -1.90332, -0.00803111, 0.018744, -0.260303, -0.965312
34.3703, 5.54198, -1.26106, -0.00693974, 0.0279723, -0.265501, -0.96368
34.4052, 5.86412, -1.5447, -0.00973002, 0.0242164, -0.269633, -0.962609
34.4544, 6.02591, -1.98255, -0.00978363, 0.017875, -0.271722, -0.96216
34.598, 5.76835, -1.95835, -0.00913833, 0.0180756, -0.267996, -0.963207
34.7662, 5.34373, -1.92674, -0.0118628, 0.0188087, -0.261811, -0.964863
34.9027, 5.167, -1.71583, -0.0117649, 0.0218698, -0.259326, -0.96547
35.0463, 4.90928, -1.55036, -0.012499, 0.0245279, -0.255682, -0.966369
35.151, 4.88393, -1.47294, -0.00921327, 0.025363, -0.255494, -0.966434
35.219, 4.84415, -2.20064, -0.00677245, 0.0148165, -0.255161, -0.966761
35.3264, 4.7804, -2.17029, -0.0074261, 0.015204, -0.254192, -0.967006
35.3993, 4.90562, -2.2917, -0.00802595, 0.01336, -0.25579, -0.966607
35.4782, 4.96857, -2.47863, -0.00902014, 0.0107805, -0.25646, -0.966452
35.5401, 5.41679, -1.98398, -0.00352751, 0.0171129, -0.262668, -0.964728
35.6332, 5.52452, -1.69957, -0.00300865, 0.0211287, -0.263941, -0.964303
35.7032, 5.50856, -2.24828, -0.00754126, 0.014117, -0.26339, -0.964557
35.816, 5.37845, -2.27681, -0.0100191, 0.0139761, -0.26135, -0.965091
35.9491, 4.98409, -2.5669, -0.0100686, 0.00989544, -0.255998, -0.966574
36.0883, 4.82586, -2.20738, -0.0172552, 0.0157096, -0.253307, -0.967104
36.1919, 4.86655, -1.99041, -0.0109096, 0.0180108, -0.254296, -0.966897
36.2833, 4.89774, -1.96796, -0.00689657, 0.018011, -0.254952, -0.966761
36.4058, 4.76084, -1.6524, -0.0046184, 0.0221681, -0.253195, -0.96715
36.4918, 4.63095, -2.06147, -0.00440264, 0.0165716, -0.251514, -0.967702
36.5897, 4.47677, -2.25377, -0.00888852, 0.0144144, -0.249147, -0.968317
36.691, 4.38616, -2.2615, -0.00989658, 0.0142894, -0.247789, -0.968658
36.8266, 4.22192, -1.76251, -0.0122722, 0.0212806, -0.245287, -0.969139
36.9105, 4.50777, -1.02077, -0.0135878, 0.0314599, -0.248747, -0.967962
36.9601, 4.71429, -1.54267, -0.0126014, 0.0243865, -0.251324, -0.967514
37.064, 4.49995, -1.83719, -0.0124333, 0.020532, -0.248372, -0.968367
37.1464, 4.19723, -2.55569, -0.0150091, 0.0112499, -0.244116, -0.969564
37.287, 3.60646, -2.67681, -0.0153475, 0.00968202, -0.236279, -0.971516
37.4155, 3.22859, -2.59549, -0.0201811, 0.0114721, -0.230932, -0.972693
37.5383, 2.78005, -2.67454, -0.0159596, 0.00993447, -0.225393, -0.974087
37.7082, 1.86617, -2.35517, -0.0148572, 0.0144141, -0.213592, -0.976704
37.8607, 0.993125, -1.74564, -0.0117159, 0.0223679, -0.202479, -0.978961
37.975, 0.091152, -1.40034, -0.0100068, 0.0269263, -0.190903, -0.981188
38.032, -0.919751, -1.96431, -0.0100385, 0.0195328, -0.177845, -0.983813
38.076, -1.75204, -2.34924, -0.0140316, 0.0152295, -0.166797, -0.985774
38.1518, -2.08653, -2.40464, -0.012129, 0.0139882, -0.162564, -0.986524
38.203, -2.31269, -2.91386, -0.0142693, 0.00766443, -0.159391, -0.987083
38.3071, -2.1529, -2.96475, -0.0137489, 0.00700308, -0.161408, -0.986767
38.4102, -2.05592, -2.92075, -0.0123869, 0.00743036, -0.162694, -0.986571
38.4714, -1.92604, -3.41217, -0.0145044, 0.00146338, -0.164152, -0.986327
38.5934, -1.93358, -3.06378, -0.0160507, 0.00636782, -0.163926, -0.986321
38.6622, -2.03099, -3.33833, -0.0167205, 0.00280189, -0.162655, -0.986537
38.7641, -2.39311, -3.03372, -0.0180821, 0.00719277, -0.158043, -0.98724
38.8619, -2.54186, -2.92766, -0.0216261, 0.00956856, -0.155985, -0.987476
38.9522, -2.83376, -2.75252, -0.0172327, 0.0111244, -0.152709, -0.988058
39.0011, -3.24755, -2.98022, -0.0181912, 0.00857126, -0.147401, -0.988872
39.0519, -3.34113, -3.44357, -0.0150447, 0.00175374, -0.146445, -0.989103
39.1376, -3.17648, -3.7047, -0.0130063, -0.00229933, -0.148638, -0.988803
39.247, -3.22659, -3.50462, 0.0102238, 0.00044396, 0.148112, 0.988917
39.3218, -3.33125, -3.64686, 0.0147806, 0.00113075, 0.146233, 0.989139
39.4685, -3.22262, -3.09834, 0.0113439, -0.00536761, 0.147703, 0.988952
39.6067, -3.05385, -2.55638, -0.0134096, 0.0129492, -0.149506, -0.988585
39.6854, -3.16303, -2.58064, -0.0174581, 0.0136672, -0.14772, -0.988781
39.7707, -3.47789, -2.20585, -0.0175942, 0.0184936, -0.14371, -0.98929
39.8375, -3.85767, -2.06841, -0.0158915, 0.0198153, -0.139041, -0.989961
39.8876, -4.47665, -1.69161, -0.0125823, 0.0239841, -0.131552, -0.990939
39.9737, -4.72488, -1.21075, -0.0196187, 0.0320475, -0.128104, -0.991049
40.0696, -4.74243, -1.10893, -0.0108725, 0.0312793, -0.128363, -0.991174
40.1522, -4.81956, -1.19783, -0.00792981, 0.0294501, -0.127532, -0.991365
40.2373, -4.70945, -1.79309, -0.00802786, 0.0217702, -0.128851, -0.991392
40.3647, -4.17439, -2.25855, -0.0074161, 0.015466, -0.135415, -0.99064
40.4978, -3.93403, -1.86592, -0.00663675, 0.0200897, -0.138291, -0.990165
40.6135, -3.59491, -1.99674, -0.00907221, 0.0189897, -0.142128, -0.989624
40.7664, -3.11367, -1.32897, -0.00963664, 0.0274849, -0.147806, -0.988587
40.8573, -2.80358, -1.8944, -0.0127307, 0.0211362, -0.151261, -0.988186
40.9287, -2.26899, -2.82489, -0.0142347, 0.00979847, -0.157523, -0.987364
41.0227, -1.93794, -2.98418, -0.0147893, 0.00778912, -0.16143, -0.986742
41.0945, -1.91061, -3.23204, -0.0165679, 0.0049648, -0.161631, -0.9867
41.1857, -2.05273, -3.12149, -0.0137648, 0.00573162, -0.160197, -0.986972
41.3118, -2.27909, -2.37991, -0.0129385, 0.0148659, -0.157624, -0.987302
41.3872, -2.54692, -2.36508, -0.011113, 0.01486, -0.154603, -0.987802
41.4695, -2.84782, -2.09712, -0.00740959, 0.017483, -0.151282, -0.988308
41.5089, -3.18051, -2.54557, -0.00743774, 0.0120166, -0.147339, -0.988985
41.5833, -3.21418, -2.72975, -0.00765078, 0.00966907, -0.146898, -0.989075
41.6659, -3.06502, -2.99272, -0.00693886, 0.00614037, -0.148628, -0.98885
41.778, -2.83123, -2.86541, -0.00808196, 0.00791497, -0.15115, -0.988446
41.9412, -2.46471, -1.79281, -0.00624564, 0.0206268, -0.155371, -0.987621
42.0388, -2.41432, -1.48898, -0.0119615, 0.025644, -0.155468, -0.987435
42.1123, -2.24737, -1.9854, -0.0158666, 0.0204639, -0.157028, -0.987254
42.1826, -2.1742, -2.36386, -0.0167113, 0.0159823, -0.157677, -0.98722
42.2302, -2.60813, -2.62651, -0.0175494, 0.0129543, -0.152431, -0.988073
42.2844, -3.06947, -2.70073, -0.0245943, 0.0136124, -0.14647, -0.988816
42.3349, -3.28782, -3.10786, -0.0189218, 0.00755744, -0.144254, -0.989331
42.3718, -3.73192, -3.36075, -0.0228909, 0.00568869, -0.138698, -0.990054
42.5175, -3.80206, -2.36948, -0.0164344, 0.0162231, -0.138439, -0.990102
42.5477, -4.08332, -2.93402, -0.0176829, 0.00985271, -0.135014, -0.990637
42.5671, -4.37183, -3.52199, -0.0204321, 0.00348315, -0.131385, -0.991115
42.6278, -4.343, -3.90806, -0.0211871, -0.0010818, -0.131598, -0.991076
42.745, -4.2419, -3.71662, -0.0194268, 0.000687134, -0.13288, -0.990941
42.8847, -3.90892, -3.49, -0.0202413, 0.00350924, -0.136588, -0.990415
43.0528, -3.52926, -2.85603, -0.0160466, 0.0101025, -0.14123, -0.989795
43.1168, -3.31215, -3.45515, -0.0186878, 0.0036761, -0.143413, -0.989479
43.1828, -2.902, -4.05665, -0.0231774, -0.0024283, -0.147645, -0.988766
43.3255, -2.64254, -3.58023, 0.0212061, -0.00267551, 0.150815, 0.988331
43.4209, -2.31003, -3.69843, 0.022209, -0.00134375, 0.154532, 0.987737
43.5501, -1.91873, -3.42055, 0.0197633, -0.00397082, 0.159243, 0.987034
43.6755, -1.65429, -3.08431, 0.0192014, -0.00782939, 0.162347, 0.986516
43.7875, -1.5238, -2.76333, -0.0111592, 0.0100745, -0.164443, -0.986272
43.9046, -1.34204, -2.26696, -0.013149, 0.0162924, -0.166382, -0.985839
43.9513, -1.10118, -3.04161, -0.0106094, 0.00681537, -0.169262, -0.98549
44.0458, -0.627748, -3.02613, -0.00858347, 0.00646829, -0.174688, -0.984565
44.1462, -0.193901, -2.86368, -0.00869892, 0.0082125, -0.179453, -0.983694
44.1923, 0.436356, -3.44468, -0.0125792, 0.00214333, -0.18609, -0.98245
44.2962, 1.48912, -2.83756, -0.00907358, 0.00842257, -0.197813, -0.980161
44.3653, 1.98366, -2.75243, -0.00645582, 0.00902479, -0.203256, -0.979063
44.4378, 2.05177, -2.85046, -0.00706425, 0.00807817, -0.203818, -0.97895
44.4909, 2.09343, -3.21263, -0.00812861, 0.00413303, -0.204091, -0.978909
44.5979, 1.88716, -2.95284, -0.00593767, 0.0066427, -0.201844, -0.979377
44.6726, 1.47962, -3.34999, -0.0117331, 0.00304342, -0.196913, -0.980346
44.7785, 1.16745, -3.23193, -0.00949592, 0.00401632, -0.1936, -0.981026
44.8981, 0.680992, -2.93335, -0.0129785, 0.0081455, -0.187981, -0.982053
44.9717, 0.299936, -3.20098, -0.0122102, 0.00516647, -0.183842, -0.982866
45.0674, 0.251448, -3.01755, -0.009559, 0.00680461, -0.183456, -0.982958
45.1214, 0.0476162, -3.45178, -0.00778892, 0.00162528, -0.181332, -0.98339
45.1769, 0.0683957, -3.7955, 0.0100135, 0.00191668, 0.181349, 0.983366
45.2655, 0.591134, -3.66081, 0.00446024, 0.00154143, 0.187338, 0.982284
45.3652, 1.01171, -3.34542, 0.00494539, -0.00203294, 0.191693, 0.98144
45.465, 1.50451, -2.89806, 0.0067498, -0.00736106, 0.196679, 0.980417
45.5496, 1.74059, -2.7416, -0.00572615, 0.00901666, -0.199112, -0.979918
45.6135, 1.54978, -3.16429, -0.00893304, 0.0049214, -0.196738, -0.980403
45.6293, 1.81436, -3.90703, -0.01087, -0.00301651, -0.199366, -0.97986
45.7155, 1.9227, -3.78754, 0.0110687, 0.0017472, 0.200426, 0.979645
45.7796, 2.22645, -3.84116, 0.0126547, 0.00220578, 0.203509, 0.978989
45.8511, 2.6563, -3.72611, 0.0114931, 0.00118076, 0.208145, 0.97803
45.9235, 2.84035, -3.76787, 0.0124684, 0.00138689, 0.209996, 0.977622
46.006, 3.10972, -3.52411, 0.0101798, -0.00105107, 0.212968, 0.977006
46.0604, 3.45604, -3.50106, 0.00552866, -0.000692793, 0.216907, 0.976176
46.1022, 3.80527, -3.5815, 0.0030599, 0.000541576, 0.220704, 0.975336
46.1347, 4.22006, -3.64693, 0.00393683, 0.00120819, 0.224916, 0.974369
46.145, 4.89167, -3.57057, 0.00274298, 0.000612598, 0.231928, 0.972729
46.0904, 5.92893, -3.5702, 0.00413892, 0.000431019, 0.242591, 0.97012
45.9964, 7.19996, -3.22703, 0.0021056, -0.00312755, 0.255885, 0.9667
45.8766, 8.4646, -2.59814, -0.0039938, 0.010056, -0.268836, -0.963125
45.5407, 10.1663, -3.33045, -0.0070874, 0.00238399, -0.286523, -0.958044
45.2126, 11.7301, -3.40914, -0.00491395, 0.00128232, -0.303077, -0.952953
44.8113, 13.311, -3.61478, 0.00871475, 0.000938561, 0.319515, 0.947541
44.2715, 15.143, -3.73141, 0.0112033, 0.00238762, 0.338798, 0.940789
43.6913, 16.8851, -3.73827, 0.00693799, 0.00267595, 0.357726, 0.933797
43.1623, 18.4647, -2.92102, 0.0117874, -0.00585204, 0.374266, 0.927228
42.2055, 20.6833, -2.74694, -0.00836775, 0.00767562, -0.398498, -0.917099
40.8409, 23.4141, -1.96295, -0.00276858, 0.0162406, -0.428641, -0.903325
39.1966, 26.1225, -2.20653, -0.00102857, 0.0138136, -0.459146, -0.888253
37.264, 28.8464, -2.53533, -0.00342658, 0.00995209, -0.49048, -0.871389
35.253, 31.2964, -2.91296, -0.00501012, 0.00550576, -0.519652, -0.854346
33.204, 33.4882, -3.24421, -0.00327901, 0.00212798, -0.546883, -0.8372
31.107, 35.4959, -3.2637, 0.00608748, -0.00111178, 0.572454, 0.819913
28.8019, 37.4343, -3.35809, 0.00466442, -0.000311348, 0.598621, 0.801018
26.2611, 39.3202, -3.14851, 0.00629863, -0.00202254, 0.625287, 0.780366
23.7642, 40.9536, -2.5557, -0.00875522, 0.00765922, -0.649786, -0.760028
20.5869, 42.6739, -2.46138, -0.0105448, 0.00781214, -0.678441, -0.734537
17.0827, 44.2072, -2.64447, -0.0136293, 0.00404751, -0.707535, -0.706535
13.5113, 45.4477, -2.5838, -0.0128052, 0.00465454, -0.735408, -0.677487
9.95195, 46.3634, -2.73217, -0.012678, 0.00249222, -0.761292, -0.64828
6.65791, 46.9565, -2.77072, -0.0125165, 0.00162328, -0.783921, -0.620732
3.4944, 47.2877, -3.02148, -0.0111228, -0.00108123, -0.804536, -0.593798
0.785284, 47.4427, -2.45372, -0.0137653, 0.00400967, -0.821469, -0.570073
-1.9924, 47.3931, -2.72222, -0.0140665, 7.84913e-05, -0.837946, -0.545571
-4.97615, 47.1818, -2.50617, -0.0104402, 0.00523711, -0.855157, -0.518237
-8.24917, 46.6994, -2.86296, -0.0100023, 0.000526198, -0.872822, -0.487936
-11.3943, 46.0462, -2.53212, -0.0132957, 0.00194756, -0.888965, -0.457778
-14.646, 45.1176, -2.41738, -0.0123388, 0.00401328, -0.90497, -0.425277
-18.1749, 43.8131, -2.37944, -0.0150013, 0.00148094, -0.921197, -0.388804
-21.3848, 42.3397, -2.27553, -0.0138953, 0.00375024, -0.935267, -0.35365
-24.63, 40.556, -1.76744, -0.0172308, 0.0077834, -0.94846, -0.316332
-27.7372, 38.4907, -1.81346, -0.0148513, 0.0097905, -0.960349, -0.278232
-30.6653, 36.1941, -1.79185, -0.0122858, 0.0136221, -0.970663, -0.239744
-33.7025, 33.3692, -1.83535, -0.0138131, 0.010847, -0.98027, -0.196881
-36.1255, 30.6855, -2.16829, -0.0112565, 0.00837906, -0.987168, -0.159064
-38.1342, 28.1146, -2.09017, -0.0130916, 0.00678977, -0.992073, -0.124793
-39.608, 25.9283, -2.1735, -0.0128999, 0.00512991, -0.995197, -0.0968991
-40.7, 24.0878, -2.28326, -0.0115135, 0.0051499, -0.997174, -0.0740634
-41.6244, 22.3238, -2.62146, -0.00436565, 0.0118231, -0.998555, -0.052246
-42.6252, 20.1704, -3.19662, 0.000142121, 0.00759984, -0.999607, -0.0269693
-43.4832, 18.0036, -3.90816, 0.00697788, 0.00487387, -0.999962, -0.00197386
-44.2275, 16.0143, -3.65334, 0.00334532, 0.00353303, -0.999776, 0.0205981
-44.9559, 13.677, -3.65524, 0.00285154, 0.00233413, -0.998901, 0.0467257
-45.5074, 11.5617, -3.48669, 0.000561514, 0.00119034, -0.997543, 0.0700358
-45.883, 9.62718, -3.73381, 0.00210376, -0.00292141, -0.995849, 0.0909532
-46.1298, 8.14045, -3.49204, -0.000171344, 0.000653891, 0.994222, -0.107336
-46.3113, 6.43404, -3.86897, -0.0032622, 0.00466588, 0.992066, -0.125585
-46.4043, 5.18838, -3.91968, -0.00333405, 0.00643361, 0.990272, -0.138952
-46.3964, 4.41944, -4.24326, -0.00706635, 0.00591435, 0.989041, -0.147353
-46.4927, 2.98194, -3.73898, -0.00140792, 0.00656507, 0.986658, -0.162665
-46.4869, 2.03478, -3.62589, -0.00015624, 0.00714136, 0.984942, -0.172736
-46.4787, 1.34741, -3.09475, 0.00521573, 0.00564374, 0.983613, -0.180128
-46.4055, 0.763476, -3.28937, 0.00215386, 0.00204154, 0.982435, -0.186579
-46.3372, 0.309857, -3.25887, 0.00247169, 0.00221614, 0.981514, -0.191361
-46.2413, -0.126279, -3.55049, -0.000552255, 0.00301624, 0.980607, -0.195959
-46.1527, -0.582522, -3.69151, -0.00185175, 0.00413397, 0.979633, -0.200747
-46.0938, -0.99492, -3.38947, 0.00197359, 0.00654346, 0.978745, -0.204965
-46.0258, -1.50812, -3.06444, 0.00543923, 0.00618692, 0.97756, -0.210496
-45.9346, -1.87785, -3.04966, 0.00566542, 0.00725659, 0.976683, -0.21449
-45.8316, -2.14642, -3.20797, 0.004024, 0.00862294, 0.976022, -0.217465
-45.7223, -2.45083, -3.38622, 0.00115347, 0.00384071, 0.975201, -0.221285
-45.641, -2.74188, -3.16614, 0.00332386, 0.001848, 0.974418, -0.22471
-45.5621, -2.90064, -3.07123, -0.0041491, -0.000142494, -0.973959, 0.226688
-45.474, -3.21505, -3.00469, -0.00450075, 0.0024844, -0.973089, 0.230371
-45.3728, -3.17164, -3.45335, 0.000227231, 0.000438705, -0.973192, 0.229993
-45.3142, -3.09425, -3.26369, -0.00205046, -0.00110967, -0.973392, 0.229133
-45.2276, -2.92434, -3.49736, 0.00060891, -0.00119782, -0.9738, 0.227403
-45.1886, -2.69834, -3.07747, -0.00352673, 0.00243462, -0.974307, 0.225183
-45.0937, -2.59312, -3.41611, -0.000462614, -0.0013349, -0.974614, 0.223887
-44.9706, -2.47078, -4.1086, -0.00669583, 0.00483466, 0.974912, -0.222436
-44.9363, -2.55604, -3.56802, -0.00066186, 0.00432474, 0.974731, -0.223337
-44.8619, -2.84942, -3.31282, 0.00166941, 0.0014801, 0.973962, -0.226699
-44.7588, -3.41893, -3.11094, 0.00409034, 0.00306098, 0.972511, -0.232799
-44.6331, -4.06903, -2.98487, 0.00588413, 0.00618986, 0.970802, -0.239732
-44.4988, -4.66793, -2.92341, 0.0060076, 0.00268791, 0.969096, -0.246597
-44.2676, -5.43901, -3.82074, -0.00342828, 0.00777628, 0.966932, -0.254892
-44.1714, -5.76595, -3.53537, -0.000564844, 0.00473758, 0.965937, -0.258731
-44.0428, -6.40931, -3.01181, 0.00520774, 0.00328791, 0.963997, -0.265842
-43.9519, -6.51108, -2.95788, 0.005677, 0.00264807, 0.963671, -0.267017
-43.8863, -6.48511, -2.76168, 0.00770065, 0.00181918, 0.963737, -0.266735
-43.7904, -6.47296, -2.99344, -0.00516992, -0.0032681, -0.96382, 0.266484
-43.719, -6.22428, -3.3292, -0.00175171, -0.00607903, -0.964635, 0.263514
-43.6541, -6.05675, -3.40949, -0.00165026, -0.0114012, -0.965213, 0.261209
-43.6184, -5.61364, -3.60321, -0.000377006, 0.0120462, 0.966545, -0.256213
-43.5971, -5.35358, -3.26377, 0.00366128, 0.0126153, 0.967321, -0.253215
-43.5219, -5.45216, -3.01123, 0.006203, 0.010658, 0.967015, -0.25442
-43.4081, -5.76702, -2.89238, 0.00749872, 0.0112692, 0.96607, -0.257925
-43.2794, -5.97096, -3.18831, 0.00427181, 0.013455, 0.965463, -0.260158
-43.0606, -6.60564, -3.8181, -0.00323258, 0.0125067, 0.963465, -0.267522
-42.756, -7.23529, -5.08141, -0.0176085, 0.01577, 0.961271, -0.27459
-42.5897, -7.61321, -5.27892, -0.0198005, 0.0172294, 0.959974, -0.278857
-42.5819, -7.57366, -4.7071, -0.0136003, 0.0131683, 0.960154, -0.278828
-42.5943, -7.39715, -4.0568, -0.00612166, 0.0130237, 0.9608, -0.276867
-42.5562, -7.34397, -3.61819, -0.00129479, 0.011573, 0.96097, -0.276406
-42.4898, -7.35046, -3.36469, 0.0016405, 0.0119492, 0.960943, -0.276482
-42.4228, -7.2356, -3.38433, 0.00162318, 0.0129246, 0.961307, -0.275172
-42.3636, -7.17061, -3.24083, 0.00349822, 0.0136821, 0.9615, -0.27444
-42.32, -6.90589, -3.33556, 0.00259126, 0.0147306, 0.962334, -0.271458
-42.2704, -6.94383, -2.8047, 0.00887272, 0.0149729, 0.962146, -0.271977
-42.1384, -7.125, -3.10756, 0.00542945, 0.0172053, 0.961533, -0.274096
-41.9611, -7.4554, -3.57545, 8.23497e-05, 0.0205602, 0.960397, -0.277874
-41.7989, -7.8173, -3.70924, -0.00245132, 0.0129546, 0.95906, -0.282897
-41.6207, -8.14285, -4.06343, -0.00718335, 0.00776175, 0.957764, -0.287362
-41.5443, -8.16934, -3.94434, -0.00610157, 0.00410705, 0.957554, -0.288159
-41.4439, -8.44824, -3.53381, 0.00151775, -0.00064172, -0.956495, 0.291744
-41.359, -8.3976, -3.69707, 0.00339541, -0.00182992, -0.956631, 0.291278
-41.2943, -8.35386, -3.56913, 0.00185417, -0.00317822, -0.956787, 0.290766
-41.2243, -8.16375, -3.79978, 0.00498268, -0.000578045, -0.957347, 0.288896
-41.1033, -8.20625, -4.06314, 0.00786988, -0.00387275, -0.957218, 0.289234
-40.9186, -8.55915, -4.30377, 0.0103037, -0.00793202, -0.955988, 0.293118
-40.8428, -8.62139, -4.0522, 0.00704937, -0.00980987, -0.955816, 0.293717
-40.7904, -8.69187, -3.52464, -0.000352764, 0.013275, 0.955635, -0.294255
-40.636, -8.61962, -4.43115, -0.0118675, 0.00847976, 0.955683, -0.294037
-40.461, -8.87563, -4.72548, -0.0157215, 0.00731983, 0.954605, -0.297369
-40.2842, -9.37177, -4.49109, -0.0128627, 0.0093079, 0.95279, -0.303215
-40.1011, -9.61773, -4.80027, -0.0167043, 0.00917529, 0.951694, -0.306455
-40.0549, -9.47075, -4.73789, -0.0159814, 0.00784195, 0.952181, -0.305014
-40.127, -9.04404, -4.1835, -0.00948416, 0.00320805, 0.953776, -0.300351
-40.1169, -8.75377, -4.08256, 0.00833757, -0.00254506, -0.954818, 0.297063
-40.1286, -8.4393, -3.76781, 0.00458266, -0.00271186, -0.955995, 0.293334
-40.1143, -7.97976, -3.98772, 0.00782674, 0.00155066, -0.957498, 0.288331
-39.9618, -8.13127, -4.33794, 0.0117595, -0.00299075, -0.95697, 0.289933
-39.9222, -7.89413, -4.33969, 0.011486, -0.00508333, -0.95786, 0.286961
-39.8372, -7.74578, -4.62821, 0.014834, -0.00677895, -0.95834, 0.285164
-39.7699, -7.82022, -4.37622, -0.0110723, 0.0128054, 0.958215, -0.285547
-39.6959, -7.69727, -4.52197, -0.0129268, 0.0127979, 0.958602, -0.284166
-39.6013, -7.78916, -4.452, -0.0122334, 0.0126887, 0.958254, -0.285374
-39.4521, -8.04941, -4.55121, -0.0132577, 0.0171936, 0.957305, -0.288262
-39.3052, -8.15753, -4.88614, -0.0181797, 0.0107794, 0.95667, -0.290405
-39.0187, -8.70593, -5.53323, -0.0260001, 0.0151076, 0.954422, -0.296942
-38.9265, -8.79866, -5.43402, -0.0250044, 0.0121441, 0.954008, -0.298491
-38.8319, -9.02961, -5.1191, -0.0211773, 0.0108121, 0.953178, -0.301473
-38.728, -8.99695, -5.32628, -0.0238922, 0.0112261, 0.953211, -0.30115
-38.6621, -8.90777, -5.32768, -0.0240695, 0.0116659, 0.953555, -0.30003
-38.5803, -8.79169, -5.47621, -0.0261357, 0.0114305, 0.953944, -0.298625
-38.4807, -8.60455, -5.86784, -0.0310722, 0.0128037, 0.95454, -0.296181
-38.2721, -8.68344, -6.54977, -0.039868, 0.0120558, 0.953864, -0.297336
-38.1435, -9.05063, -6.30761, -0.0368538, 0.01162, 0.952581, -0.301822
-38.1121, -9.41737, -5.36063, -0.0247504, 0.0125517, 0.951627, -0.306
-37.9966, -9.61341, -5.22409, -0.02331, 0.0110243, 0.950854, -0.308565
-37.8526, -9.78647, -5.32026, -0.0246879, 0.012326, 0.95012, -0.310663
-37.7196, -9.87792, -5.46047, -0.0266975, 0.0124879, 0.94966, -0.311894
-37.626, -9.92256, -5.39626, -0.0261417, 0.00943778, 0.949407, -0.312816
-37.6351, -9.61506, -5.26406, -0.0248929, 0.00190223, 0.950512, -0.309681
-37.5519, -9.75482, -4.97639, -0.0214329, -0.0022578, 0.949927, -0.311727
-37.542, -9.69878, -4.46988, 0.0150175, 0.00387084, -0.950305, 0.310933
-37.584, -9.25025, -4.33026, 0.0134651, 0.00528795, -0.952159, 0.305261
-37.54, -8.87985, -4.72813, 0.0190083, 0.00740934, -0.953462, 0.300822
-37.4908, -8.57453, -4.99184, 0.0221468, 0.00176575, -0.954812, 0.296378
-37.453, -8.15204, -5.32122, 0.0264227, 0.00111635, -0.956385, 0.29091
-37.4016, -8.05675, -5.22972, 0.0248853, -0.00286668, -0.956966, 0.289117
-37.4151, -7.9665, -4.62572, 0.0168047, -0.0045464, -0.957625, 0.287491
-37.3871, -7.72934, -4.57921, -0.0163446, 0.00375424, 0.95855, -0.284429
-37.2913, -7.73014, -4.66852, -0.0176916, 0.00381982, 0.958529, -0.28442
-37.1765, -7.81418, -4.73628, -0.0185511, 0.00660761, 0.958245, -0.28527
-37.0502, -7.96883, -4.76706, -0.0192597, 0.004529, 0.957565, -0.287536
-36.9191, -8.0483, -4.9754, -0.0217483, 0.00775096, 0.957244, -0.288359
-36.9711, -7.62614, -4.58188, -0.0171147, 0.000394983, 0.958818, -0.283505
-37.0089, -7.30169, -4.05604, -0.0104366, -0.00306289, 0.960108, -0.279419
-37.0411, -6.86566, -3.69105, 0.00570644, 0.00303572, -0.961818, 0.273613
-37.0248, -6.35314, -3.88535, 0.00859054, 0.00393298, -0.963639, 0.267041
-36.9888, -5.84892, -4.17533, 0.0124327, 0.00188234, -0.965447, 0.260296
-36.8888, -5.37384, -4.88298, 0.02204, 0.00166324, -0.966901, 0.254192
-36.8248, -5.28532, -4.81011, 0.0205794, -0.00242518, -0.967378, 0.252489
-36.7987, -5.10766, -4.52783, 0.0165139, -0.00430744, -0.968147, 0.2498
-36.7783, -4.99578, -4.0854, 0.0106407, -0.00369826, -0.968647, 0.248186
-36.7398, -4.91199, -3.71806, -0.00600576, 0.00194687, 0.968974, -0.247082
-36.663, -4.86515, -3.64747, -0.00525246, 0.0017916, 0.969141, -0.246443
-36.6097, -4.77714, -3.36809, -0.00192838, -0.00135418, 0.969402, -0.245465
-36.4729, -5.06586, -3.50519, 0.00356554, -0.000380194, -0.968447, 0.249195
-36.3289, -5.11483, -4.05044, 0.0112899, 0.00180543, -0.968129, 0.250191
-36.2585, -5.26577, -3.71019, 0.00700095, 0.00540102, -0.967591, 0.252369
-36.2284, -5.1744, -3.20987, 0.000343278, 0.00681983, -0.967953, 0.251037
-36.2367, -4.78703, -2.60876, -0.00785157, 0.00643772, -0.969336, 0.245529
-36.1903, -4.4153, -2.67039, -0.006551, 0.00884222, -0.970562, 0.240599
-36.0762, -4.37258, -3.11023, -0.000872023, 0.00544126, -0.970815, 0.239765
-35.9454, -4.46396, -3.538, 0.00454616, 0.00196439, -0.970583, 0.240716
-35.8327, -4.54885, -3.7641, 0.00717752, -0.00193063, -0.970376, 0.241487
-35.7593, -4.64247, -3.55392, 0.00415681, -0.00274884, -0.970131, 0.242529
-35.6466, -4.89996, -3.50276, 0.00364298, -0.00240109, -0.969265, 0.245979
-35.5433, -4.97856, -3.55163, 0.00448399, -0.00281565, -0.968996, 0.247018
-35.5055, -5.03461, -2.8895, -0.00363577, 0.00720134, -0.968624, 0.248401
-35.3013, -5.52409, -3.46672, 0.00394198, 0.00311168, -0.966918, 0.255036
-35.0827, -5.64862, -4.55467, 0.0194537, 0.0049145, -0.966102, 0.25738
-34.9408, -5.85417, -4.7688, 0.0225195, 0.00529057, -0.965231, 0.260372
-34.9066, -6.04405, -4.09765, 0.0131801, 0.0065014, -0.964729, 0.262834
-34.8695, -6.19316, -3.36462, 0.00293884, 0.00711245, -0.964322, 0.264619
-34.7627, -6.25062, -3.46582, 0.00467819, 0.00904407, -0.964042, 0.265555
-34.7107, -6.04653, -3.48334, 0.00479823, 0.00703798, -0.964909, 0.262444
-34.5934, -5.98756, -3.89695, 0.0106156, 0.00665263, -0.965081, 0.261652
-34.4982, -6.0416, -3.94555, 0.0111615, 0.00585141, -0.964909, 0.26228
-34.3889, -6.29095, -3.81346, 0.00884145, 0.00211664, -0.964109, 0.26535
-34.2957, -6.48732, -3.58693, 0.00563406, 0.00214856, -0.963391, 0.268032
-34.187, -6.76511, -3.29371, 0.00141741, 0.000678056, -0.962358, 0.271779
-34.0757, -6.94578, -3.16347, -0.000428613, -0.000667625, -0.961645, 0.274295
-33.9516, -7.15221, -3.1051, -0.000673734, 0.00631395, -0.960576, 0.277946
-33.7631, -7.48802, -3.4452, 0.00353798, -0.00241411, -0.959315, 0.282304
-33.7375, -7.22542, -3.45308, 0.00418023, 0.00572355, -0.960143, 0.279419
-33.6206, -7.46572, -3.29528, 0.00199661, 0.00801032, -0.959057, 0.283092
-33.5236, -7.75617, -2.71554, -0.00630491, 0.0103228, -0.957772, 0.287275
-33.4515, -7.82007, -2.35559, -0.011454, 0.0105193, -0.957463, 0.288138
-33.4045, -7.6582, -2.35105, -0.0113238, 0.0114396, -0.958115, 0.285932
-33.4365, -7.11833, -2.36676, -0.0109772, 0.0115163, -0.960394, 0.27819
-33.478, -6.39821, -2.5877, -0.00772353, 0.0118529, -0.96334, 0.26791
-33.5367, -5.824, -1.99939, -0.0157834, 0.0189408, -0.965348, 0.259799
-33.4737, -5.85554, -1.54916, -0.0229116, 0.0151826, -0.965265, 0.259822
-33.3558, -6.09497, -1.49551, -0.0237174, 0.015983, -0.964276, 0.263351
-33.2132, -6.41938, -1.58411, -0.0226745, 0.0129758, -0.963057, 0.268026
-33.0367, -6.86025, -1.74722, -0.0206413, 0.00768442, -0.961375, 0.274359
-32.8706, -7.224, -1.86635, -0.0189589, 0.00671729, -0.959833, 0.27985
-32.6602, -7.72034, -2.15493, -0.0149991, 0.00383788, -0.957735, 0.287234
-32.5502, -7.77303, -2.42301, -0.0109592, 0.00628068, -0.957407, 0.288463
-32.4296, -8.01253, -2.17524, -0.0147392, 0.00752881, -0.956233, 0.292136
-32.3156, -8.12394, -2.2885, -0.0131063, 0.00612591, -0.955735, 0.293872
-32.2408, -8.08612, -2.33312, -0.0123783, 0.00542215, -0.955899, 0.293385
-32.2154, -7.79041, -2.51767, -0.00933004, 0.00734522, -0.957175, 0.289265
-32.1475, -7.63054, -2.75453, -0.00581944, 0.00530209, -0.95794, 0.28686
-32.1393, -7.34932, -2.56903, -0.00872993, 0.00580734, -0.959171, 0.282631
-32.0664, -7.28924, -2.60414, -0.00848769, 0.00278684, -0.959505, 0.28155
-32.0377, -7.16276, -2.24702, -0.0141585, 0.000824653, -0.960061, 0.279431
-31.9904, -7.03375, -2.13141, -0.015789, 0.0023033, -0.960557, 0.277626
-31.9462, -6.88398, -2.01489, -0.0172695, 0.00513612, -0.961094, 0.275633
-31.8221, -7.04846, -2.07295, -0.0163089, 0.00514473, -0.960343, 0.278295
-31.6931, -7.2734, -1.96471, -0.0179611, 0.00700722, -0.959227, 0.281978
-31.554, -7.4449, -2.27914, -0.0132125, 0.00752719, -0.958426, 0.284936
-31.4666, -7.49876, -2.25619, -0.0136015, 0.00849685, -0.958106, 0.285964
-31.3945, -7.55546, -1.99334, -0.0175961, 0.0116089, -0.957692, 0.287022
-31.3372, -7.41278, -2.23039, -0.0137346, 0.0129257, -0.958308, 0.285114
-31.2849, -7.32186, -2.12661, -0.0151062, 0.014937, -0.958642, 0.28382
-31.2326, -7.22878, -1.96929, -0.0176041, 0.0133717, -0.959108, 0.282174
-31.1535, -7.15665, -2.16806, -0.0145717, 0.0128323, -0.95949, 0.281071
-31.1146, -7.02009, -1.9991, -0.0175548, 0.0101346, -0.960189, 0.278615
-31.0422, -6.94341, -2.23458, -0.0141338, 0.00712355, -0.960664, 0.277261
-30.9945, -6.90922, -1.96187, -0.0186254, 0.00567684, -0.960829, 0.276456
-30.9315, -6.83338, -2.07903, -0.0165714, 0.00829526, -0.961138, 0.275446
-30.8207, -7.00899, -2.02682, -0.0172218, 0.0102768, -0.960296, 0.278261
-30.6711, -7.28172, -2.16846, -0.0151016, 0.00740777, -0.959149, 0.282401
-30.541, -7.39381, -2.50241, -0.00983607, 0.00627001, -0.958668, 0.284289
-30.4172, -7.56748, -2.52798, -0.00967656, 0.00447908, -0.957881, 0.286968
-30.4281, -7.24909, -2.38836, -0.0119638, 0.00494655, -0.959336, 0.281969
-30.4344, -6.99964, -2.03377, -0.0175806, 0.00797242, -0.960353, 0.278118
-30.4094, -6.75426, -2.09221, -0.0166574, 0.00677713, -0.961509, 0.274183
-30.3859, -6.56745, -1.86217, -0.0203169, 0.0058595, -0.962339, 0.271027
-30.3792, -6.18659, -1.96742, -0.018312, 0.0082705, -0.96401, 0.265106
-30.3432, -5.94493, -2.02181, -0.0176105, 0.00502131, -0.965181, 0.260939
-30.3422, -5.45159, -2.21068, -0.0146072, 0.00507526, -0.967333, 0.253035
-30.3513, -4.95539, -2.16721, -0.0157878, 0.000882409, -0.969473, 0.244688
-30.3823, -4.37244, -1.86085, -0.0211262, -0.00105886, -0.971746, 0.23508
-30.3905, -3.762, -1.80054, -0.0221689, -0.00124382, -0.974051, 0.225237
-30.3733, -3.30713, -1.66288, -0.0245142, -0.00246676, -0.975676, 0.217826
-30.3203, -3.02164, -1.72368, -0.02361, -0.00417109, -0.976713, 0.213204
-30.2582, -2.87119, -1.65347, -0.0244438, -0.00166087, -0.977163, 0.211074
-30.1338, -3.13206, -2.01718, -0.0191402, -0.00748845, -0.976375, 0.215104
-30.0877, -2.84584, -1.97537, 0.0195052, 0.00336417, 0.977313, -0.210872
-30.028, -2.84944, -1.68579, 0.0242043, 0.00144009, 0.977169, -0.211075
-29.9756, -2.83545, -1.17564, 0.0325588, -0.000348685, 0.976973, -0.210863
-29.917, -2.74336, -0.834269, -0.0379778, 0.00239109, -0.9771, 0.20935
-29.8384, -2.80498, -0.692969, -0.0400889, 0.00401969, -0.976807, 0.210297
-29.7347, -3.02469, -1.02056, -0.034613, 0.00313017, -0.976265, 0.213774
-29.6144, -3.42071, -1.13166, -0.0331093, 0.00121902, -0.974928, 0.220042
-29.4718, -3.96784, -1.26346, -0.0314734, -0.00279606, -0.972978, 0.228725
-29.3246, -4.49661, -1.39887, -0.0295118, -0.00562309, -0.970989, 0.23723
-29.1539, -5.18225, -1.24613, -0.0320024, -0.00482017, -0.968074, 0.248565
-28.919, -6.05778, -1.3216, -0.0304235, -0.002266, -0.96423, 0.263306
-28.6072, -7.13515, -1.3475, -0.0298891, -0.00266506, -0.959127, 0.281378
-28.2302, -8.28976, -1.33677, -0.0299692, -0.00123203, -0.953144, 0.301027
-27.776, -9.49017, -1.57348, -0.0259908, -0.00162398, -0.946522, 0.321586
-27.2696, -10.6689, -1.88139, -0.0208623, 0.000301295, -0.939393, 0.342208
-26.6186, -12.0509, -2.0989, -0.0171678, -0.00142451, -0.93033, 0.366319
-25.8213, -13.6244, -1.7444, -0.023615, 0.00158779, -0.918708, 0.394227
-24.8826, -15.2034, -1.63621, -0.0257249, 0.00259906, -0.90587, 0.422766
-23.8478, -16.7371, -1.34542, -0.03059, 0.000130265, -0.892084, 0.450833
-23.0494, -17.763, -1.39138, -0.0299365, 0.000741009, -0.882008, 0.470281
-22.2268, -18.7228, -1.57825, -0.027136, 0.00255261, -0.871859, 0.488997
-21.1044, -19.92, -1.8124, -0.0232696, 0.00241645, -0.858094, 0.512959
-19.6023, -21.3526, -1.95593, -0.0208003, 0.00149747, -0.839583, 0.542831
-17.9077, -22.7556, -2.0485, -0.0192487, 0.000716019, -0.818736, 0.573847
-16.0682, -24.0663, -2.03104, -0.0199102, 0.000778653, -0.795972, 0.605005
-14.1833, -25.2036, -1.99904, -0.0223623, 0.00463844, -0.77236, 0.634774
-12.0535, -26.2755, -1.88631, -0.0262034, 0.00717516, -0.745515, 0.665935
-9.85387, -27.149, -2.01297, -0.0261606, 0.0104476, -0.717665, 0.695819
-7.57443, -27.8368, -2.21634, -0.0254215, 0.0146252, -0.688343, 0.724793
-5.04449, -28.3636, -2.46347, -0.0236505, 0.0177437, -0.655206, 0.754871
-2.51261, -28.6636, -2.62153, -0.0190533, 0.0133973, -0.621884, 0.782763
-0.246503, -28.7551, -2.58454, -0.0200149, 0.0119706, -0.590848, 0.806446
1.66262, -28.6625, -2.91374, -0.0165946, 0.0155861, -0.563798, 0.825599
3.59851, -28.4484, -3.14117, -0.013808, 0.0171731, -0.535673, 0.844138
5.81545, -28.0361, -3.44306, -0.0111072, 0.0207568, -0.502051, 0.864517
8.43865, -27.3297, -3.6494, -0.0102336, 0.0234344, -0.46042, 0.887333
11.0628, -26.3414, -3.88428, -0.00478908, 0.0225249, -0.416955, 0.908635
13.7137, -25.0554, -3.93211, -0.00600597, 0.0233689, -0.369587, 0.928883
16.1627, -23.5546, -3.92586, -0.0114223, 0.0259843, -0.321994, 0.946316
18.2395, -21.973, -4.07351, -0.0112837, 0.027645, -0.278505, 0.959971
20.0058, -20.365, -4.25953, -0.0145881, 0.0322804, -0.237602, 0.970716
21.4994, -18.7441, -4.59301, -0.0144248, 0.0376162, -0.199612, 0.979046
22.8433, -17.0592, -4.87008, -0.0135681, 0.0413098, -0.162336, 0.985777
23.9859, -15.467, -4.90733, -0.0120321, 0.0401168, -0.128705, 0.990798
25.0285, -13.7964, -4.91525, -0.00860163, 0.03772, -0.0950161, 0.994724
26.0408, -11.8663, -4.93429, -0.00642657, 0.0362588, -0.0573416, 0.997675
26.9173, -9.7403, -5.11587, -0.00233121, 0.0373304, -0.0176355, 0.999145
27.6626, -7.54329, -5.05522, -0.000956696, 0.0351955, 0.0224628, 0.999127
28.1432, -5.60977, -5.13955, 0.00398482, 0.0350243, 0.0564117, 0.997785
28.4804, -3.81682, -5.15938, 0.00940545, 0.034049, 0.0871865, 0.995565
28.6169, -2.161, -5.62412, 0.0127107, 0.0416593, 0.115426, 0.992361
28.6802, -0.729961, -5.92805, 0.0158757, 0.0465349, 0.139472, 0.989004
28.7828, 0.493875, -5.68728, 0.0154829, 0.0424404, 0.160206, 0.986049
28.8969, 1.37784, -5.18626, 0.0156339, 0.033662, 0.17492, 0.983883
28.9819, 2.18386, -4.671, 0.019875, 0.0242576, 0.18775, 0.981716
29.0039, 2.99891, -4.37136, 0.0187434, 0.0193173, 0.201454, 0.979128
28.8962, 3.98803, -4.6499, 0.018836, 0.0242133, 0.218029, 0.97546
28.8223, 4.79389, -4.69062, 0.0197923, 0.0250567, 0.231453, 0.972322
28.7013, 5.58231, -4.91921, 0.0196481, 0.0292215, 0.244851, 0.968921
28.6401, 6.20616, -4.8763, 0.0210581, 0.0286223, 0.255339, 0.966198
28.5903, 6.65433, -4.93496, 0.0183332, 0.0298292, 0.263514, 0.96402
28.53, 7.41814, -4.52485, 0.017709, 0.022955, 0.276588, 0.960551
28.3766, 8.19706, -4.53633, 0.0112235, 0.023274, 0.290708, 0.956463
28.2734, 8.80341, -4.39965, 0.0112745, 0.0210057, 0.301066, 0.953305
28.0821, 9.33645, -4.89536, 0.00953987, 0.0293583, 0.31068, 0.950013
27.9612, 9.83657, -4.94614, 0.0137081, 0.0303645, 0.318822, 0.947229
27.8092, 10.3201, -5.1693, 0.0188286, 0.0343714, 0.326616, 0.944344
27.6443, 10.9499, -5.11665, 0.017521, 0.0336939, 0.337521, 0.940552
27.5738, 11.3353, -5.04432, 0.0161559, 0.0325298, 0.344226, 0.938184
27.387, 11.9461, -5.06247, 0.00605457, 0.0324229, 0.355816, 0.933974
27.2937, 12.349, -4.99316, 0.000802544, 0.0308431, 0.3632, 0.9312
27.3187, 12.4653, -4.94234, 0.00225951, 0.0299307, 0.364961, 0.930539
27.2931, 12.6166, -5.07419, 0.00614146, 0.0322241, 0.36716, 0.929579
27.3786, 12.5669, -5.09908, 0.00392026, 0.0325055, 0.36662, 0.929794
27.4439, 12.3829, -5.56601, 0.00626556, 0.0403238, 0.363623, 0.930652
27.6457, 12.153, -5.41253, 0.00796234, 0.0378053, 0.35955, 0.932326
27.8982, 11.7926, -5.26854, 0.00824728, 0.0352583, 0.353547, 0.934715
28.1346, 11.5433, -4.91915, 0.00668779, 0.0291927, 0.34951, 0.936454
28.2835, 11.4057, -4.76335, 0.00400758, 0.0263099, 0.34756, 0.93728
28.5917, 10.9494, -4.34077, 0.00423141, 0.0192266, 0.339868, 0.940267
28.8329, 10.4973, -4.27917, 0.00310181, 0.0180834, 0.332615, 0.942884
29.0429, 10.2568, -3.83642, 0.000157074, 0.0109156, 0.328725, 0.944363
29.3364, 9.7366, -3.44369, -0.00155242, 0.00466418, 0.320176, 0.947345
29.5228, 9.46608, -3.20879, -0.00364347, 0.000975961, 0.315744, 0.948837
29.6281, 9.48977, -2.8275, -0.00416503, -0.00517109, 0.315743, 0.948821
29.8068, 9.35007, -2.0928, -0.00534534, -0.016984, 0.312988, 0.94959
29.9818, 8.97628, -2.32526, -0.00273454, -0.0134078, 0.306706, 0.951706
30.1387, 8.64751, -2.50132, 0.000777372, 0.010693, -0.301196, -0.953502
30.3618, 8.07577, -2.59272, 0.000483374, 0.0092078, -0.291992, -0.956376
30.5542, 7.50896, -2.90077, -0.0012131, 0.00428812, -0.2829, -0.959139
30.7472, 6.93926, -3.08578, -0.00266899, 0.00133347, -0.273804, -0.961781
30.8924, 6.51383, -3.35174, 0.00311379, 0.00284342, 0.267141, 0.963648
31.0165, 6.39486, -3.15381, 0.0044856, -0.000480933, 0.265043, 0.964226
31.141, 6.14563, -3.20356, 0.00491692, 6.26095e-05, 0.261136, 0.965289
31.2185, 6.1027, -3.25039, 0.00448766, 0.0007397, 0.260514, 0.965459
31.2428, 6.06256, -3.76956, 0.0012224, 0.00901262, 0.260399, 0.965458
31.304, 6.21564, -3.58719, 0.00367988, 0.00600571, 0.262493, 0.964908
31.3227, 6.49119, -3.57943, 0.00695794, 0.0057938, 0.266451, 0.963806
31.2391, 7.12935, -3.80612, 0.00535195, 0.00959633, 0.276456, 0.960964
31.1746, 7.56923, -4.19254, 0.0112543, 0.0153374, 0.282667, 0.959029
31.1089, 8.15814, -4.22273, 0.00927145, 0.0157991, 0.291837, 0.956292
31.0848, 8.56567, -4.19043, 0.0159454, 0.0149755, 0.297299, 0.954534
30.9771, 9.06904, -4.51763, 0.0186701, 0.0199185, 0.304743, 0.952043
30.9204, 9.54045, -4.45571, 0.0169585, 0.0190768, 0.312099, 0.949707
30.9535, 9.69822, -4.41423, 0.0164643, 0.0185334, 0.314581, 0.948907
31.0735, 9.59094, -4.34728, 0.0178297, 0.0175215, 0.312883, 0.949462
31.2206, 9.4414, -4.16953, 0.0135665, 0.0148245, 0.311165, 0.950143
31.3728, 9.40719, -3.64907, 0.0160241, 0.00666958, 0.310418, 0.950441
31.4482, 9.42627, -3.63262, 0.0116532, 0.00637431, 0.311267, 0.95023
31.5203, 9.38246, -3.79343, 0.0119662, 0.00870619, 0.310729, 0.950383
31.5464, 9.42661, -4.09429, 0.00956112, 0.0133088, 0.311802, 0.950006
31.6016, 9.47657, -4.13398, 0.00986035, 0.0139717, 0.312565, 0.949742
31.6792, 9.41043, -4.29672, 0.00926948, 0.0164889, 0.311654, 0.950007
31.7322, 9.52812, -4.24027, 0.00512416, 0.0157873, 0.313711, 0.949373
31.8124, 9.67958, -3.87544, 0.00242999, 0.0103033, 0.315942, 0.948719
31.9573, 9.42608, -3.96987, 0.00526451, 0.0114306, 0.311851, 0.950048
32.0722, 9.23823, -4.11008, 0.00744951, 0.0132853, 0.308852, 0.950988
32.2049, 9.02232, -4.13818, 0.00910473, 0.01354, 0.305468, 0.952062
32.3713, 8.74259, -4.00797, 0.00683009, 0.0116698, 0.301519, 0.953364
32.5923, 8.37815, -3.54412, 0.00724124, 0.00480735, 0.296023, 0.955141
32.7795, 7.92092, -3.59284, 0.00469814, 0.00563581, 0.289677, 0.957096
33.0542, 7.26402, -3.1561, 0.00621543, -0.001024, 0.279978, 0.959986
33.2598, 6.67814, -3.12117, 0.00114276, -0.00134436, 0.272026, 0.962288
33.4916, 5.95039, -2.91832, 0.00102002, -0.00440788, 0.261571, 0.965174
33.6373, 5.25508, -3.43962, 0.00098878, 0.00321415, 0.251827, 0.967766
33.763, 4.88943, -3.49169, 0.00172752, 0.00398625, 0.246591, 0.96911
33.863, 4.65352, -3.60339, 0.00174387, 0.0057089, 0.243244, 0.969947
33.9222, 4.69332, -3.75853, -0.00173472, 0.00839117, 0.244112, 0.969709
33.999, 4.89367, -3.52007, -0.00163394, 0.00485297, 0.246753, 0.969065
34.1012, 5.05683, -3.00451, -0.00433846, -0.00244841, 0.249005, 0.968489
34.1899, 5.00232, -2.97776, -0.00129871, -0.00322847, 0.24791, 0.968777
34.2071, 5.18271, -3.37132, 0.00116767, 0.00214353, 0.250329, 0.968158
34.2423, 5.29594, -3.64021, 0.00295073, 0.00587259, 0.251828, 0.96775
34.3056, 5.39139, -3.64533, 0.00152898, 0.00615537, 0.253315, 0.967363
34.417, 5.42636, -3.26427, 0.00658338, 0.000255302, 0.253316, 0.967361
34.453, 5.41363, -3.78869, 0.00533843, 0.00780745, 0.253429, 0.967308
34.611, 5.0603, -3.58913, 0.00146654, 0.00516862, 0.248829, 0.968532
34.7875, 4.52545, -3.34831, 0.000216077, 0.00177154, 0.241451, 0.970411
34.9047, 4.0617, -3.54583, -0.00153877, 0.00475452, 0.235208, 0.971932
35.016, 3.76078, -3.5463, -0.000745155, 0.00470573, 0.23091, 0.972963
35.0888, 3.77244, -3.59576, -0.000128755, 0.00541465, 0.230892, 0.972964
35.1149, 4.01584, -3.8823, -0.00173207, 0.00968538, 0.234262, 0.972124
35.1877, 4.24977, -3.69523, 0.00213885, 0.00650659, 0.23682, 0.971529
35.2724, 4.45659, -3.36101, 0.00539057, 0.00131003, 0.239049, 0.970992
35.2893, 4.84181, -3.44584, 0.00417786, 0.00255346, 0.244227, 0.969706
35.3154, 5.17256, -3.46187, 0.00671813, 0.00246581, 0.248351, 0.968644
35.3673, 5.30068, -3.5199, 0.00751802, 0.00326506, 0.24989, 0.96824
35.3888, 5.38384, -3.97836, 0.00583596, 0.00996243, 0.251163, 0.967876
35.4653, 5.16395, -4.33807, 0.00748149, 0.0148322, 0.248039, 0.968608
35.6056, 4.82695, -4.27903, 0.0112704, 0.0134973, 0.243059, 0.969852
