7.52844,4.55508,-0.536462,0.0469448,0.0644149,-0.527922,-0.845544
7.65085,4.50348,-0.602279,0.0455578,0.060017,-0.524899,-0.847823
7.73489,4.52479,-0.516878,0.0385933,0.0638917,-0.524852,-0.847914
7.7778,4.61544,-0.482476,0.036028,0.0645234,-0.528896,-0.845463
7.8166,4.71155,-0.585117,0.0439506,0.0576535,-0.53409,-0.842314
7.79961,4.92278,-0.42573,0.0385414,0.066379,-0.543037,-0.836193
7.84499,5.0156,-0.465256,0.040089,0.0642307,-0.546979,-0.833715
7.92699,5.03862,-0.598113,0.0340145,0.0568777,-0.547341,-0.834282
8.0107,5.06292,-0.599503,0.0311666,0.055991,-0.547514,-0.834339
8.13148,5.02211,-0.637972,0.031211,0.052568,-0.544802,-0.836333
8.21548,5.05002,-0.570915,0.0291141,0.0548569,-0.545374,-0.835889
8.26709,5.12564,-0.594709,0.0249935,0.0533053,-0.548681,-0.833956
8.39272,5.09208,-0.510811,0.028609,0.0575358,-0.546384,-0.835066
8.5309,5.02763,-0.415526,0.0371292,0.0616685,-0.54268,-0.836849
8.63473,5.00505,-0.496987,0.0310838,0.0571785,-0.540956,-0.838529
8.69579,5.06544,-0.414567,0.0268434,0.0603829,-0.542726,-0.837306
8.69983,5.22722,-0.363327,0.0297683,0.061617,-0.549563,-0.832645
8.74996,5.31042,-0.5048,0.0319581,0.0538203,-0.55288,-0.830907
8.78102,5.43894,-0.470476,0.0263901,0.0557872,-0.557205,-0.828078
8.79168,5.59488,-0.333949,0.0226421,0.062503,-0.562825,-0.823898
8.8152,5.70931,-0.459,0.0174188,0.0564073,-0.567356,-0.821354
8.87617,5.76737,-0.40754,0.0199696,0.0580723,-0.56926,-0.819861
8.95242,5.79711,-0.373094,0.0205789,0.0586552,-0.569968,-0.819312
9.05466,5.78755,-0.33096,0.0240999,0.0595974,-0.569237,-0.819656
9.15903,5.77425,-0.343194,0.0277319,0.0585249,-0.568601,-0.82006
9.2741,5.74143,-0.3468,0.0255009,0.0583065,-0.56679,-0.821401
9.35927,5.75191,-0.429405,0.0276941,0.0541426,-0.567335,-0.821238
9.44721,5.75431,-0.495472,0.0267774,0.0505806,-0.56733,-0.821499
9.49567,5.82488,-0.4775,0.027465,0.0504387,-0.570059,-0.819594
9.53683,5.91893,-0.365437,0.0337841,0.0541914,-0.573539,-0.816685
9.528,6.0938,-0.328183,0.0351462,0.0554181,-0.580318,-0.811741
9.51488,6.27552,-0.254529,0.0334577,0.0587472,-0.587081,-0.8067
9.51648,6.42331,-0.349474,0.0322125,0.0545832,-0.592922,-0.802761
9.55659,6.50992,-0.391756,0.02535,0.0526934,-0.595791,-0.801008
9.66245,6.49954,-0.339266,0.0268577,0.0539728,-0.594727,-0.801664
9.81153,6.42189,-0.283157,0.0233795,0.0555152,-0.590838,-0.804538
9.92951,6.38939,-0.156648,0.0214772,0.0602812,-0.5889,-0.805669
10.0073,6.42135,-0.149423,0.0197749,0.0606464,-0.589815,-0.805015
10.2372,6.20107,0.0148145,0.0245671,0.0671015,-0.580447,-0.811156
10.3364,6.18324,0.0844806,0.0259709,0.0696667,-0.579255,-0.811748
10.4721,6.10531,-0.335054,0.0177955,0.0524607,-0.576369,-0.81531
10.4692,6.27098,-0.0576432,0.00757873,0.0640476,-0.581257,-0.81116
10.4344,6.48332,0.117477,0.00894984,0.070388,-0.588473,-0.805397
10.5088,6.5271,0.0784692,-0.004382,0.0694622,-0.588698,-0.805351
10.5296,6.65532,0.0720931,0.000759854,0.0687324,-0.592889,-0.802345
10.4866,6.87173,0.0874424,0.00948234,0.0685342,-0.600533,-0.796601
10.5463,6.92135,0.109853,0.0137197,0.0687597,-0.601661,-0.795668
10.5945,6.97722,0.341211,0.017599,0.0769553,-0.602717,-0.79404
10.5826,7.11504,0.621661,0.03355,0.0860904,-0.606949,-0.789352
10.554,7.27856,0.815586,0.0365109,0.0929072,-0.612063,-0.784483
10.9103,6.91207,0.625543,0.0250941,0.085595,-0.598238,-0.796338
11.1725,6.65609,0.479,0.026615,0.0793393,-0.588691,-0.804015
11.1698,6.81978,0.474425,0.0330591,0.0781659,-0.594044,-0.799943
11.3349,6.71815,0.303807,0.036606,0.0702307,-0.590066,-0.803461
11.4098,6.77067,0.150029,0.0383363,0.0631582,-0.591423,-0.80297
11.4267,6.92092,0.083969,0.039623,0.0597962,-0.595867,-0.799873
11.5209,6.93977,0.113724,0.0249327,0.0620413,-0.595117,-0.800852
11.5739,7.02119,0.141698,0.0262011,0.0628471,-0.596954,-0.799381
11.6456,7.06433,0.12196,0.0202572,0.062477,-0.59751,-0.799167
11.8287,6.9213,-0.160131,0.025049,0.0511023,-0.592534,-0.803532
11.9359,6.8985,-0.197861,0.0317386,0.0482652,-0.591439,-0.804278
12.1787,6.62553,-0.0319058,0.0320836,0.0532433,-0.581649,-0.811061
12.21,6.73478,-0.110356,0.0243742,0.0510443,-0.58502,-0.809044
12.2622,6.81098,-0.183523,0.0223039,0.0487289,-0.587321,-0.807578
12.3967,6.73615,-0.0526688,0.0235837,0.0530986,-0.584329,-0.809434
12.6421,6.44649,-0.232822,0.0284509,0.0454972,-0.575058,-0.816351
12.7,6.51622,-0.212561,0.0303611,0.045418,-0.576947,-0.814953
12.7513,6.60122,-0.0585714,0.0296849,0.0502757,-0.578852,-0.81334
12.7819,6.73442,-0.241877,0.0316744,0.0430856,-0.58277,-0.810876
12.7512,6.9844,-0.237615,0.0215934,0.0446481,-0.589561,-0.8062
12.7558,7.15372,-0.0162661,0.0191023,0.0526424,-0.593784,-0.802673
12.7316,7.3636,-0.162364,0.0158583,0.0479739,-0.599889,-0.798486
12.8257,7.36119,-0.251109,0.0209249,0.0439354,-0.599595,-0.798823
12.9503,7.30169,-0.277339,0.0200872,0.0424332,-0.597364,-0.800595
13.0811,7.22758,-0.0655266,0.0189912,0.0490709,-0.594559,-0.802328
13.2144,7.14664,-0.145203,0.0174108,0.0463812,-0.592101,-0.804339
13.328,7.10177,0.0473616,0.0168674,0.0529658,-0.590375,-0.805213
13.4922,6.95821,0.0880523,0.0208422,0.0535647,-0.585974,-0.808289
13.6252,6.87261,-0.0259042,0.0170173,0.0500299,-0.583324,-0.810519
13.713,6.8711,-0.0255558,0.0170439,0.0493983,-0.583129,-0.810697
13.766,6.94694,-0.0276945,0.020667,0.048067,-0.585194,-0.809203
13.8296,7.00647,-0.0019842,0.0228922,0.0480555,-0.586567,-0.808149
13.8455,7.16514,0.0156135,0.0192246,0.0492671,-0.59061,-0.805222
13.8678,7.29765,0.0835123,0.0220485,0.0511352,-0.594062,-0.802489
13.9911,7.23021,-0.0231127,0.0154868,0.0486207,-0.591807,-0.804463
14.0919,7.19993,0.069235,0.021784,0.0501934,-0.590749,-0.804998
14.2534,7.04499,0.166243,0.02236,0.0525574,-0.586103,-0.808221
14.3798,6.9504,0.345464,0.02337,0.0574677,-0.583319,-0.809871
14.4674,6.95307,0.286228,0.0243719,0.0551508,-0.583663,-0.809754
14.5891,6.87704,0.38569,0.0232425,0.0584782,-0.581548,-0.811074
14.7508,6.71904,0.363119,0.0247316,0.0572824,-0.577241,-0.814186
14.9006,6.59391,0.0614827,0.0245322,0.0474831,-0.574152,-0.817002
14.9872,6.59207,0.00665958,0.0211018,0.045845,-0.574037,-0.817273
15.0689,6.60712,0.0322592,0.0209478,0.0460476,-0.574206,-0.817146
15.1119,6.7175,0.0994474,0.0214346,0.0475931,-0.576707,-0.815282
15.1371,6.87209,0.0896006,0.0191066,0.0476965,-0.580296,-0.812783
15.1875,6.9538,0.219463,0.0197531,0.0515237,-0.581862,-0.811413
15.3164,6.85599,0.208928,0.0144395,0.0521474,-0.578712,-0.813735
15.4149,6.80673,0.397341,0.0195642,0.0564266,-0.576888,-0.814637
15.6224,6.52203,0.285699,0.0175342,0.0528541,-0.569049,-0.820416
15.8406,6.18677,0.348292,0.0142174,0.0548983,-0.559864,-0.826641
15.973,6.08763,0.16648,0.0140417,0.0491984,-0.557284,-0.828744
16.1245,5.92382,0.155823,0.0146094,0.0488664,-0.552891,-0.831691
16.2596,5.77286,0.343088,0.0235055,0.0522529,-0.548806,-0.833984
16.371,5.70734,0.0873011,0.019022,0.0455756,-0.547084,-0.83562
16.5289,5.48819,0.065046,0.0180561,0.0448024,-0.54129,-0.839447
16.6234,5.45903,-0.0193894,0.0198694,0.0413236,-0.540397,-0.84016
16.7609,5.29609,0.0705148,0.0259523,0.0417685,-0.535911,-0.842841
16.916,5.08036,0.12137,0.0232401,0.0435729,-0.529843,-0.846657
17.0866,4.8077,0.10304,0.0220665,0.0432777,-0.522516,-0.851244
17.2336,4.57746,0.172927,0.0158592,0.047028,-0.516177,-0.855043
17.3854,4.31161,-0.0304737,0.0134617,0.0416706,-0.509374,-0.85943
17.5483,3.9529,0.0856769,0.0191364,0.0429351,-0.50027,-0.864592
17.7411,3.38875,0.289669,0.0230711,0.0470172,-0.486098,-0.872334
17.9157,2.85716,0.234021,0.016537,0.0471591,-0.4729,-0.879697
18.0621,2.39314,0.374938,0.0214808,0.0494212,-0.461539,-0.885482
18.2222,1.64771,0.438439,0.0234753,0.0504962,-0.443233,-0.894675
18.3443,0.925423,0.540207,0.02914,0.0509537,-0.42545,-0.903076
18.4464,-0.0343496,0.330254,0.0202333,0.0482193,-0.401662,-0.914294
18.4923,-0.968417,0.258842,0.01365,0.0487688,-0.378118,-0.924371
18.5203,-1.57174,0.278521,0.0155919,0.0480879,-0.362753,-0.930513
18.5213,-2.18413,0.506242,0.0189084,0.0529911,-0.346821,-0.936242
18.539,-2.5487,0.633283,0.0167898,0.0578657,-0.336973,-0.939584
18.4814,-3.26463,0.886167,0.0169643,0.0657295,-0.318127,-0.945614
18.379,-4.10026,0.849372,0.0131419,0.0670773,-0.296125,-0.9527
18.2376,-4.96845,0.627259,0.0123767,0.0611035,-0.273132,-0.959954
17.9749,-6.04333,0.565125,0.0110041,0.0604299,-0.244114,-0.967799
17.5845,-7.26575,0.481282,0.00702652,0.0610694,-0.210317,-0.975699
17.0884,-8.52087,0.219681,-0.00272678,0.0607794,-0.174394,-0.982794
16.5493,-9.63607,0.452975,0.00389106,0.0648829,-0.141817,-0.987756
15.768,-10.972,0.394301,-0.000396898,0.068683,-0.100678,-0.992545
14.879,-12.2334,0.313423,-0.00385321,0.0715753,-0.0595917,-0.995646
13.9823,-13.3192,-0.165892,-0.0114753,0.0641896,-0.0215098,-0.99764
12.9689,-14.3507,-0.638817,-0.0202557,0.0583526,0.0177129,-0.997933
12.1732,-15.0588,-0.941969,-0.0257702,0.0546623,0.0468677,-0.997071
11.3336,-15.7292,-0.970703,-0.0245721,0.0541301,0.075842,-0.995346
10.4882,-16.3226,-1.06326,-0.0274803,0.0561001,0.104126,-0.9926
9.69025,-16.8196,-1.1404,-0.0295455,0.0578689,0.129947,-0.98939
8.7752,-17.3229,-1.18484,-0.0302838,0.0599777,0.158271,-0.985107
7.57126,-17.87,-1.44556,-0.035313,0.0594201,0.193792,-0.978604
6.18154,-18.3793,-1.7053,-0.0350657,0.0512056,0.232438,-0.970629
4.76,-18.7779,-1.89525,-0.0366384,0.0485242,0.27079,-0.960716
3.40131,-19.05,-2.06271,-0.0382436,0.0465014,0.306524,-0.949957
2.12066,-19.2122,-2.25002,-0.0406934,0.0446057,0.339668,-0.938605
0.703916,-19.3176,-2.20082,-0.0377713,0.0461399,0.375303,-0.924982
-0.577358,-19.3029,-2.34419,-0.0391501,0.0448301,0.407322,-0.911343
-1.64196,-19.2135,-2.5422,-0.0396416,0.0363602,0.433503,-0.899545
-2.85503,-19.0747,-2.4263,-0.0380952,0.0460779,0.463486,-0.884085
-4.05906,-18.8261,-2.52888,-0.0368527,0.0382983,0.492238,-0.868836
-5.44064,-18.4438,-2.58549,-0.0342991,0.0288815,0.524773,-0.85006
-6.46091,-18.0868,-2.57059,-0.0320278,0.0243036,0.549153,-0.834754
-7.44883,-17.6725,-2.54605,-0.0306671,0.0237907,0.573104,-0.818563
-8.31914,-17.2443,-2.50195,-0.029102,0.0242676,0.594537,-0.803175
-8.9457,-16.8693,-2.57725,-0.0309408,0.0258782,0.610831,-0.790732
-9.5152,-16.4959,-2.61782,-0.0322202,0.0309532,0.626118,-0.778447
-10.1223,-16.0543,-2.73728,-0.0346503,0.031173,0.642321,-0.765017
-10.8283,-15.4698,-3.0636,-0.042374,0.0303958,0.661438,-0.748184
-11.4596,-14.9487,-3.05602,-0.0411929,0.0262351,0.678005,-0.733433
-12.0825,-14.3509,-3.21033,-0.0446858,0.0239647,0.695186,-0.71704
-12.6334,-13.818,-3.10195,-0.041294,0.0171246,0.710034,-0.702747
-13.1083,-13.3026,-3.05176,-0.040012,0.0205502,0.724155,-0.688169
-13.5636,-12.7763,-2.96583,-0.0374694,0.016602,0.737545,-0.674054
-13.9373,-12.2534,-3.07489,-0.0400316,0.0174167,0.74993,-0.660075
-14.4027,-11.6099,-3.0478,-0.038724,0.0208532,0.764904,-0.642641
-14.7454,-11.09,-2.96164,-0.0356571,0.0302643,0.776865,-0.627927
-15.1909,-10.3924,-2.83003,-0.0322209,0.0212861,0.791003,-0.610592
-15.3864,-10.0095,-2.72258,-0.0299434,0.0148403,0.798377,-0.601229
-15.4363,-9.82398,-2.64652,-0.0279662,0.0175044,0.80213,-0.596237
-15.5021,-9.56508,-2.70315,-0.0297629,0.0162756,0.806691,-0.589999
-15.4129,-9.52333,-2.8611,-0.0339475,0.0184449,0.807054,-0.589212
-15.4181,-9.35076,-2.92106,-0.0357746,0.0145116,0.809725,-0.585537
-15.4311,-9.12026,-3.12881,-0.0415002,0.0149127,0.813337,-0.580119
-15.4248,-9.07071,-2.86569,-0.0345321,0.0121665,0.814492,-0.579018
-15.419,-8.91332,-2.94325,-0.0369334,0.0125573,0.817016,-0.575293
-15.5253,-8.60029,-2.85088,-0.0348295,0.0105206,0.822614,-0.567435
-15.582,-8.3081,-2.92658,-0.037389,0.00944192,0.827472,-0.560181
-15.6417,-8.07344,-2.7728,-0.0332645,0.00791034,0.83176,-0.554082
-15.7366,-7.6796,-2.86276,-0.0364333,0.00202802,0.837935,-0.544549
-15.7433,-7.49184,-2.86319,-0.036609,0.000412204,0.840924,-0.539914
-15.7384,-7.3315,-2.84054,0.0354078,-0.00483931,-0.843855,0.53538
-15.6273,-7.3448,-2.96171,0.0387248,-0.00832939,-0.843457,0.535734
-15.5396,-7.28777,-3.10296,0.0429209,-0.0105814,-0.844021,0.534486
-15.3507,-7.37294,-3.4055,0.0517923,-0.0119926,-0.841593,0.537489
-15.0557,-7.62923,-3.769,-0.0622053,0.0151033,0.835898,-0.54514
-14.9022,-7.74143,-3.798,-0.0630347,0.0163555,0.833581,-0.548545
-14.8864,-7.71096,-3.54908,-0.0569256,0.00665745,0.833981,-0.548809
-14.7881,-7.82305,-3.32136,-0.0505222,0.0062062,0.832409,-0.551818
-14.7971,-7.6946,-3.16082,-0.0464092,0.004535,0.834929,-0.548378
-14.7733,-7.55143,-3.19272,-0.048088,0.00249296,0.837222,-0.54474
-14.7363,-7.50418,-3.04894,0.0440353,-0.00220698,-0.83852,0.543084
-14.6778,-7.46306,-2.99767,0.0422661,-0.00322929,-0.839556,0.541616
-14.6921,-7.25167,-3.02102,0.0419158,-0.0112683,-0.843898,0.534745
-14.7471,-7.07169,-2.74545,-0.033416,0.0117565,0.847808,-0.529119
-14.7025,-6.98009,-2.79098,-0.0354271,0.00842125,0.849162,-0.526875
-14.6759,-6.87128,-2.77763,-0.0356116,0.00694593,0.851068,-0.5238
-14.4692,-7.10485,-2.85659,-0.0380948,0.0108129,0.846989,-0.530133
-14.2316,-7.36075,-2.99827,-0.0427784,0.0106085,0.841915,-0.537806
-13.9895,-7.66832,-2.98619,-0.0420692,0.0135835,0.836313,-0.546467
-13.8173,-7.77456,-3.14977,-0.0470769,0.013997,0.833781,-0.549907
-13.7762,-7.76345,-3.00277,-0.0429984,0.0073124,0.833947,-0.550118
-13.6511,-7.78426,-3.16076,-0.0480139,0.00948685,0.833166,-0.550852
-13.7163,-7.52116,-3.14387,-0.0483489,0.00339285,0.8379,-0.543667
-13.7259,-7.32103,-3.225,-0.0518396,-0.00118124,0.841217,-0.538206
-13.7591,-7.26679,-2.82331,0.0392074,0.000310945,-0.843736,0.535323
-13.682,-7.25065,-2.86834,0.0402387,-0.00265029,-0.844337,0.534293
-13.6426,-7.0814,-3.12409,0.0479055,-0.00811122,-0.847384,0.528752
-13.6443,-6.97218,-3.03109,-0.0453054,0.00439296,0.849634,-0.525405
-13.5159,-7.06091,-3.07103,-0.0469083,0.00545784,0.848025,-0.527848
-13.4248,-7.1289,-2.95831,-0.0443611,-0.000230335,0.84669,-0.530234
-13.2901,-7.2638,-2.84845,-0.0410626,0.00335859,0.844603,-0.533805
-13.1158,-7.39908,-2.91253,0.0435963,-0.000254493,-0.841376,0.538689
-12.898,-7.62282,-2.938,0.0440637,-0.00463321,-0.836958,0.545471
-12.7879,-7.64722,-2.99272,0.0459941,-0.00309167,-0.836037,0.546733
-12.7265,-7.62383,-2.95913,0.0452847,0.00222655,-0.836137,0.546644
-12.5909,-7.73965,-2.88151,0.042876,-0.00292844,-0.834227,0.549744
-12.5999,-7.56328,-2.92011,0.0446954,-0.00345094,-0.837803,0.544129
-12.5826,-7.46865,-2.85427,0.0430813,0.000283554,-0.839757,0.54125
-12.4886,-7.52935,-2.72945,0.0389214,0.00120164,-0.838915,0.542868
-12.4959,-7.36552,-2.75798,0.0397543,0.00200285,-0.842365,0.537436
-12.4227,-7.34339,-2.79312,0.0408292,0.000408664,-0.842916,0.536493
-12.3832,-7.30108,-2.71419,0.0383059,0.000651691,-0.844055,0.534885
-12.254,-7.39247,-2.67833,0.0375863,0.000886172,-0.842132,0.53796
-12.0702,-7.5547,-2.66654,0.0376667,-0.00286795,-0.838708,0.543269
-11.9248,-7.65918,-2.60673,0.0359112,-0.00535711,-0.836448,0.546843
-11.7172,-7.80674,-2.70162,0.0394331,0.00110556,-0.831979,0.553403
-11.6549,-7.74243,-2.75547,0.041475,0.0115703,-0.832135,0.552899
-11.5994,-7.77658,-2.48505,0.0319365,0.0135013,-0.831905,0.553833
-11.5086,-7.79325,-2.44021,0.0305454,0.00990145,-0.831754,0.554215
-11.4953,-7.66404,-2.4913,0.0328274,0.00666461,-0.834732,0.549636
-11.4095,-7.60294,-2.68131,0.0401035,0.00164041,-0.835891,0.547426
-11.3345,-7.58816,-2.68196,0.0402496,-0.00162923,-0.836591,0.546345
-11.3017,-7.45523,-2.8314,0.0454461,-0.00638431,-0.839636,0.541206
-11.2542,-7.41698,-2.79091,-0.0438006,0.013451,0.841252,-0.538698
-11.2257,-7.37588,-2.68054,-0.0398381,0.014404,0.842683,-0.53674
-11.1022,-7.43632,-2.69682,-0.0409716,0.0155745,0.841261,-0.538849
-10.9529,-7.53278,-2.69714,-0.0417162,0.015951,0.838863,-0.542507
-10.8189,-7.59788,-2.69356,-0.0421932,0.0184307,0.837234,-0.544903
-10.723,-7.57978,-2.75904,-0.0447819,0.0149094,0.836928,-0.545274
-10.6304,-7.55859,-2.83404,-0.0475019,0.0102578,0.836602,-0.545651
-10.5859,-7.50841,-2.81127,-0.0466545,0.0080082,0.837603,-0.544225
-10.5217,-7.5112,-2.72631,-0.0436213,0.00839805,0.837758,-0.544232
-10.571,-7.3147,-2.73729,-0.0444759,0.00828184,0.842573,-0.536678
-10.487,-7.22897,-2.9773,-0.0543442,0.00625773,0.843607,-0.534167
-10.3753,-7.30751,-2.89809,-0.0516407,0.00391661,0.84198,-0.537017
-10.2277,-7.43536,-2.81734,-0.048572,0.00793915,0.839581,-0.541
-10.0947,-7.51512,-2.80301,-0.0483175,0.0156262,0.838272,-0.542882
-10.0183,-7.53943,-2.71816,-0.0449499,0.0121955,0.837809,-0.543974
-9.93628,-7.55261,-2.67785,-0.0439357,0.0146182,0.837801,-0.544008
-9.77638,-7.6737,-2.60872,-0.0422644,0.0191814,0.834962,-0.548347
-9.66452,-7.68319,-2.64993,-0.0447047,0.0197466,0.834249,-0.549217
-9.58425,-7.64979,-2.67914,-0.0461336,0.0172778,0.834445,-0.548885
-9.42919,-7.71051,-2.71921,-0.0479745,0.0186631,0.832223,-0.552046
-9.34722,-7.66426,-2.8122,-0.0515545,0.0143468,0.832418,-0.551559
-9.34326,-7.59224,-2.70309,-0.046737,0.00851931,0.834265,-0.549313
-9.25718,-7.60408,-2.64354,-0.0452222,0.0126179,0.83419,-0.549474
-9.30422,-7.42644,-2.63818,-0.0453423,0.00923555,0.838821,-0.542436
-9.28831,-7.33131,-2.63297,-0.0451958,0.00463885,0.841108,-0.538956
-9.23345,-7.253,-2.72998,-0.049601,0.00847378,0.843198,-0.535243
-9.27039,-7.03992,-2.85489,-0.05426,0.00185,0.84804,-0.527143
-9.19128,-7.07235,-2.74178,-0.0499544,0.00683948,0.848141,-0.527366
-9.18154,-7.06359,-2.46884,-0.0383523,0.0043986,0.84938,-0.526368
-9.06191,-7.15871,-2.30471,-0.0319923,0.00526267,0.847302,-0.530121
-8.90662,-7.23772,-2.32233,-0.0337197,0.0077052,0.844898,-0.533808
-8.804,-7.21335,-2.43519,-0.0389901,0.00651344,0.844714,-0.533755
-8.63146,-7.28424,-2.51612,-0.0426354,0.00632984,0.841818,-0.538037
-8.43704,-7.38961,-2.57839,-0.0455483,0.00790466,0.83804,-0.543647
-8.29653,-7.45151,-2.58325,-0.0458786,0.00717055,0.835673,-0.547261
-8.18187,-7.49291,-2.55303,-0.0447076,0.00556131,0.834063,-0.549826
-8.11399,-7.47611,-2.53077,-0.0447114,0.00758602,0.834634,-0.548935
-8.09353,-7.39575,-2.5418,-0.0454802,0.00422345,0.836815,-0.545577
-7.99921,-7.44139,-2.43739,0.0416872,-0.00976933,-0.836413,0.546425
-7.92114,-7.3743,-2.62148,0.0503807,-0.0109307,-0.8378,0.543538
-7.91329,-7.28776,-2.62541,0.050581,-0.0112467,-0.840772,0.538903
-7.86342,-7.31181,-2.44215,-0.042501,0.0130863,0.841193,-0.538904
-7.72553,-7.42247,-2.27742,-0.0358039,0.0150349,0.838413,-0.54365
-7.60524,-7.47506,-2.21865,-0.0333915,0.0123709,0.836612,-0.546637
-7.43427,-7.54073,-2.27657,-0.0372143,0.0140657,0.833932,-0.550431
-7.26538,-7.58251,-2.38625,-0.0428875,0.0134908,0.831447,-0.553782
-7.08632,-7.68034,-2.34079,-0.0408842,0.013972,0.827776,-0.559393
-6.97281,-7.71538,-2.30153,-0.0386147,0.0119573,0.826229,-0.561883
-6.87784,-7.72222,-2.30661,-0.0377847,0.00582459,0.825207,-0.563534
-6.75752,-7.75711,-2.29313,-0.0381884,0.00768606,0.823865,-0.565446
-6.68881,-7.73586,-2.31207,-0.0404512,0.00998006,0.82474,-0.563975
-6.63459,-7.70143,-2.33306,-0.0411374,0.00582322,0.825715,-0.562555
-6.53896,-7.74862,-2.19989,-0.0348857,0.00764226,0.824923,-0.564116
-6.48611,-7.7298,-2.17134,-0.0337321,0.00932616,0.826148,-0.562365
-6.51487,-7.65802,-2.07112,-0.0274194,0.00500086,0.829406,-0.557951
-6.46848,-7.6402,-2.0117,-0.0242935,0.00368291,0.83028,-0.556805
-6.36236,-7.65047,-2.03869,-0.0264073,0.00388398,0.829462,-0.557925
-6.23572,-7.66584,-2.08649,-0.0307676,0.00822927,0.828384,-0.559254
-6.11035,-7.66172,-2.18065,-0.035831,0.00700267,0.827157,-0.560784
-5.92628,-7.72033,-2.2197,-0.0376963,0.00627229,0.823431,-0.566129
-5.80179,-7.73179,-2.266,-0.0396659,0.00457149,0.821716,-0.568497
-5.74391,-7.71668,-2.2336,-0.0368879,0.00101926,0.821815,-0.568559
-5.64185,-7.7239,-2.24537,-0.0392626,0.00465203,0.82122,-0.56924
-5.62744,-7.66605,-2.25499,-0.0406112,0.00482664,0.823665,-0.565599
-5.50208,-7.69375,-2.27148,-0.0425769,0.00584219,0.822201,-0.567573
-5.41496,-7.70624,-2.23889,-0.041469,0.00787989,0.822135,-0.567725
-5.36996,-7.65594,-2.31843,-0.0456602,0.00772298,0.824075,-0.564585
-5.31665,-7.6459,-2.28028,-0.0453906,0.0131203,0.825391,-0.562581
-5.3409,-7.60594,-2.1435,-0.0367569,0.0103827,0.828237,-0.559075
-5.27287,-7.60424,-2.10493,-0.0349453,0.00947043,0.828373,-0.559006
-5.15674,-7.62782,-2.08,-0.0347782,0.0105435,0.827,-0.561026
-5.04016,-7.635,-2.09551,-0.0374974,0.0133077,0.826055,-0.562183
-4.88352,-7.64708,-2.18291,-0.0424669,0.0115733,0.823588,-0.565478
-4.71782,-7.69794,-2.15374,-0.0416394,0.01387,0.820336,-0.570195
-4.62828,-7.67961,-2.20301,-0.0430318,0.00961877,0.819686,-0.571113
-4.59712,-7.63965,-2.20184,-0.0407984,0.0038697,0.820735,-0.569837
-4.54961,-7.62203,-2.15203,-0.0392276,0.00577868,0.82167,-0.568583
-4.57546,-7.54695,-2.14682,-0.0390776,0.00449524,0.825472,-0.563071
-4.53497,-7.51418,-2.15533,0.0384656,-0.000176514,-0.826567,0.561522
-4.51093,-7.47697,-2.15464,0.0361418,0.0047715,-0.828149,0.559321
-4.49973,-7.4065,-2.24706,0.0440259,-0.000623484,-0.831809,0.553313
-4.46503,-7.38018,-2.23905,0.0439343,-0.00158881,-0.833373,0.55096
-4.46478,-7.33932,-2.19225,0.0407973,-0.000553627,-0.83586,0.547424
-4.39561,-7.35182,-2.09481,0.0360819,-0.00234411,-0.83575,0.547918
-4.2988,-7.36214,-2.04528,0.0353322,-0.00589726,-0.835178,0.548811
-4.24,-7.32434,-2.07632,-0.0375592,0.00506892,0.836198,-0.547116
-4.10528,-7.30083,-2.21319,-0.0456536,0.002208,0.834821,-0.548621
-3.98898,-7.30192,-2.23291,-0.046056,0.000307286,0.833332,-0.550851
-3.92838,-7.31291,-2.1182,0.038617,-0.00121342,-0.833286,0.55149
-3.86539,-7.31702,-2.03933,0.0324835,0.000631934,-0.833069,0.552215
-3.85111,-7.27028,-2.05371,0.0323926,0.00405054,-0.835267,0.548874
-3.83203,-7.22203,-2.09651,0.0330169,0.0101585,-0.837262,0.545709
-3.71708,-7.25384,-2.05357,0.0304818,0.00995132,-0.835785,0.548119
-3.60785,-7.28193,-2.02217,0.0305856,0.00493937,-0.835118,0.549197
-3.49345,-7.32454,-1.95495,0.0299318,-0.00337876,-0.83418,0.550668
-3.38596,-7.34129,-1.97495,0.0307806,-0.00283591,-0.832935,0.552507
-3.28404,-7.36997,-1.92789,0.0290834,-0.00552038,-0.831797,0.55429
-3.16189,-7.3845,-1.95134,0.0317678,-0.005524,-0.830113,0.556662
-3.02693,-7.41629,-1.90471,-0.0307774,0.00774347,0.827831,-0.560079
-2.90748,-7.41625,-1.93876,-0.0323218,0.00488664,0.826238,-0.562371
-2.72104,-7.45148,-1.9342,-0.0362678,0.0109522,0.822769,-0.567111
-2.58523,-7.46417,-1.94009,-0.0366325,0.0110438,0.820581,-0.570248
-2.53379,-7.42841,-2.01578,-0.038412,0.00504764,0.821391,-0.569047
-2.451,-7.43318,-1.98121,-0.0344482,0.00296085,0.820643,-0.570394
-2.4005,-7.42847,-1.93356,-0.0307369,0.00200288,0.821333,-0.569617
-2.40816,-7.38933,-1.95118,0.0305002,0.00151349,-0.824631,0.564846
-2.41403,-7.36907,-1.91093,0.0271777,0.00202663,-0.827844,0.560295
-2.38073,-7.35425,-1.91879,0.0286804,0.000207922,-0.830161,0.556785
-2.39732,-7.31831,-1.94996,0.0324594,-0.00247995,-0.834546,0.549976
-2.32878,-7.32183,-1.93157,0.0332542,-0.00568698,-0.835159,0.548972
-2.32696,-7.29623,-1.93771,0.0309558,-0.00196532,-0.83763,0.545356
-2.23833,-7.2918,-1.96286,0.0320053,0.000729262,-0.837085,0.546136
-2.12246,-7.31756,-1.87676,0.0282472,-0.0022147,-0.835495,0.548767
-1.99222,-7.33204,-1.82932,0.0251378,-0.00244929,-0.833303,0.552239
-1.80106,-7.35208,-1.82346,0.0266359,-0.0047491,-0.829257,0.558212
-1.67894,-7.34592,-1.85029,-0.0300291,0.00615206,0.827883,-0.560063
-1.68889,-7.29768,-1.92362,-0.0300397,-0.00118566,0.830752,-0.55583
-1.62575,-7.28966,-1.90892,-0.0274185,-0.00320319,0.830803,-0.555882
-1.59518,-7.28672,-1.83925,0.0232071,0.00180299,-0.832271,0.553879
-1.61507,-7.2472,-1.87905,0.0252676,0.00455946,-0.836141,0.547913
-1.5794,-7.24545,-1.83803,0.0237507,0.00239381,-0.837938,0.545242
-1.49281,-7.25935,-1.79905,0.0212536,0.000291426,-0.837809,0.545549
-1.403,-7.26536,-1.7997,0.028571,-0.00753761,-0.838615,0.543922
-1.21279,-7.3152,-1.68014,0.0215956,-0.0119284,-0.833894,0.551372
-1.14068,-7.33474,-1.5872,0.0110208,-0.0107361,-0.833224,0.552722
-1.03521,-7.32719,-1.63908,-0.0127437,0.00660862,0.832116,-0.554416
-0.925462,-7.31481,-1.69443,-0.0147903,0.00215651,0.830898,-0.556223
-0.785935,-7.31589,-1.68228,-0.0164033,0.0038757,0.828925,-0.559106
-0.589115,-7.31283,-1.70057,-0.0211804,0.00591309,0.824987,-0.564723
-0.467662,-7.29711,-1.74617,-0.0236486,0.00434371,0.82358,-0.566689
-0.420745,-7.27871,-1.78079,-0.023706,0.00155856,0.824682,-0.565098
-0.380542,-7.26291,-1.80636,0.0205996,0.00319863,-0.825556,0.563936
-0.343783,-7.25523,-1.79444,0.0216582,0.00193687,-0.827296,0.561345
-0.363403,-7.24105,-1.80934,0.0231971,0.00281027,-0.83126,0.555392
-0.317078,-7.23646,-1.81441,0.0254569,0.00214706,-0.832813,0.552965
-0.264803,-7.23889,-1.80818,0.0279416,-0.000604001,-0.834371,0.550494
-0.272917,-7.23367,-1.82632,0.0307395,-0.00182407,-0.838174,0.544532
-0.271577,-7.23246,-1.81824,0.0294334,-0.00190533,-0.841038,0.540172
-0.331704,-7.22373,-1.82576,0.0241863,0.0023527,-0.845559,0.533328
-0.283939,-7.21389,-1.85015,0.0242249,0.0051531,-0.846401,0.53197
-0.201456,-7.20731,-1.85334,0.0253008,0.00568286,-0.846203,0.53223
-0.111597,-7.20326,-1.82906,0.0259243,0.00400414,-0.845844,0.532785
0.0370103,-7.18819,-1.84512,0.0295454,0.0032024,-0.843489,0.536324
0.17508,-7.16409,-1.89437,0.0354047,0.00337989,-0.841676,0.53881
0.283741,-7.15047,-1.90044,0.0343017,0.00446568,-0.840243,0.541105
0.368237,-7.13727,-1.91048,0.0316431,0.00693869,-0.839505,0.542385
0.415023,-7.13021,-1.8985,0.0308296,0.00722399,-0.840515,0.540861
0.403575,-7.13222,-1.87947,0.0294726,0.00724901,-0.843854,0.535713
0.500064,-7.12287,-1.90078,0.0344013,0.00714152,-0.843574,0.535863
0.566557,-7.12543,-1.90077,0.0381392,0.00510247,-0.844598,0.534016
0.575857,-7.13094,-1.91222,0.039871,0.00445344,-0.847572,0.529162
0.665524,-7.14256,-1.86111,0.0411558,-0.000591426,-0.847481,0.529227
0.709428,-7.13988,-1.8705,0.0388004,0.00146226,-0.848421,0.527895
0.809251,-7.13109,-1.86556,0.0393611,0.00163454,-0.847546,0.529258
0.972492,-7.11579,-1.82887,0.0410515,-0.000779563,-0.844455,0.534051
1.09611,-7.09709,-1.80052,0.0395863,-0.00139242,-0.842593,0.537092
1.29896,-7.05121,-1.80961,0.0444446,-0.00221374,-0.838152,0.543618
1.42857,-7.04233,-1.71658,0.0399946,-0.00770377,-0.835999,0.547217
1.46489,-7.01288,-1.79702,0.0393204,-0.00115528,-0.837159,0.545544
1.52822,-7.01128,-1.74349,0.0345152,-0.00304541,-0.83725,0.545722
1.56488,-7.0143,-1.69876,0.0318606,-0.00452797,-0.838516,0.543926
1.57825,-6.99799,-1.78651,0.0366231,0.00145951,-0.841091,0.539651
1.65374,-6.99542,-1.77438,0.0354841,0.0018099,-0.841158,0.539621
1.74876,-6.99276,-1.7559,0.0369284,0.00014075,-0.840895,0.539937
1.71598,-7.02371,-1.7403,0.0351164,-0.00104536,-0.845449,0.532899
1.73439,-7.05372,-1.66917,0.0313289,-0.00535992,-0.847792,0.529375
1.75828,-7.06125,-1.69599,0.0254084,-0.00148732,-0.849259,0.527363
1.85018,-7.05293,-1.70834,0.0274421,-0.000611354,-0.848805,0.527993
2.01463,-7.03351,-1.66833,0.0285208,-0.0027094,-0.845653,0.532964
2.14838,-7.01354,-1.65857,0.0272924,-0.00220658,-0.843518,0.536402
2.33032,-6.96727,-1.67529,0.0312971,-0.00159183,-0.839995,0.541688
2.52992,-6.93084,-1.60629,0.0279484,-0.00570934,-0.835298,0.549057
2.60803,-6.91327,-1.64818,0.0283422,-0.00288715,-0.835368,0.548952
2.70404,-6.89351,-1.67251,0.0258319,-0.00061048,-0.834476,0.550437
2.81389,-6.87653,-1.6567,0.0307446,-0.00201424,-0.833797,0.551211
2.84979,-6.89426,-1.64708,0.0328886,-0.00235979,-0.836028,0.547694
2.94178,-6.89775,-1.61945,0.0330518,-0.00358444,-0.835986,0.547743
3.078,-6.88123,-1.61249,0.0296243,-0.0032816,-0.833928,0.551067
3.11784,-6.91188,-1.59372,0.0254322,-0.00452276,-0.835826,0.548387
3.18254,-6.93264,-1.55295,-0.0229912,0.00717226,0.836711,-0.547115
3.20262,-6.95941,-1.58114,-0.0193409,0.00473071,0.838958,-0.543831
3.33571,-6.92722,-1.61842,-0.0210856,0.00161413,0.836956,-0.546862
3.50372,-6.88496,-1.60699,0.0213878,-0.00133191,-0.833669,0.551849
3.65667,-6.84902,-1.58685,0.0188384,-0.00170055,-0.830905,0.556092
3.82337,-6.80613,-1.56117,0.0206298,-0.00362989,-0.828044,0.560272
4.00793,-6.7421,-1.57264,0.0262078,-0.00356132,-0.824454,0.56531
4.1303,-6.70042,-1.63086,0.0251206,0.000172875,-0.822566,0.568114
4.25208,-6.66643,-1.64078,0.0269313,0.000968112,-0.821004,0.570286
4.32182,-6.66658,-1.6487,0.0284892,0.00194183,-0.821684,0.569227
4.40583,-6.66407,-1.65113,0.0346177,0.00258156,-0.82223,0.568096
4.49258,-6.66302,-1.66296,0.0397668,0.00357876,-0.822616,0.567193
4.57224,-6.66597,-1.68936,0.0470973,0.00497043,-0.823473,0.565375
4.6623,-6.68235,-1.59785,0.0490986,-0.000950833,-0.823695,0.564903
4.69876,-6.69606,-1.66651,0.0458056,0.00328654,-0.825364,0.56273
4.78276,-6.69416,-1.63537,0.0407079,0.00190766,-0.825097,0.563519
4.91132,-6.6551,-1.59854,0.040873,0.000818964,-0.823238,0.566223
5.02244,-6.62983,-1.53826,0.0411569,-0.00193115,-0.822256,0.567624
5.16062,-6.5626,-1.57337,0.0454463,0.000827418,-0.820156,0.570331
5.30328,-6.50483,-1.53712,0.0481439,-0.00118893,-0.817826,0.573446
5.38277,-6.4792,-1.57831,0.0482333,0.00136439,-0.817753,0.573543
5.4815,-6.44418,-1.59516,0.0441616,0.00234867,-0.816558,0.575567
5.55251,-6.44043,-1.58022,0.0427567,0.00208757,-0.816856,0.575251
5.57234,-6.48011,-1.60424,0.0434,0.00431447,-0.819634,0.571225
5.6226,-6.49271,-1.66028,0.0444804,0.00837301,-0.821034,0.569081
5.70938,-6.50456,-1.61529,0.0450946,0.00579456,-0.821285,0.568703
5.73319,-6.57052,-1.57856,0.0465217,0.00326268,-0.82431,0.564214
5.81639,-6.59042,-1.4767,0.0450227,-0.00286647,-0.824441,0.564146
5.8404,-6.62525,-1.54126,0.0432481,0.000758431,-0.826609,0.561112
5.95921,-6.58976,-1.51457,0.0433623,0.000120192,-0.824896,0.563619
6.11792,-6.53209,-1.39,0.0444774,-0.00566362,-0.821742,0.568094
6.21972,-6.5044,-1.36766,0.0452484,-0.00596972,-0.820949,0.569175
6.37616,-6.42036,-1.37079,0.046492,-0.00518122,-0.817828,0.573558
6.49723,-6.37646,-1.34487,-0.0486431,0.00623567,0.816329,-0.575501
6.53012,-6.39624,-1.45099,-0.0512415,-0.000281722,0.818493,-0.572227
6.60637,-6.36968,-1.57273,-0.0458439,-0.00641526,0.818172,-0.573107
6.6854,-6.37524,-1.53353,0.0427902,0.00421697,-0.81821,0.573309
6.73024,-6.41743,-1.52663,0.0451972,0.00490133,-0.820101,0.57041
6.79186,-6.44118,-1.55434,0.0443012,0.00667421,-0.821041,0.569109
6.85095,-6.48717,-1.51796,0.0400421,0.00351594,-0.822218,0.567751
6.83793,-6.59431,-1.52386,0.0378157,0.00278747,-0.826332,0.561905
6.84865,-6.66225,-1.54767,0.0352542,0.00337412,-0.829025,0.558089
6.83615,-6.75016,-1.55826,0.0295685,0.00278627,-0.83235,0.553454
6.8617,-6.7987,-1.5404,0.0313061,0.00267405,-0.834453,0.550183
6.88151,-6.8657,-1.43998,0.0334196,-0.00172371,-0.837026,0.546139
6.89953,-6.92293,-1.37601,0.0379994,-0.00376022,-0.839677,0.541741
6.9446,-6.96154,-1.26509,0.0413584,-0.00895087,-0.841297,0.538914
6.94428,-7.01993,-1.30898,0.042188,-0.00683959,-0.844347,0.534089
6.86461,-7.14185,-1.41185,0.0385605,-0.00251371,-0.849946,0.525451
6.81092,-7.23732,-1.50639,0.0331157,0.00119153,-0.854295,0.518732
6.7305,-7.37029,-1.51655,0.0307864,0.00135877,-0.859687,0.50989
6.62091,-7.53688,-1.49381,0.0331678,0.000732813,-0.866185,0.49862
6.49481,-7.70207,-1.5553,0.0364004,0.00442153,-0.87289,0.486538
6.38377,-7.88044,-1.46278,0.0383906,-0.000441255,-0.879057,0.475168
6.22,-8.07566,-1.47262,0.0408097,-0.000304001,-0.886344,0.461226
6.09448,-8.23917,-1.40399,0.0394818,-0.0044194,-0.89202,0.450246
5.89464,-8.42338,-1.47472,0.031023,-0.00264255,-0.899051,0.436734
5.80192,-8.53534,-1.44815,0.0294643,-0.00398339,-0.903187,0.428217
5.71065,-8.63719,-1.42457,0.0271787,-0.00514453,-0.907108,0.419988
5.60544,-8.74761,-1.35004,0.0295053,-0.00829833,-0.911417,0.41034
5.5512,-8.80373,-1.39643,-0.0381371,0.00484889,0.914526,-0.402696
5.51454,-8.86943,-1.26874,-0.0418084,0.0109281,0.91703,-0.39647
5.38109,-8.96733,-1.29793,-0.0450993,0.00952135,0.921504,-0.385624
5.16942,-9.10021,-1.35299,-0.0391356,0.00805951,0.927277,-0.372237
4.92392,-9.24062,-1.41561,-0.0337127,0.0059702,0.933364,-0.357295
4.63631,-9.3933,-1.46659,-0.0274605,0.0043103,0.939836,-0.340493
4.37243,-9.52454,-1.52921,-0.0250073,0.00158616,0.945575,-0.324439
4.18072,-9.62637,-1.54215,-0.0271744,0.000799705,0.949914,-0.311327
3.97964,-9.71754,-1.64613,-0.0335422,-0.00428266,0.95425,-0.297092
3.79058,-9.80172,-1.73825,0.038291,0.00836556,-0.958155,0.283555
3.63925,-9.88767,-1.6975,0.0399077,0.00596434,-0.961328,0.272435
3.54518,-9.93762,-1.72771,0.0362144,0.00702633,-0.963509,0.26512
3.47593,-9.97555,-1.77421,0.031228,0.00895167,-0.965251,0.259299
3.51865,-9.97661,-1.8001,0.0316845,0.0106362,-0.965524,0.25816
3.59342,-9.97179,-1.78506,0.0343676,0.010614,-0.965446,0.25811
3.70263,-9.96076,-1.71507,0.0383441,0.00811369,-0.96499,0.259343
3.82143,-9.93896,-1.6837,0.0424416,0.00724777,-0.964419,0.26085
3.96722,-9.9164,-1.58306,0.0456123,0.00278844,-0.963487,0.263825
4.03402,-9.90598,-1.59397,0.049547,0.0037462,-0.963508,0.263026
4.07094,-9.90635,-1.62674,0.0442632,0.00477585,-0.964009,0.262115
4.0712,-9.91876,-1.68368,0.0443499,0.00762598,-0.96493,0.258621
4.02899,-9.95608,-1.70297,0.0432401,0.00853453,-0.966432,0.253115
4.12498,-9.94945,-1.675,0.0439558,0.00785022,-0.966182,0.253967
4.22895,-9.94894,-1.61475,0.0410974,0.00499643,-0.965895,0.255603
4.34949,-9.91976,-1.71475,0.0445701,0.010195,-0.965331,0.256994
4.45437,-9.92176,-1.63091,0.0435096,0.00619102,-0.965016,0.258479
4.59697,-9.89613,-1.59163,0.0361125,0.00351105,-0.964159,0.262833
4.75756,-9.85191,-1.60373,0.0346382,0.00429732,-0.962967,0.267351
5.00932,-9.75436,-1.63905,0.0340157,0.00675477,-0.960451,0.27628
5.27011,-9.65868,-1.55609,0.0326797,0.00360916,-0.957766,0.285663
5.53412,-9.53488,-1.59153,0.0310115,0.00556342,-0.954893,0.295274
5.91131,-9.35523,-1.4866,0.0385961,0.00290333,-0.950153,0.309373
6.23556,-9.18343,-1.47167,0.0448505,0.00424026,-0.945905,0.3213
6.52404,-9.01328,-1.54418,0.0446882,0.00825204,-0.942019,0.332467
6.85882,-8.81282,-1.53894,0.0379526,0.00693846,-0.937043,0.347075
7.13413,-8.64303,-1.55523,0.0352941,0.00787955,-0.932952,0.35818
7.34649,-8.53124,-1.51899,0.0353035,0.00704596,-0.93013,0.36546
7.48037,-8.48662,-1.48954,0.0329801,0.00541715,-0.928914,0.368784
7.6268,-8.4295,-1.49647,0.0372409,0.00738025,-0.927504,0.371879
7.85419,-8.32042,-1.37507,0.0414266,0.00326447,-0.924324,0.379339
8.18167,-8.105,-1.21418,0.0454344,-0.00208213,-0.918474,0.392858
8.43479,-7.9174,-1.26873,0.0442951,0.000729601,-0.913992,0.403307
8.7644,-7.63717,-1.25763,0.0452047,0.0018766,-0.907176,0.418311
9.12388,-7.29499,-1.23887,0.0423668,0.00122803,-0.898917,0.436063
9.46847,-6.94483,-1.16598,0.0396933,-0.00214939,-0.890408,0.453423
9.75001,-6.63414,-1.21035,0.0413374,0.00161598,-0.883346,0.466893
10.1055,-6.2059,-1.09274,0.0487306,0.000697061,-0.873034,0.485218
10.4152,-5.79361,-1.02863,0.0541307,0.0016253,-0.863174,0.501993
10.7151,-5.33515,-1.08617,0.0510684,0.00393966,-0.85235,0.520458
11.0132,-4.83732,-1.06687,0.0474822,0.00229055,-0.840162,0.540248
11.2299,-4.45936,-1.12026,0.0430591,0.00339561,-0.831012,0.554575
11.4401,-4.07269,-1.13825,0.0414605,0.00460195,-0.821456,0.568744
11.634,-3.71,-1.11456,0.0396518,0.00330522,-0.812224,0.581988
11.8127,-3.37406,-1.05959,0.0427995,0.00360053,-0.803661,0.593536
11.9769,-3.04658,-1.02514,0.0463295,0.00507267,-0.795294,0.60443
12.1683,-2.57044,-0.854996,0.0476828,-0.00178318,-0.782555,0.62075
12.3328,-2.03502,-0.892336,0.0440597,-0.00176682,-0.768548,0.638271
12.4814,-1.41542,-0.90444,0.041281,-0.00222749,-0.751994,0.657872
12.5967,-0.765074,-0.961736,0.0384116,-0.000241359,-0.734435,0.677591
12.6773,-0.108721,-1.03122,0.0352531,0.00202449,-0.716419,0.696776
12.7338,0.576494,-0.927782,0.0375913,-7.23644E-05,-0.697085,0.716002
12.7546,1.27122,-0.802185,0.0419103,-0.00161414,-0.677159,0.734641
12.7264,2.03846,-0.640538,-0.0441787,0.00784493,0.654307,-0.754896
12.6619,2.72796,-0.463068,-0.0505161,0.0102233,0.633332,-0.772161
12.5373,3.46436,-0.434183,-0.0517316,0.00909771,0.610366,-0.790376
12.3192,4.32053,-0.62598,-0.0417792,0.0087244,0.582454,-0.811742
12.0854,5.05757,-0.715867,-0.0375536,0.00731342,0.557335,-0.829405
11.8257,5.73408,-0.837057,-0.0323855,0.00537384,0.533145,-0.845387
11.5165,6.42377,-0.808569,-0.0312422,0.00813789,0.507087,-0.86129
11.1957,7.05238,-0.748229,-0.0329195,0.00917359,0.482328,-0.875324
10.8267,7.68783,-0.601222,-0.0377925,0.0117882,0.456049,-0.889074
10.3815,8.34342,-0.430994,-0.0401587,0.0216443,0.426941,-0.903128
9.83808,9.01754,-0.484687,-0.0355949,0.0268585,0.395141,-0.917538
9.31078,9.59164,-0.590066,-0.032719,0.0238514,0.366502,-0.929536
8.56732,10.2801,-0.670771,-0.0292833,0.0250913,0.328808,-0.943609
7.76083,10.9142,-0.744311,-0.0266108,0.0255142,0.290177,-0.956263
6.89316,11.4954,-0.733846,-0.0272042,0.0266482,0.250448,-0.967381
5.91316,12.0354,-0.820551,-0.023335,0.0316182,0.207183,-0.977513
4.84154,12.508,-0.925421,-0.0193758,0.0374932,0.161498,-0.98597
3.85246,12.8489,-1.02877,-0.0161554,0.0430565,0.12015,-0.99169
2.95898,13.086,-1.06672,-0.0156595,0.0483969,0.0833761,-0.995219
2.02219,13.2637,-1.02097,-0.0189818,0.0494832,0.0459963,-0.997535
0.996817,13.3655,-1.05618,-0.0195807,0.0455364,0.00588213,-0.998753
-0.085802,13.3713,-1.21537,-0.0153037,0.0401248,-0.0364064,-0.998414
-0.955329,13.3143,-1.22343,-0.0159547,0.0385342,-0.0709186,-0.99661
-1.75352,13.1975,-1.30175,-0.0135119,0.0327303,-0.102762,-0.994075
-2.40778,13.0589,-1.32371,-0.0131524,0.0318354,-0.129846,-0.990936
-2.93529,12.9201,-1.27145,-0.0159882,0.0344275,-0.15256,-0.987565
-3.4413,12.75,-1.35801,-0.0142036,0.0397617,-0.175235,-0.983621
-3.98731,12.5369,-1.49169,-0.0111517,0.0473562,-0.200016,-0.978584
-4.63771,12.2631,-1.5107,-0.0116533,0.0469061,-0.228239,-0.972405
-5.24321,11.9638,-1.55317,-0.0105532,0.0435701,-0.255013,-0.965898
-5.88135,11.6084,-1.57627,-0.0107831,0.0444061,-0.284101,-0.957705
-6.49837,11.2147,-1.63709,-0.00911125,0.043377,-0.313068,-0.948696
-7.08644,10.7823,-1.76902,-0.0062006,0.0481304,-0.342413,-0.938295
-7.62756,10.3463,-1.83112,-0.00755707,0.0570284,-0.370577,-0.927018
-8.12598,9.90488,-1.84722,-0.00937958,0.0597501,-0.396769,-0.915924
-8.54467,9.49771,-1.80547,-0.0123566,0.0593917,-0.419362,-0.90579
-9.02992,8.9585,-1.86175,-0.00860859,0.0508529,-0.445881,-0.893605
-9.39903,8.47062,-1.98242,-0.00365658,0.0487557,-0.468597,-0.882058
-9.61297,8.13541,-2.01799,-0.00195403,0.0475581,-0.483738,-0.873917
-9.80239,7.8192,-1.97631,-0.00301354,0.0454274,-0.497705,-0.866151
-9.91933,7.54474,-2.05582,0.00158113,0.0419336,-0.508908,-0.859797
-9.94387,7.39141,-2.11786,0.00266432,0.0449956,-0.515635,-0.855622
-9.94657,7.25065,-2.24013,0.00900601,0.0421232,-0.52089,-0.852536
-9.94746,7.1427,-2.26054,0.00906809,0.0438167,-0.525756,-0.849457
-9.95051,7.00803,-2.35347,0.0136335,0.0429107,-0.531038,-0.846151
-9.98404,6.87863,-2.26783,0.0099824,0.0433355,-0.537167,-0.842303
-10.0106,6.72381,-2.2772,0.00994382,0.0450837,-0.544075,-0.837765
-10.028,6.58879,-2.26939,0.0101962,0.0439231,-0.550112,-0.833873
-10.0517,6.40841,-2.35733,0.0121163,0.047556,-0.558043,-0.828359
-10.0545,6.30176,-2.32654,0.00956058,0.0493987,-0.563285,-0.824729
-10.0568,6.21569,-2.23013,0.00641059,0.0464809,-0.567338,-0.822147
-10.0593,6.08246,-2.25579,0.00824673,0.0452393,-0.572761,-0.818432
-9.98447,6.09179,-2.22709,0.0081767,0.0438419,-0.572628,-0.818601
-9.88498,6.14269,-2.16437,0.00416287,0.0477519,-0.571341,-0.819312
-9.79537,6.1353,-2.20233,0.0067674,0.0466898,-0.571244,-0.819423
-9.69655,6.14396,-2.23065,0.00493537,0.053859,-0.571367,-0.818911
-9.61779,6.11167,-2.29095,0.00844495,0.0520769,-0.572073,-0.818504
-9.58602,6.04142,-2.2512,0.00831412,0.0483407,-0.574634,-0.816939
-9.5628,5.96999,-2.17279,0.00643578,0.0449944,-0.577458,-0.815154
-9.56586,5.83617,-2.14146,0.00600125,0.0436831,-0.582904,-0.811343
-9.55578,5.68917,-2.19859,0.0101466,0.0419578,-0.588566,-0.807295
-9.52162,5.62372,-2.13932,0.00806154,0.0410806,-0.591758,-0.805027
-9.51267,5.40769,-2.35517,0.0163588,0.0454249,-0.600352,-0.798277
-9.48922,5.28317,-2.39598,0.017028,0.0477199,-0.605826,-0.793982
-9.44593,5.28096,-2.22327,0.0102039,0.0439744,-0.606695,-0.793652
-9.3898,5.256,-2.14715,0.00704878,0.0432744,-0.608191,-0.792579
-9.28047,5.30786,-2.11549,0.00685884,0.0419732,-0.606166,-0.7942
-9.16511,5.35185,-2.10759,0.00695931,0.0426251,-0.604383,-0.795522
-9.00054,5.46577,-2.11512,0.0066648,0.0453902,-0.599609,-0.798977
-8.81709,5.60073,-2.12776,0.00667675,0.0474119,-0.593679,-0.803276
-8.64681,5.67837,-2.24103,0.0155295,0.0404046,-0.588525,-0.807319
-8.47535,5.8449,-2.11492,0.0102263,0.0389977,-0.581349,-0.812655
-8.36384,5.91042,-1.99913,0.00500938,0.0389611,-0.578717,-0.814582
-8.3613,5.79018,-1.94852,0.00309257,0.0387663,-0.584403,-0.810531
-8.31639,5.71924,-1.94784,0.00292459,0.0408358,-0.588036,-0.807798
-8.29889,5.601,-1.98062,0.00522475,0.0394972,-0.593581,-0.803787
-8.2782,5.49419,-2.00171,0.00542823,0.0403449,-0.598929,-0.799767
-8.23114,5.43833,-2.01207,0.00476593,0.0429666,-0.602084,-0.797261
-8.17902,5.4133,-1.95549,0.00188322,0.0426076,-0.603752,-0.79603
-8.05244,5.46665,-2.0078,0.00320932,0.0482634,-0.601709,-0.797249
-7.90778,5.53839,-2.05554,0.00385709,0.0561122,-0.598769,-0.798945
-7.82588,5.53282,-2.02942,0.0036755,0.0542888,-0.598796,-0.799051
-7.70214,5.55536,-2.10202,0.00868933,0.0518457,-0.596814,-0.800656
-7.52182,5.67589,-2.1401,0.0103959,0.0540062,-0.590647,-0.805054
-7.37353,5.78429,-2.08435,0.00850238,0.0521886,-0.585157,-0.809194
-7.27268,5.81843,-2.05121,0.00815176,0.0499338,-0.583236,-0.810725
-7.20679,5.82251,-1.96324,0.005378,0.0468236,-0.583268,-0.810911
-7.10395,5.84072,-1.98657,0.00917939,0.0424472,-0.581943,-0.812069
-7.00028,5.89257,-1.91588,0.00676916,0.0398325,-0.579908,-0.813679
-6.90655,5.88391,-2.00045,0.0111906,0.0409592,-0.580596,-0.813084
-6.80429,5.93475,-1.93361,0.00675341,0.043664,-0.579139,-0.814031
-6.73691,5.94369,-1.85128,0.00365987,0.0385837,-0.579013,-0.814396
-6.67414,5.92795,-1.8151,0.00243072,0.0374018,-0.580292,-0.813545
-6.55282,5.9642,-1.8144,0.00386939,0.035618,-0.578003,-0.815248
-6.45765,5.99145,-1.70078,-0.00135339,0.0337412,-0.576764,-0.816213
-6.38753,5.89558,-1.91445,0.0116816,0.0304475,-0.5801,-0.813892
-6.22607,5.96044,-1.93322,0.0105731,0.0390503,-0.576785,-0.815893
-6.15232,5.91848,-1.98211,0.0143352,0.0351075,-0.578078,-0.8151
-6.0821,5.88538,-2.00049,0.016937,0.0299337,-0.578995,-0.814606
-5.9922,5.90716,-1.91412,0.0122698,0.0324974,-0.578629,-0.814851
-5.94605,5.87775,-1.83743,0.00969696,0.0281507,-0.580738,-0.813546
-5.90908,5.81486,-1.85621,0.0123458,0.0240251,-0.584564,-0.810898
-5.8738,5.75081,-1.89075,0.0140895,0.0253837,-0.589356,-0.807351
-5.81832,5.73221,-1.86194,0.0113595,0.028212,-0.592069,-0.805313
-5.72011,5.78095,-1.77039,0.005999,0.0272576,-0.590358,-0.806659
-5.64976,5.77836,-1.74896,0.00524302,0.0255834,-0.59122,-0.806088
-5.51627,5.83639,-1.73837,0.00551432,0.025497,-0.588,-0.80844
-5.3564,5.91422,-1.71958,0.00502488,0.0277701,-0.583568,-0.811573
-5.20697,5.97397,-1.69927,0.00513833,0.0232196,-0.579176,-0.814855
-5.00276,6.0983,-1.61134,-0.000324902,0.0232264,-0.571096,-0.820554
-4.77224,6.20362,-1.6756,0.00360261,0.0238378,-0.562406,-0.82651
-4.63614,6.25539,-1.62858,0.00101186,0.0213751,-0.558459,-0.829256
-4.51772,6.29028,-1.58764,-0.00126596,0.0217921,-0.556089,-0.830836
-4.44801,6.27695,-1.5852,-0.000999363,0.0252476,-0.557813,-0.829582
-4.38622,6.25047,-1.62174,0.00193382,0.0274907,-0.560425,-0.827747
-4.34863,6.22871,-1.57493,-0.00107956,0.03203,-0.56432,-0.824934
-4.34199,6.1654,-1.6119,0.000772622,0.0358107,-0.570864,-0.820263
-4.30948,6.14488,-1.56686,-0.0024428,0.0359049,-0.574134,-0.81797
-4.19522,6.18955,-1.51095,-0.00567072,0.0315942,-0.571083,-0.820264
-4.08534,6.23414,-1.4195,-0.0109185,0.0321047,-0.568646,-0.821883
-3.95342,6.27168,-1.41018,-0.0106194,0.0343752,-0.565846,-0.823726
-3.85175,6.292,-1.35306,-0.0137763,0.0348398,-0.564711,-0.824438
-3.81321,6.26367,-1.33057,-0.0156098,0.0319607,-0.567732,-0.822445
-3.61046,6.34157,-1.34271,-0.014715,0.0396393,-0.56121,-0.826592
-3.48571,6.35241,-1.42726,-0.00926751,0.0330814,-0.55868,-0.828671
-3.36003,6.37816,-1.44048,-0.00850144,0.0255133,-0.555128,-0.83133
-3.24422,6.40759,-1.39853,-0.0105657,0.0302195,-0.55349,-0.83224
-3.22943,6.36661,-1.41945,-0.00834668,0.0308057,-0.558583,-0.828834
-3.14598,6.3673,-1.44922,-0.00533598,0.0337036,-0.5596,-0.82806
-3.09599,6.36963,-1.39822,-0.00847896,0.0393037,-0.562519,-0.825806
-3.06156,6.34586,-1.43745,-0.00598973,0.0408461,-0.566615,-0.822948
-2.96776,6.37399,-1.3826,-0.0091655,0.045633,-0.566097,-0.823023
-2.91435,6.35672,-1.43184,-0.00589382,0.0404791,-0.567931,-0.822059
-2.79461,6.39121,-1.38443,-0.00880056,0.035644,-0.56464,-0.82452
-2.64794,6.42234,-1.38661,-0.0080515,0.0317404,-0.560368,-0.827596
-2.51622,6.44194,-1.37829,-0.00826284,0.0296481,-0.557321,-0.829726
-2.3566,6.4667,-1.39729,-0.00650809,0.0332165,-0.553528,-0.832142
-2.19614,6.48494,-1.44707,-0.0031691,0.0344364,-0.54936,-0.834869
-2.08975,6.49482,-1.43024,-0.0033031,0.041084,-0.548621,-0.835054
-2.01315,6.48795,-1.43384,-0.00268294,0.0413272,-0.548951,-0.834828
-1.97989,6.46241,-1.44205,-0.000724238,0.0440148,-0.552559,-0.83231
-1.96186,6.43881,-1.42632,-0.000464272,0.0463584,-0.557067,-0.829172
-1.93616,6.4079,-1.48141,0.00476748,0.0478302,-0.56183,-0.825855
-1.93995,6.35897,-1.57752,0.0109601,0.0438591,-0.568245,-0.821616
-1.93199,6.33635,-1.57554,0.0106441,0.0452907,-0.573525,-0.817865
-1.84818,6.3592,-1.49498,0.00417875,0.0447895,-0.572533,-0.818647
-1.78338,6.35481,-1.49424,0.00550232,0.0492875,-0.574371,-0.817091
-1.65363,6.37286,-1.48023,0.00727863,0.0557952,-0.572166,-0.818205
-1.47557,6.39832,-1.47062,0.00986974,0.0619168,-0.567013,-0.821319
-1.34895,6.39434,-1.49929,0.0128416,0.0609898,-0.564786,-0.82288
-1.18665,6.40372,-1.51535,0.0146283,0.0617889,-0.56032,-0.825839
-1.02087,6.41134,-1.54454,0.0187055,0.0662982,-0.556059,-0.828283
-0.895011,6.42287,-1.51433,0.0170577,0.0670567,-0.552859,-0.830397
-0.787031,6.42937,-1.48433,0.015781,0.0671788,-0.550767,-0.831802
-0.720856,6.42641,-1.46676,0.0151155,0.0655211,-0.55137,-0.831546
-0.654122,6.42195,-1.48224,0.0180248,0.0658055,-0.55277,-0.830536
-0.580584,6.43996,-1.41719,0.0133026,0.065533,-0.55271,-0.830686
-0.523166,6.4324,-1.47272,0.0171138,0.0631382,-0.554873,-0.829359
-0.426551,6.44649,-1.44643,0.0157002,0.0636709,-0.553833,-0.830041
-0.363347,6.45627,-1.39788,0.00870344,0.0561749,-0.553617,-0.830829
-0.266723,6.45719,-1.39426,0.00575186,0.0482873,-0.551853,-0.832522
-0.160582,6.45519,-1.37989,0.00683284,0.0499437,-0.551117,-0.832904
-0.0787739,6.44296,-1.37933,0.00741012,0.0484352,-0.551716,-0.832591
0.0440203,6.41719,-1.45957,0.014189,0.0461905,-0.550469,-0.833456
0.185315,6.40057,-1.50945,0.0188681,0.0463301,-0.547831,-0.835092
0.37756,6.39388,-1.53238,0.0251458,0.0526492,-0.542206,-0.838218
0.526685,6.40128,-1.47318,0.0239215,0.0584205,-0.53804,-0.840552
0.599057,6.41121,-1.39734,0.0225779,0.0656941,-0.539038,-0.839412
0.649701,6.41554,-1.37467,0.0238251,0.0688885,-0.541576,-0.837486
0.726247,6.43315,-1.31724,0.0241213,0.0759413,-0.542609,-0.836197
0.735784,6.44976,-1.32263,0.0252935,0.0768354,-0.547821,-0.832676
0.812911,6.45353,-1.39014,0.0291176,0.0724982,-0.548164,-0.832713
0.928751,6.46416,-1.39697,0.0280625,0.0685833,-0.545,-0.835155
1.04631,6.47458,-1.38005,0.0263465,0.0663476,-0.541728,-0.837517
1.15063,6.48126,-1.36467,0.0239251,0.062797,-0.539228,-0.839474
1.26288,6.49469,-1.29304,0.0224282,0.0677817,-0.537279,-0.840377
1.32942,6.49164,-1.32737,0.0264112,0.0669027,-0.538787,-0.839366
1.42472,6.50488,-1.25505,0.0224262,0.0697587,-0.537761,-0.839907
1.51748,6.50817,-1.2419,0.0213295,0.0692489,-0.537028,-0.840447
1.55616,6.50996,-1.29255,0.0226392,0.0641817,-0.539718,-0.83909
1.62761,6.51955,-1.26368,0.0199624,0.0630692,-0.539908,-0.83912
1.64035,6.53578,-1.25737,0.0180786,0.0598705,-0.543923,-0.836801
1.68873,6.5506,-1.25456,0.0197429,0.0596983,-0.546399,-0.835161
1.74768,6.56851,-1.25774,0.017834,0.0557345,-0.547603,-0.83469
1.81278,6.58943,-1.26093,0.0213948,0.0587793,-0.549746,-0.832987
1.85953,6.61367,-1.24709,0.025069,0.06393,-0.553158,-0.830241
1.90627,6.63398,-1.22373,0.0200879,0.0608453,-0.554781,-0.829525
1.98436,6.6467,-1.17789,0.0183894,0.0627211,-0.555066,-0.829234
2.08902,6.64688,-1.13833,0.0201006,0.0662538,-0.554028,-0.829614
2.19045,6.63713,-1.14091,0.0246222,0.0679305,-0.553598,-0.829644
2.24246,6.6334,-1.18713,0.0238145,0.0617798,-0.555632,-0.828788
2.41219,6.61509,-1.13775,0.0277001,0.0697085,-0.551459,-0.830822
2.59222,6.58447,-1.12168,0.0360127,0.07716,-0.546521,-0.833105
2.71974,6.56405,-1.12014,0.0370987,0.0768446,-0.543583,-0.835006
2.7541,6.57311,-1.12954,0.0403358,0.0768794,-0.547014,-0.832609
2.78006,6.59728,-1.08108,0.035164,0.0754641,-0.550177,-0.830887
2.82941,6.61637,-1.05747,0.0357005,0.0763918,-0.552728,-0.829085
2.89927,6.63896,-1.00663,0.0346599,0.0795053,-0.553877,-0.828068
2.96582,6.65521,-1.00126,0.0358715,0.0807188,-0.555332,-0.826924
2.98441,6.67894,-1.03055,0.0302686,0.0739915,-0.558633,-0.825553
3.07056,6.68672,-0.964535,0.0276033,0.0767172,-0.558068,-0.82578
3.2047,6.67128,-0.875369,0.0242718,0.0798845,-0.554231,-0.828165
3.29777,6.66907,-0.764442,0.0210384,0.0850968,-0.553223,-0.828408
3.36673,6.66051,-0.813513,0.0225215,0.0807454,-0.55445,-0.827984
3.46179,6.64991,-0.799032,0.0229665,0.0817544,-0.554142,-0.828079
3.62069,6.60592,-0.824224,0.0253773,0.0803902,-0.54976,-0.831058
3.72706,6.58305,-0.876275,0.0223936,0.0734533,-0.547883,-0.833023
3.79322,6.57772,-0.938884,0.0202922,0.0657867,-0.548613,-0.833237
3.81753,6.59946,-0.965266,0.0150944,0.0588911,-0.551758,-0.831786
3.86333,6.61684,-0.991136,0.0172781,0.0562685,-0.554529,-0.83008
3.91905,6.64766,-0.926418,0.0138269,0.0587341,-0.556502,-0.828652
3.9371,6.69832,-0.894357,0.0203918,0.0651874,-0.562175,-0.824193
3.96762,6.74024,-0.847725,0.0215658,0.0694284,-0.566059,-0.821152
4.01387,6.75775,-0.927874,0.0194311,0.0619075,-0.568236,-0.820303
4.08385,6.771,-0.909315,0.0212241,0.0630535,-0.569433,-0.819341
4.21379,6.75391,-0.827626,0.0191658,0.0663053,-0.566642,-0.821068
4.29567,6.75405,-0.80916,0.0196375,0.0665615,-0.567227,-0.820632
4.37329,6.75187,-0.849354,0.0229195,0.0645954,-0.568449,-0.819859
4.51558,6.71925,-0.826605,0.0241405,0.0664702,-0.565422,-0.821765
4.59778,6.71984,-0.823674,0.0246581,0.066645,-0.56587,-0.821426
4.66781,6.72354,-0.849137,0.0277954,0.0652787,-0.567185,-0.820529
4.7033,6.74974,-0.874119,0.0217255,0.0595842,-0.569716,-0.81939
4.80745,6.74221,-0.854248,0.0191705,0.0583559,-0.56852,-0.820373
4.9299,6.73895,-0.691756,0.0187275,0.0680679,-0.566476,-0.821049
4.97469,6.78383,-0.59218,0.0212931,0.0754963,-0.569401,-0.818309
5.01466,6.82561,-0.566275,0.0222024,0.0775216,-0.572431,-0.815978
5.09954,6.83029,-0.595908,0.0168892,0.0731344,-0.572136,-0.816717
5.17434,6.84214,-0.593752,0.0160645,0.0719212,-0.572725,-0.816429
5.27999,6.82799,-0.625516,0.0151173,0.0680164,-0.571474,-0.817657
5.38496,6.82067,-0.543918,0.0146225,0.0718448,-0.57045,-0.818053
5.48869,6.81217,-0.483162,0.0187566,0.076364,-0.569987,-0.817882
5.62326,6.78034,-0.416069,0.0162396,0.0794117,-0.567048,-0.819687
5.73475,6.76225,-0.447322,0.019334,0.0781173,-0.565972,-0.820487
5.85667,6.73725,-0.442618,0.0213033,0.0782383,-0.563964,-0.821809
5.90254,6.77384,-0.44405,0.0236149,0.0776863,-0.566669,-0.819935
5.96692,6.80252,-0.396017,0.0271641,0.0802313,-0.568265,-0.818474
6.04194,6.82988,-0.245447,0.0265197,0.0878715,-0.568595,-0.817481
6.07597,6.89463,-0.144836,0.0237578,0.0927393,-0.571532,-0.814976
6.11279,6.9532,-0.150621,0.0298747,0.0938839,-0.574957,-0.81223
6.159,6.9962,-0.180701,0.0205267,0.0891311,-0.576886,-0.811687
6.25191,6.99856,-0.140609,0.0207372,0.090409,-0.576109,-0.812092
6.36989,6.97525,-0.161745,0.0187943,0.0871021,-0.573882,-0.814076
6.48864,6.94934,-0.0800958,0.0182843,0.0899625,-0.571434,-0.815497
6.62237,6.90976,-0.14449,0.0153534,0.084603,-0.568724,-0.818022
6.74588,6.88193,-0.0846216,0.018439,0.088288,-0.566602,-0.81904
6.84969,6.87071,-0.0318829,0.0229929,0.0916788,-0.565507,-0.81931
6.97416,6.84062,-0.136518,0.0190388,0.0843328,-0.563422,-0.821633
6.99941,6.90319,-0.254822,0.0217706,0.0774157,-0.567604,-0.819364
7.02375,6.96845,-0.291088,0.0243296,0.0747291,-0.571437,-0.816874
7.12557,6.96698,-0.259762,0.0260429,0.075469,-0.570471,-0.817428
7.22799,6.97044,-0.142127,0.0238523,0.0805755,-0.569116,-0.817952
7.33334,6.96998,-0.109394,0.0238709,0.0819437,-0.568007,-0.818586
7.41913,6.98238,-0.136755,0.0199696,0.0794235,-0.567944,-0.818982
7.53293,6.96193,-0.151887,0.0155719,0.0772579,-0.566078,-0.820575
7.60207,6.98282,-0.231119,0.0161488,0.0721854,-0.567232,-0.82023
7.73422,6.93573,-0.272966,0.0154125,0.0686127,-0.564609,-0.822357
7.85761,6.8956,-0.296881,0.0106207,0.0657267,-0.562405,-0.824177
7.94834,6.89258,-0.311053,0.00912326,0.0645029,-0.56255,-0.824193
8.08595,6.83474,-0.312926,0.0119902,0.0647093,-0.559865,-0.825966
8.14694,6.85982,-0.288261,0.013042,0.0658607,-0.561459,-0.824777
8.21025,6.87839,-0.367793,0.0156705,0.0617379,-0.563086,-0.82394
8.23797,6.93865,-0.411212,0.0148078,0.058609,-0.566581,-0.821785
8.28247,6.98769,-0.413223,0.0166568,0.0577262,-0.569299,-0.819932
8.3739,6.99249,-0.302343,0.0166444,0.0623666,-0.569077,-0.819747
8.41236,7.06264,-0.219086,0.0213721,0.0667375,-0.572353,-0.817008
8.45486,7.1224,-0.207181,0.0215382,0.0673701,-0.575118,-0.815007
8.54684,7.11825,-0.226037,0.018373,0.0660001,-0.574704,-0.815489
8.64123,7.10763,-0.161785,0.0185791,0.0683849,-0.573989,-0.815791
8.78867,7.02862,-0.0218331,0.0190679,0.0739726,-0.56993,-0.818134
8.88091,7.00978,0.133613,0.0229828,0.0806147,-0.569168,-0.817937
8.97284,6.9963,0.163943,0.0292312,0.0819395,-0.569087,-0.817662
9.16264,6.8594,0.203545,0.026327,0.0831725,-0.562833,-0.821954
9.27918,6.81162,0.251839,0.0270792,0.0850448,-0.560827,-0.823108
9.38707,6.77744,0.156868,0.0255922,0.0800594,-0.559737,-0.824397
9.4058,6.85934,0.0683991,0.0253868,0.0752391,-0.564023,-0.821932
9.41845,6.95395,0.0389082,0.0263151,0.0729496,-0.568573,-0.818969
9.49751,6.9675,0.0362016,0.0276023,0.071922,-0.569081,-0.818665
9.5678,6.99877,0.0826096,0.0288517,0.0736733,-0.570077,-0.817773
9.60358,7.07135,0.143973,0.0320548,0.0764385,-0.572971,-0.815373
9.64774,7.13099,0.0248313,0.0290121,0.0710019,-0.575647,-0.814093
9.75175,7.1065,0.0266107,0.0262834,0.0703946,-0.574344,-0.815158
9.89479,7.02644,-0.0168382,0.0239603,0.0674162,-0.570842,-0.817936
10.0162,6.97337,0.0209461,0.0215666,0.0679286,-0.568561,-0.819548
10.1626,6.88692,-0.0424581,0.0203381,0.0645611,-0.565268,-0.822125
10.2822,6.8345,0.0963386,0.0222362,0.0702558,-0.56315,-0.823062
10.4335,6.73423,0.131583,0.0274303,0.0715125,-0.55926,-0.825446
10.5513,6.68347,0.0568578,0.0248341,0.0681035,-0.557407,-0.827069
10.6366,6.67917,0.0585986,0.0253428,0.0675303,-0.557395,-0.827108
10.697,6.71874,0.0346861,0.0238621,0.0656562,-0.559069,-0.826173
10.7595,6.7629,0.0856155,0.0249405,0.0668988,-0.560628,-0.824984
10.8395,6.7788,0.281157,0.0223838,0.0745356,-0.560511,-0.824482
10.873,6.87417,0.348794,0.0236128,0.0772639,-0.563866,-0.821905
10.9142,6.95149,0.347559,0.0224656,0.0770786,-0.566651,-0.820037
10.9971,6.96663,0.244785,0.0186696,0.0727439,-0.567185,-0.820159
11.0791,6.97258,0.209041,0.0177463,0.0706502,-0.567461,-0.820172
11.1809,6.9435,0.205073,0.0172832,0.0696094,-0.566551,-0.820899
11.3038,6.88385,0.132445,0.0149704,0.0662248,-0.564724,-0.822482
11.3888,6.88048,0.0992647,0.0164284,0.0647162,-0.565177,-0.822263
11.5017,6.81987,0.218001,0.018704,0.0692652,-0.563235,-0.823176
11.5672,6.83157,0.269321,0.0182855,0.0711144,-0.563984,-0.822514
11.5968,6.90856,0.223452,0.017119,0.0689103,-0.567238,-0.820487
11.6205,7.00315,0.076671,0.0137653,0.0627519,-0.571099,-0.818363
11.6704,7.0541,0.12521,0.0169802,0.0636293,-0.573067,-0.816858
11.7479,7.06527,0.204681,0.0182667,0.066015,-0.573314,-0.816468
11.7862,7.1422,0.333093,0.02201,0.0705179,-0.575856,-0.814207
11.8441,7.18363,0.431759,0.0210723,0.0742355,-0.577106,-0.813015
11.9359,7.18094,0.322246,0.0163173,0.0702645,-0.577038,-0.813525
12.0097,7.20007,0.293404,0.019032,0.0685069,-0.577858,-0.813034
12.1684,7.07253,0.324228,0.0179428,0.0689493,-0.573521,-0.816087
12.2537,7.06333,0.366294,0.0151859,0.0699972,-0.573487,-0.816078
12.3544,7.03103,0.398583,0.0173287,0.0706688,-0.572906,-0.816385
12.4439,7.01278,0.486569,0.020194,0.073559,-0.572724,-0.816191
12.4746,7.1098,0.384441,0.0259159,0.0692344,-0.576629,-0.813654
12.5878,7.06284,0.240222,0.0222858,0.0639784,-0.575502,-0.814989
12.6621,7.07864,0.122173,0.0171101,0.0595866,-0.576338,-0.814856
12.7405,7.09008,0.0634463,0.0154367,0.0569793,-0.576876,-0.814696
12.8213,7.09917,0.134447,0.0196953,0.0585067,-0.57713,-0.814316
12.924,7.06811,0.298288,0.0221617,0.0637422,-0.575745,-0.814839
13.0139,7.05721,0.409811,0.0225615,0.0675743,-0.575095,-0.814979
13.1263,7.01287,0.26843,0.0200833,0.0627786,-0.573737,-0.816383
13.2461,6.92934,0.372873,0.0161001,0.0665587,-0.570923,-0.818142
13.3236,6.92872,0.364437,0.0132866,0.0660179,-0.571042,-0.818154
13.4272,6.87989,0.388319,0.0158839,0.0658859,-0.569843,-0.818954
13.5701,6.75555,0.400191,0.0160579,0.0658236,-0.566345,-0.821379
13.7123,6.62665,0.461777,0.0156614,0.0678827,-0.5627,-0.82372
13.8416,6.51789,0.499174,0.0226164,0.068063,-0.55981,-0.825511
13.9505,6.45355,0.434079,0.0223096,0.0656755,-0.558203,-0.8268
14.0555,6.39817,0.351841,0.0225708,0.0623673,-0.556868,-0.827948
14.1339,6.40345,0.270429,0.0191309,0.0594936,-0.557229,-0.828003
14.2012,6.44303,0.268097,0.0207976,0.0584583,-0.558451,-0.827214
14.3021,6.4177,0.28432,0.0189576,0.0588693,-0.557468,-0.827892
14.3528,6.49667,0.415956,0.0229916,0.0624756,-0.559481,-0.826165
14.4239,6.51568,0.582312,0.0234224,0.0678196,-0.55961,-0.825644
14.5594,6.41032,0.494177,0.0173743,0.0657609,-0.556365,-0.828149
14.6499,6.39471,0.467853,0.0158154,0.0647337,-0.555851,-0.828606
14.7742,6.31098,0.319353,0.0120046,0.0599468,-0.553527,-0.830584
14.8818,6.24377,0.416168,0.0129205,0.0623447,-0.551695,-0.831612
15.0296,6.06964,0.599072,0.014814,0.0675966,-0.546817,-0.834387
15.1635,5.9344,0.709176,0.0161038,0.0708518,-0.543163,-0.836478
15.2902,5.80246,0.844509,0.0202791,0.0742474,-0.539609,-0.83839
15.4133,5.73605,0.574921,0.0156451,0.0663252,-0.538159,-0.840084
15.5069,5.7272,0.390189,0.0120708,0.0607415,-0.538268,-0.840495
15.5551,5.82233,0.339182,0.0100274,0.058899,-0.541153,-0.838799
15.5998,5.92741,0.375346,0.015018,0.0583142,-0.544267,-0.836748
15.6664,5.96942,0.555722,0.012501,0.0641837,-0.545216,-0.835741
15.6594,6.20469,0.694654,0.0168513,0.0675351,-0.551588,-0.831207
15.6535,6.4274,0.737688,0.0228881,0.0675351,-0.557643,-0.827012
15.7079,6.52489,0.522534,0.0121642,0.0629499,-0.560353,-0.825769
15.7686,6.58456,0.435093,0.00830793,0.0607025,-0.562038,-0.824839
15.8646,6.55749,0.331487,0.0102462,0.0566299,-0.561585,-0.825415
15.9886,6.43804,0.456625,0.0107236,0.0598436,-0.558607,-0.827201
16.0894,6.39149,0.467321,0.0110666,0.059875,-0.557798,-0.82774
16.1973,6.32977,0.449714,0.0138426,0.0587428,-0.556676,-0.828534
16.3155,6.20129,0.66477,0.0129127,0.0654274,-0.55347,-0.830195
16.4295,6.10862,0.593585,0.0108209,0.0636418,-0.551314,-0.831797
16.5043,6.11182,0.563159,0.0104515,0.0624167,-0.551596,-0.831707
16.5953,6.08473,0.469865,0.00882602,0.0594524,-0.551019,-0.832325
16.6981,6.02954,0.431334,0.0132674,0.0566556,-0.549683,-0.833344
16.8357,5.87419,0.493892,0.0113596,0.0586355,-0.545498,-0.835981
16.8572,6.03825,0.638711,0.0162593,0.0616345,-0.549512,-0.833051
16.9452,6.01345,0.712878,0.019611,0.0628839,-0.548663,-0.833445
17.1622,5.65565,0.361197,0.0120318,0.054346,-0.539599,-0.84008
17.3659,5.25389,0.301841,0.00951436,0.0530422,-0.529339,-0.846697
17.6096,4.65349,0.239437,0.00860303,0.0511999,-0.514222,-0.856084
17.8535,3.91466,0.395316,0.00716716,0.0560066,-0.495604,-0.866712
18.0941,3.01223,0.477594,0.00584075,0.0589392,-0.473022,-0.879058
18.306,1.93867,0.575001,0.00518904,0.0625878,-0.446152,-0.892751
18.4487,0.788733,0.68696,0.00895507,0.0650875,-0.417296,-0.906392
18.5144,-0.450519,0.67501,0.00846372,0.0655932,-0.385796,-0.92021
18.4905,-1.75362,0.515866,0.00626357,0.0624298,-0.352207,-0.933816
18.3884,-2.93907,0.342272,0.00406526,0.0586616,-0.321041,-0.945238
18.1937,-4.15324,0.27656,0.00214354,0.0582727,-0.288314,-0.955759
17.9283,-5.30809,0.249944,-0.00117681,0.0602079,-0.256266,-0.964729
17.626,-6.33368,0.323295,-0.000621739,0.0632674,-0.227093,-0.971816
17.1536,-7.57991,0.323392,-0.00324087,0.0669779,-0.190548,-0.979385
16.5203,-8.89276,0.458841,-0.00777244,0.0773526,-0.15045,-0.985556
15.7878,-10.1587,0.237051,-0.0110162,0.0749534,-0.109927,-0.991048
14.8427,-11.4974,-0.0358913,-0.0176304,0.0742544,-0.0642217,-0.995013
13.5991,-12.9231,-0.500832,-0.0250083,0.0682922,-0.0112597,-0.997288
12.1415,-14.267,-0.805527,-0.0280692,0.0645325,0.043876,-0.996555
10.4146,-15.5187,-1.2062,-0.0332798,0.0597574,0.103046,-0.992322
8.49398,-16.5918,-1.48125,-0.0371544,0.0593894,0.163521,-0.984049
6.51853,-17.4152,-1.56979,-0.0375749,0.0633041,0.221507,-0.972376
4.30899,-18.041,-1.53469,-0.0326036,0.0656615,0.282214,-0.956546
1.84035,-18.3401,-2.15235,-0.0408696,0.0553992,0.347427,-0.935176
-0.575063,-18.3099,-2.55613,-0.0434475,0.0432791,0.408504,-0.910694
-2.70041,-18.0138,-2.82605,-0.0449156,0.0332941,0.461155,-0.885556
-4.53877,-17.5397,-3.01304,-0.0468052,0.0282106,0.506737,-0.860367
-6.17798,-16.9143,-3.23408,-0.0500646,0.0218933,0.547636,-0.834931
-7.42412,-16.3303,-3.20918,-0.0488171,0.0247065,0.579623,-0.813046
-8.59068,-15.6402,-3.33967,-0.0517949,0.0290019,0.610443,-0.789833
-9.81037,-14.7823,-3.51671,-0.0558569,0.0348741,0.643258,-0.762813
-11.0597,-13.7253,-3.75006,-0.0604336,0.0313998,0.677226,-0.732616
-12.0369,-12.7823,-3.76179,-0.059752,0.031724,0.704799,-0.706174
-12.9875,-11.747,-3.64369,-0.0556803,0.0275016,0.732143,-0.678314
-13.6571,-10.8346,-3.70829,-0.0571955,0.0243869,0.753479,-0.654525
-14.1149,-10.0985,-3.7704,-0.0588191,0.0223428,0.76956,-0.635467
-14.5505,-9.30482,-3.85524,-0.0610401,0.0199641,0.78581,-0.615124
-14.9197,-8.51934,-3.96733,-0.0642136,0.0175366,0.800811,-0.595207
-15.2049,-7.9256,-3.80693,-0.0600875,0.014078,0.812253,-0.580031
-15.423,-7.4058,-3.64077,-0.0555477,0.013849,0.8221,-0.566458
-15.5192,-7.05429,-3.58087,-0.0545204,0.0123125,0.828225,-0.557602
-15.5181,-6.83351,-3.64331,-0.0565294,0.0140085,0.831779,-0.552043
-15.503,-6.62432,-3.70854,-0.0592506,0.0110631,0.834686,-0.547417
-15.4312,-6.53622,-3.77849,-0.0613634,0.0110424,0.835706,-0.545626
-15.3664,-6.38412,-3.94542,-0.0669686,0.00786062,0.837236,-0.542669
-15.3638,-6.28429,-3.75769,-0.0625225,0.00290484,0.838996,-0.540525
-15.3031,-6.28356,-3.63672,0.0593311,-0.00260018,-0.83925,0.540493
-15.2906,-6.16027,-3.50982,0.0565245,-0.000307839,-0.841469,0.53734
-15.2346,-6.09491,-3.46919,0.0564296,0.00294873,-0.842421,0.535849
-15.2521,-5.76793,-3.5617,0.0602028,0.0061119,-0.847359,0.527561
-15.2923,-5.48787,-3.43888,0.0574382,0.00993811,-0.852154,0.520034
-15.1795,-5.58071,-3.39835,0.0548981,0.00399549,-0.851387,0.521642
-15.1276,-5.55585,-3.28174,0.0511124,0.00258376,-0.852339,0.52048
-14.9759,-5.71926,-3.31077,0.0515408,-0.00150905,-0.84987,0.524464
-14.7861,-5.94028,-3.37978,0.0534745,-0.00540773,-0.84613,0.530259
-14.6382,-6.07144,-3.3822,0.0531721,-0.0101701,-0.844045,0.533532
-14.4418,-6.19672,-3.60015,-0.0597188,0.0127361,0.84111,-0.537406
-14.2859,-6.34482,-3.5914,-0.0590112,0.0153186,0.838504,-0.541473
-14.187,-6.38607,-3.55106,-0.0579839,0.014513,0.837695,-0.542858
-14.0909,-6.41707,-3.52276,-0.0578993,0.01123,0.836864,-0.544224
-14.0403,-6.40886,-3.36356,-0.0537108,0.00923805,0.837346,-0.54395
-13.9511,-6.42053,-3.33331,-0.0536296,0.00726113,0.837111,-0.544349
-13.8328,-6.51971,-3.25516,-0.0512243,0.00874739,0.835743,-0.546656
-13.728,-6.48782,-3.39579,-0.0557337,0.00811955,0.836,-0.545832
-13.577,-6.53264,-3.58004,-0.0607887,0.0144515,0.835116,-0.546513
-13.5068,-6.55922,-3.45787,-0.0574597,0.010886,0.834858,-0.547349
-13.3631,-6.71516,-3.36743,-0.0547429,0.0127233,0.832299,-0.55147
-13.2196,-6.87504,-3.23874,-0.0514453,0.0109405,0.829368,-0.556221
-13.0833,-6.94246,-3.26296,-0.0524005,0.0136342,0.828016,-0.558084
-12.8455,-7.07737,-3.55625,-0.0622002,0.0148859,0.824057,-0.562885
-12.7177,-7.14526,-3.53754,-0.0619161,0.0115149,0.822301,-0.565556
-12.5851,-7.25372,-3.46206,-0.059737,0.00952017,0.820033,-0.56911
-12.453,-7.34447,-3.42484,-0.0586781,0.010349,0.818212,-0.571821
-12.3422,-7.373,-3.44335,-0.0597148,0.0124763,0.817622,-0.572514
-12.255,-7.34278,-3.49971,-0.062125,0.0140811,0.818238,-0.57134
-12.1465,-7.3727,-3.50521,-0.0626914,0.0135589,0.817669,-0.572104
-12.0257,-7.39433,-3.57937,-0.0648954,0.0179952,0.817424,-0.572086
-11.9213,-7.3702,-3.69702,-0.068731,0.022069,0.817895,-0.570821
-11.9088,-7.33296,-3.50509,-0.0625069,0.0189948,0.819414,-0.569467
-11.797,-7.40899,-3.40627,-0.0597027,0.0196234,0.81808,-0.57166
-11.7169,-7.43345,-3.28375,-0.056305,0.0178705,0.817724,-0.572572
-11.59,-7.47215,-3.29203,-0.0570901,0.0203086,0.816681,-0.573899
-11.4481,-7.50228,-3.37081,-0.0601183,0.0205975,0.815311,-0.575526
-11.3056,-7.55544,-3.40507,-0.0613876,0.0217726,0.813678,-0.577655
-11.257,-7.51354,-3.33934,-0.059377,0.016841,0.814388,-0.57703
-11.1388,-7.56816,-3.3001,-0.0583311,0.0166139,0.813036,-0.579046
-11.0993,-7.50926,-3.24749,-0.0571804,0.0133269,0.814337,-0.577415
-11.022,-7.48946,-3.23787,-0.0575604,0.0126013,0.814802,-0.576737
-10.9424,-7.47457,-3.22699,-0.0575938,0.0121826,0.815303,-0.576034
-10.8988,-7.39954,-3.23571,-0.0579836,0.01046,0.81716,-0.573392
-10.8166,-7.41011,-3.18484,-0.0559199,0.0166394,0.817776,-0.572571
-10.8009,-7.35424,-3.05338,-0.051235,0.0138607,0.819634,-0.570423
-10.6985,-7.4104,-2.96106,-0.0483948,0.0122007,0.81851,-0.57232
-10.5643,-7.50019,-2.88378,-0.0463153,0.0100383,0.816299,-0.575681
-10.4183,-7.56917,-2.88927,-0.0470592,0.0121928,0.814467,-0.578169
-10.2155,-7.63657,-3.10512,-0.0553986,0.0150015,0.811666,-0.581295
-10.0378,-7.71448,-3.19591,-0.0588422,0.016598,0.809001,-0.584619
-9.93875,-7.69732,-3.26969,-0.0617833,0.0147685,0.808735,-0.584733
-9.8571,-7.70803,-3.21806,-0.0600235,0.0123427,0.808372,-0.585473
-9.7948,-7.66498,-3.24028,-0.0614234,0.01021,0.809172,-0.584263
-9.72566,-7.62914,-3.26823,-0.063124,0.00973095,0.809995,-0.582948
-9.63507,-7.57131,-3.42373,-0.0696322,0.0102955,0.810902,-0.580933
-9.55144,-7.52099,-3.53771,-0.074209,0.0121761,0.812033,-0.578746
-9.43125,-7.49283,-3.71007,-0.0811979,0.0169487,0.812367,-0.577217
-9.34522,-7.48587,-3.73493,-0.0823562,0.01523,0.812325,-0.57716
-9.21642,-7.59843,-3.60549,-0.0780772,0.0203148,0.810396,-0.580301
-9.12124,-7.65383,-3.49041,-0.0743151,0.0184698,0.809225,-0.582487
-8.9871,-7.68997,-3.51009,-0.0763009,0.0210131,0.807973,-0.58388
-8.93451,-7.66802,-3.41987,-0.0732035,0.0197165,0.808782,-0.583201
-8.82976,-7.73433,-3.26555,-0.0672834,0.0215578,0.807601,-0.585482
-8.79885,-7.62493,-3.34746,-0.0706274,0.0178579,0.809917,-0.582003
-8.7253,-7.65485,-3.2163,-0.0652784,0.0150275,0.809433,-0.58338
-8.57279,-7.72071,-3.22679,-0.0666739,0.0188181,0.807503,-0.58578
-8.51507,-7.68552,-3.21324,-0.0670339,0.0204385,0.808871,-0.583795
-8.46659,-7.63181,-3.22306,-0.0678246,0.016226,0.810333,-0.581805
-8.36112,-7.65163,-3.21409,-0.06779,0.0164216,0.810055,-0.58219
-8.27566,-7.63287,-3.24961,-0.0696979,0.0215109,0.811159,-0.580259
-8.23478,-7.59364,-3.21659,-0.0683687,0.0218732,0.812907,-0.577953
-8.21387,-7.58886,-3.03121,-0.0604916,0.0192577,0.81417,-0.577146
-8.1695,-7.59409,-2.87619,-0.0543249,0.0172455,0.814779,-0.576963
-8.06456,-7.60504,-2.88438,-0.0556818,0.0180171,0.814303,-0.577482
-7.96298,-7.60773,-2.88947,-0.0567444,0.0188719,0.813993,-0.577788
-7.81723,-7.67094,-2.84968,-0.0555418,0.0208243,0.81193,-0.580733
-7.69706,-7.68762,-2.87937,-0.0572563,0.0239235,0.811148,-0.58154
-7.66201,-7.61292,-2.92996,-0.0590273,0.0201393,0.812946,-0.578989
-7.55853,-7.62543,-2.93772,-0.0598194,0.0197334,0.812227,-0.57993
-7.50428,-7.61733,-2.85433,-0.0569171,0.0206357,0.812989,-0.579122
-7.43575,-7.57414,-2.92004,-0.0603565,0.0186662,0.813931,-0.577516
-7.38858,-7.52456,-2.94664,-0.0621872,0.0198058,0.81576,-0.574696
-7.35066,-7.42633,-3.08121,-0.0684907,0.0205334,0.818556,-0.569958
-7.28292,-7.40346,-3.09833,-0.0699882,0.0251021,0.819753,-0.56787
-7.26516,-7.36891,-3.00607,-0.0658223,0.0254546,0.821706,-0.565524
-7.18818,-7.37559,-2.96017,-0.0645065,0.0266961,0.821787,-0.565501
-7.11149,-7.3856,-2.88901,-0.0618864,0.02532,0.821579,-0.56616
-7.02376,-7.39466,-2.8357,-0.0608805,0.0288344,0.821514,-0.566195
-6.93181,-7.33885,-2.96949,-0.0668771,0.0237429,0.821789,-0.565355
-6.75226,-7.38657,-3.05168,-0.0712358,0.024426,0.818936,-0.568922
-6.64479,-7.37977,-3.10028,-0.0734755,0.0226451,0.818217,-0.569745
-6.57302,-7.3558,-3.10615,-0.073258,0.0181474,0.818284,-0.569837
-6.49397,-7.36022,-3.05039,-0.0713371,0.0179795,0.818106,-0.570343
-6.48268,-7.29588,-3.0052,-0.069767,0.0169956,0.820617,-0.566949
-6.40282,-7.25871,-3.06418,-0.0732069,0.0148909,0.821157,-0.565792
-6.329,-7.21988,-3.11207,-0.076351,0.0160394,0.822277,-0.563715
-6.31274,-7.13202,-3.15098,-0.0781184,0.0155576,0.825362,-0.558957
-6.24456,-7.10393,-3.16635,-0.0795915,0.018004,0.826439,-0.557082
-6.2091,-7.07998,-3.09086,-0.0763052,0.0185822,0.82793,-0.555306
-6.13023,-7.09952,-2.99946,-0.0723242,0.017299,0.827486,-0.55654
-6.00584,-7.14043,-2.94077,-0.0716901,0.0220431,0.826149,-0.558437
-5.90747,-7.12331,-2.96163,-0.0739151,0.0223266,0.825954,-0.558424
-5.75971,-7.12603,-3.04334,-0.0791735,0.0236406,0.824396,-0.559949
-5.63165,-7.12531,-3.09824,-0.0819621,0.021614,0.823005,-0.561674
-5.56704,-7.08299,-3.12965,-0.0823939,0.0153882,0.823411,-0.56122
-5.44676,-7.12533,-3.07029,-0.0795034,0.0135855,0.821464,-0.564527
-5.35121,-7.15707,-2.98167,-0.0752544,0.0116887,0.820317,-0.566815
-5.24699,-7.17276,-2.95495,-0.0755249,0.0135993,0.819746,-0.567563
-5.18912,-7.1443,-2.95464,-0.0761062,0.0131674,0.820988,-0.565697
-5.14822,-7.06424,-3.05961,-0.0816165,0.0113195,0.823459,-0.56136
-5.10877,-7.02767,-3.04815,-0.0826216,0.0164509,0.825823,-0.557602
-5.16194,-6.95282,-2.94178,-0.0754879,0.0128188,0.830097,-0.552337
-5.10403,-6.95779,-2.85341,-0.0716873,0.0145049,0.830659,-0.551956
-5.06687,-6.92773,-2.80326,-0.0695304,0.0135633,0.832031,-0.550188
-4.98212,-6.89922,-2.83535,-0.0733924,0.0161356,0.832498,-0.548908
-4.89986,-6.86223,-2.87124,-0.0766254,0.0168675,0.832953,-0.547753
-4.81031,-6.84239,-2.87595,-0.07732,0.0170816,0.832836,-0.547826
-4.76549,-6.7985,-2.86289,-0.0768661,0.0178402,0.834251,-0.545709
-4.81963,-6.68646,-2.83434,-0.0733231,0.0121782,0.838728,-0.539454
-4.8076,-6.63314,-2.78804,-0.0711127,0.0117698,0.840996,-0.536219
-4.82735,-6.55738,-2.73157,-0.0679427,0.00989879,0.844416,-0.53127
-4.78081,-6.50017,-2.76868,-0.0702409,0.00691299,0.845893,-0.528661
-4.68132,-6.51308,-2.73899,-0.070148,0.00986218,0.845502,-0.529253
-4.66285,-6.4051,-2.85815,-0.0756458,0.00421414,0.848557,-0.523651
-4.57339,-6.38735,-2.89728,-0.0805252,0.0105934,0.84933,-0.521576
-4.53235,-6.38036,-2.8187,-0.0748748,0.00791686,0.850115,-0.521187
-4.4124,-6.43367,-2.74356,-0.0711594,0.00849384,0.848092,-0.524979
